CASE_ID,ACCIDENT_YEAR,PROC_DATE,JURIS,COLLISION_DATE,COLLISION_TIME,OFFICER_ID,REPORTING_DISTRICT,DAY_OF_WEEK,CHP_SHIFT,POPULATION,CNTY_CITY_LOC,SPECIAL_COND,BEAT_TYPE,CHP_BEAT_TYPE,CITY_DIVISION_LAPD,CHP_BEAT_CLASS,BEAT_NUMBER,PRIMARY_RD,SECONDARY_RD,DISTANCE,DIRECTION,INTERSECTION,WEATHER_1,WEATHER_2,STATE_HWY_IND,CALTRANS_COUNTY,CALTRANS_DISTRICT,STATE_ROUTE,ROUTE_SUFFIX,POSTMILE_PREFIX,POSTMILE,LOCATION_TYPE,RAMP_INTERSECTION,SIDE_OF_HWY,TOW_AWAY,COLLISION_SEVERITY,NUMBER_KILLED,NUMBER_INJURED,PARTY_COUNT,PRIMARY_COLL_FACTOR,PCF_CODE_OF_VIOL,PCF_VIOL_CATEGORY,PCF_VIOLATION,PCF_VIOL_SUBSECTION,HIT_AND_RUN,TYPE_OF_COLLISION,MVIW,PED_ACTION,ROAD_SURFACE,ROAD_COND_1,ROAD_COND_2,LIGHTING,CONTROL_DEVICE,CHP_ROAD_TYPE,PEDESTRIAN_ACCIDENT,BICYCLE_ACCIDENT,MOTORCYCLE_ACCIDENT,TRUCK_ACCIDENT,NOT_PRIVATE_PROPERTY,ALCOHOL_INVOLVED,STWD_VEHTYPE_AT_FAULT,CHP_VEHTYPE_AT_FAULT,COUNT_SEVERE_INJ,COUNT_VISIBLE_INJ,COUNT_COMPLAINT_PAIN,COUNT_PED_KILLED,COUNT_PED_INJURED,COUNT_BICYCLIST_KILLED,COUNT_BICYCLIST_INJURED,COUNT_MC_KILLED,COUNT_MC_INJURED,PRIMARY_RAMP,SECONDARY_RAMP,LATITUDE,LONGITUDE,COUNTY,CITY,POINT_X,POINT_Y
6748013,2014,2016-06-29,9280,2014-11-27,1145,017874,,4,1,4,5704,0,1,1,,2,010,"RT 50","HARBOR BL",1320.00,E,N,A,-,Y,YOL,3,50,-,-,1.450,H,-,W,Y,2,0,4,3,A,-,03,22350,,N,C,C,A,A,H,-,A,D,1,,,,,Y,,A,01,1,0,3,0,0,0,0,0,0,"- ","- ",38.575000000000003,-121.54413,YOLO,"WEST SACRAMENTO",-121.54411521,38.575133469999997
6854026,2014,2015-03-20,5702,2014-11-09,1114,531,5702,7,5,2,5702,0,0,0,,0,00C,"RAILROAD AV","NIEMANN ST",0.00,,Y,A,-,N,,,,,,,,,,Y,1,1,0,2,A,-,08,22107,,N,D,C,A,A,H,-,A,D,0,,,,,Y,,-,,0,0,0,0,0,0,0,0,0,"- ","- ",,,YOLO,WINTERS,-121.97110995,38.530909979999997
91497846,2021,2021-06-15,9280,2021-06-03,1538,018316,,4,2,9,5700,0,1,1,,2,030,"I-5 N/B","COUNTY ROAD 12",5808.00,N,N,A,-,Y,,,5,,,,,,N,Y,2,0,1,1,A,-,01,23152,A,N,F,A,A,A,H,-,A,D,0,,,Y,,Y,Y,C,02,1,0,0,0,0,0,0,0,1,"- ","- ",38.823040008544922,-121.90808868408203,YOLO,UNINCORPORATED,-121.90803527832031,38.823093414306641
91838179,2022,2022-08-11,9280,2022-07-30,1125,017964,,6,1,9,5700,0,3,5,,2,003,"BLM ACCESS ROAD","COUNTY ROAD 40",650.00,W,N,A,-,N,,,,,,,,,,N,2,0,1,1,A,-,03,22350,,N,F,A,A,A,A,-,A,D,0,,,,,Y,,J,49,1,0,0,0,0,0,0,0,0,"- ","- ",38.884628295898438,-122.32514953613281,YOLO,UNINCORPORATED,,
9100493,2020,2020-06-12,5701,2020-02-17,1815,106,8,1,5,5,5701,0,0,0,,0,004,"BARONLY PL","VALDORA ST",64.00,E,N,A,-,N,,,,,,,,,,Y,2,0,1,3,A,-,03,22350,,N,H,G,A,A,H,-,C,D,0,,Y,,,Y,,A,01,1,0,0,0,0,0,1,0,0,"- ","- ",38.539379119873047,-121.72308349609375,YOLO,DAVIS,-121.72396087646484,38.538703918457031
90615899,2017,2017-12-12,9280,2017-12-11,0530,017772,,1,3,9,5700,0,1,1,,2,010,"OLD RIVER ROAD","COUNTY ROAD 128A",3168.00,N,N,E,-,N,,,,,,,,,,Y,2,0,1,1,A,-,08,22107,,N,E,I,A,A,H,-,D,D,0,,,,,Y,,A,01,1,0,0,0,0,0,0,0,0,"- ","- ",38.63682,-121.46489,YOLO,UNINCORPORATED,-121.56419423,38.63042446
90873051,2018,2018-12-03,9280,2018-11-21,0714,019621,,3,1,9,5700,0,3,5,,2,003,"COUNTY ROAD 31","COUNTY ROAD 90A",528.00,W,N,B,-,N,,,,,,,,,,Y,2,0,2,1,A,-,08,22107,,N,F,I,A,B,H,-,A,D,0,,,,,Y,,A,07,1,1,0,0,0,0,0,0,0,"- ","- ",38.561260223388672,-121.94537353515625,YOLO,UNINCORPORATED,-121.94534301757812,38.561866760253906
6940653,2015,2015-06-15,5702,2015-04-12,1754,533,D,7,5,2,5702,0,0,0,,0,00D,"VALLEY OAK DR","HAMPSHIRE CT",109.00,S,N,A,-,N,,,,,,,,,,Y,2,0,3,1,A,-,08,22107,,N,A,I,A,A,H,-,A,D,0,,,,,Y,Y,-,,3,0,0,0,0,0,0,0,0,"- ","- ",,,YOLO,WINTERS,-121.98938695,38.522146149999998
8662531,2018,2018-08-14,5701,2018-07-03,1610,105,7,2,5,5,5701,0,0,0,,0,003,"MACE BL","2ND ST",54.00,S,N,A,-,N,,,,,,,,,,N,2,0,1,2,A,-,11,21954,A,N,G,B,E,A,H,-,A,D,0,Y,,,,Y,,N,60,1,0,0,0,1,0,0,0,0,"- ","- ",38.556568145751953,-121.69419860839844,YOLO,DAVIS,-121.69415283203125,38.556411743164062
90458377,2017,2017-05-23,9280,2017-05-13,1008,018276,,6,1,4,5704,0,1,1,,2,010,"US-50 W/B","HARBOR BOULEVARD",1988.00,E,N,A,-,Y,,,50,,,,,,W,Y,2,0,4,3,A,-,03,22350,,N,C,C,A,A,H,-,A,D,0,,,,,Y,,A,01,1,0,3,0,0,0,0,0,0,"- ","- ",38.575060000000001,-121.54151,YOLO,"WEST SACRAMENTO",-121.54150962999999,38.575116489999999
91325920,2020,2020-10-19,9280,2020-10-11,0200,019478,,7,3,9,5700,0,1,1,,2,010,"I-80 WB","MACE BLVD",528.00,E,N,A,-,Y,,,80,,,,,,W,Y,2,0,2,2,A,-,07,21658,A,N,C,C,A,A,H,-,C,A,0,,,,,Y,,A,01,1,1,0,0,0,0,0,0,0,"- ","- ",38.553001403808594,-121.69342803955078,YOLO,UNINCORPORATED,-121.69342041015625,38.552970886230469
91914646,2022,2022-11-10,9280,2022-10-29,0030,021276,,6,3,4,5704,0,1,2,,2,011,"US-50 E/B","HARBOR BLVD",150.00,W,N,A,-,Y,YOL,,50,,,1.103,H,,R,Y,2,0,3,2,A,-,03,22350,,N,C,2,A,A,H,-,C,D,0,,,,,Y,Y,A,01,1,1,1,0,0,0,0,0,0,"- ","- ",38.574939727783203,-121.55052947998047,YOLO,"WEST SACRAMENTO",-121.55052947998047,38.574947357177734
94386444,2024,2024-09-09,9280,2024-09-06,"216 ",021510,,5,3,9,5700,0,2,4,,2,025,"COUNTY ROAD 98","COUNTY ROAD 29",167.00,N,N,A,-,N,,,,,,,,,,Y,2,0,1,1,A,-,08,22107,,N,E,I,A,A,H,-,D,D,0,,,,,Y,,A,01,1,0,0,0,0,0,0,0,0,"- ","- ",38.590408325195312,-121.80307006835938,YOLO,UNINCORPORATED,-121.80312347412109,38.590377807617188
8733390,2018,2018-11-07,5701,2018-10-19,0904,127,4,5,5,5,5701,0,0,0,,0,002,"F ST","6TH ST",0.00,,Y,A,-,N,,,,,,,,,,N,2,0,1,2,A,-,09,21802,A,N,H,G,A,A,H,-,A,D,0,,Y,,,Y,,L,04,1,0,0,0,0,0,1,0,0,"- ","- ",38.548599243164062,-121.74143218994141,YOLO,DAVIS,-121.74144744873047,38.548568725585938
9555090,2023,2023-03-27,5703,2023-02-27,"733 ",2856,33,1,5,4,5703,0,0,0,,0,004,"EAST GIBSON RD","RT 113",171.00,W,N,C,-,Y,YOL,3,113,-,R,9.191,R,3,N,Y,2,0,2,2,C,-,18,,,N,A,C,A,B,H,-,A,A,0,,,,,Y,,-,"- ",1,0,1,0,0,0,0,0,0,"- ",FR,38.662849426269531,-121.76566314697266,YOLO,WOODLAND,-121.75143432617188,38.662143707275391
91260646,2020,2020-06-30,9280,2020-03-26,1450,021265,,4,2,9,5700,0,1,1,,2,010,"I-80 W/B","WEBSTER UNDERCROSSING",1584.00,E,N,A,-,Y,,,80,,,,,,W,Y,2,0,3,3,A,-,02,22400,A,N,C,C,A,A,H,-,A,D,0,,,,,Y,Y,A,01,1,1,1,0,0,0,0,0,0,"- ","- ",38.564579010009766,-121.6326904296875,YOLO,UNINCORPORATED,-121.6326904296875,38.564582824707031
91387748,2021,2021-05-27,9280,2021-01-02,0015,015353,,6,3,9,5700,0,1,3,,2,022,"SR-113 N/B",CR-29,2957.00,N,N,C,-,Y,,,113,,,,,,N,Y,2,0,1,1,A,-,01,23152,A,N,F,I,A,B,H,-,D,D,0,,,,,Y,Y,A,07,1,0,0,0,0,0,0,0,0,"- ","- ",38.598499298095703,-121.76686096191406,YOLO,UNINCORPORATED,-121.76699066162109,38.598503112792969
7067438,2015,2015-09-23,5701,2015-08-12,2309,116,3,3,5,5,5701,0,0,0,,0,001,"SYCAMORE LN","CASSEL LN",300.00,S,N,A,-,N,,,,,,,,,,Y,2,0,1,1,A,-,03,22350,,N,E,I,A,A,H,-,D,D,0,,,,,Y,,A,01,1,0,0,0,0,0,0,0,0,"- ","- ",,,YOLO,DAVIS,-121.76714581,38.567999120000003
8416233,2017,2017-08-15,5704,2017-07-14,0847,00166,,5,5,4,5704,0,0,0,,0,002,"JEFFERSON BL","PARK BL",0.00,,Y,A,-,N,,,,,,,,,,Y,2,0,5,2,A,-,12,21453,A,N,D,C,A,A,H,-,A,A,0,,,,,Y,,A,01,1,3,1,0,0,0,0,0,0,"- ","- ",,,YOLO,"WEST SACRAMENTO",-121.52483999,38.576239999999999
9444598,2022,2022-06-13,5702,2022-05-16,0309,546,5702,1,5,2,5702,0,0,0,,0,00D,"VALLEY OAK DR","COLUMBIA DR",0.00,,-,A,-,N,,,,,,,,,,Y,2,0,1,6,A,-,01,23152,A,M,C,E,A,A,H,-,C,D,0,,,,,Y,Y,D,22,1,0,0,0,0,0,0,0,0,"- ","- ",,,YOLO,WINTERS,-121.98983001708984,38.523025512695312
91229879,2020,2020-04-27,9280,2020-04-18,1440,019377,,6,2,5,5701,0,1,1,,2,010,"I-80 W/B","POLE LINE RD",1030.00,E,N,A,-,Y,,,80,,,,,,W,Y,2,0,1,2,A,-,03,22350,,N,C,C,A,A,H,-,A,D,0,,,Y,,Y,,C,02,1,0,0,0,0,0,0,0,1,"- ","- ",38.546730041503906,-121.72254943847656,YOLO,DAVIS,-121.72254943847656,38.546710968017578
91489866,2021,2021-06-04,9280,2021-05-27,1850,017874,,4,2,9,5700,0,1,3,,1,024,"STATE ROUTE 16","COUNTY ROAD 22",1161.00,E,N,A,-,Y,,,16,,,,,,,Y,2,0,2,1,A,-,08,22107,,N,E,8,A,A,H,-,A,D,0,,,,,Y,,A,01,2,0,0,0,0,0,0,0,0,"- ","- ",38.677970886230469,-121.84902191162109,YOLO,UNINCORPORATED,-121.84902191162109,38.677909851074219
9320633,2022,2022-04-26,5704,2022-02-04,1959,00165,,5,5,4,5704,0,0,0,,0,001,"RIVERSIDE PKWY","EMBARCADERO DR",227.00,W,N,A,-,N,,,,,,,,,,Y,1,1,0,1,A,-,01,23152,A,N,E,I,A,A,H,-,C,D,0,,,,,Y,Y,A,01,0,0,0,0,0,0,0,0,0,"- ","- ",38.585678100585938,-121.56353759765625,YOLO,"WEST SACRAMENTO",-121.56515502929688,38.5902099609375
91376637,2020,2021-05-27,9280,2020-12-19,1630,019377,,6,2,9,5700,0,3,5,,2,003,"COUNTY ROAD 20","COUNTY ROAD 94B",2166.00,W,N,A,-,N,,,,,,,,,,Y,2,0,2,1,A,-,08,22107,,N,F,A,A,A,H,-,B,D,0,,,,,Y,,D,22,1,1,0,0,0,0,0,0,0,"- ","- ",38.691028594970703,-121.87156677246094,YOLO,UNINCORPORATED,-121.87190246582031,38.691013336181641
91499331,2021,2021-06-21,9280,2021-04-29,0055,015353,,4,3,9,5700,0,1,1,,2,020,"INTERSTATE 5 N/B","COUNTY ROAD 96",329.00,N,N,A,-,Y,,,5,,,,,,N,Y,1,1,0,1,A,-,08,22107,,N,F,A,A,A,H,-,D,D,0,,,,,Y,,A,07,0,0,0,0,0,0,0,0,0,"- ","- ",38.757598876953125,-121.84120178222656,YOLO,UNINCORPORATED,-121.84107971191406,38.757705688476562
91704540,2022,2022-02-18,9280,2022-02-11,2030,018157,,5,2,4,5704,0,1,1,,2,010,"I-80 E/B","REED AVE",1056.00,W,N,A,-,Y,YOL,,80,,R,11.189,H,,R,Y,2,0,1,2,A,-,07,21658,A,N,B,C,A,A,D,-,D,D,0,,,,,Y,,A,01,1,0,0,0,0,0,0,0,0,"- ","- ",38.591461181640625,-121.55229949951172,YOLO,"WEST SACRAMENTO",-121.55234527587891,38.591476440429688
8959540,2019,2019-10-31,5704,2019-09-30,2212,06092,,1,5,4,5704,0,0,0,,0,001,"KEGLE DR","CUMMINS WY",0.00,,Y,A,-,N,,,,,,,,,,Y,2,0,1,2,A,-,12,22450,A,N,D,C,A,A,H,-,D,D,0,,,Y,,Y,Y,C,02,1,0,0,0,0,0,0,0,1,"- ","- ",38.594291687011719,-121.52615356445312,YOLO,"WEST SACRAMENTO",-121.52617645263672,38.594249725341797
9491441,2022,2022-09-13,5704,2022-08-20,2028,06653,5704,6,5,4,5704,0,0,0,,0,003,"VILLAGE PKWY","DAVIS RD",200.00,N,N,A,-,N,,,,,,,,,,Y,2,0,2,1,A,-,05,21650,,N,F,A,A,A,H,-,D,D,0,,,Y,,Y,,C,02,2,0,0,0,0,0,0,0,2,"- ","- ",38.538898468017578,-121.53447723388672,YOLO,"WEST SACRAMENTO",-121.53447723388672,38.5294189453125
90586935,2017,2017-11-03,9280,2017-10-18,2225,016214,,3,3,9,5700,0,1,1,,2,030,"I-5 S/B",I-505,1069.00,S,N,A,-,Y,,,5,,,,,,S,Y,2,0,1,1,A,-,08,22107,,N,F,I,A,A,H,-,D,D,0,,,,,Y,,A,07,1,0,0,0,0,0,0,0,0,"- ","- ",38.84534,-121.93752000000001,YOLO,UNINCORPORATED,-121.93747202,38.845389699999998
90993279,2019,2019-05-21,9280,2019-05-14,0805,019986,,2,1,9,5700,0,3,5,,2,003,"COUNTY ROAD 13","COUNTY ROAD 92B",849.00,E,N,A,-,N,,,,,,,,,,Y,2,0,1,1,A,-,08,22107,,N,F,A,A,A,H,-,A,D,0,,,,,Y,,D,22,1,0,0,0,0,0,0,0,0,"- ","- ",38.794258117675781,-121.89853668212891,YOLO,UNINCORPORATED,-121.8929443359375,38.794334411621094
91568744,2021,2021-12-28,9280,2021-07-30,2318,019720,,5,3,4,5704,0,1,1,,2,010,"I-80 E/B","REED AVENUE UNDERCROSSING",1664.00,W,N,A,-,Y,,,80,,,,,,E,Y,2,0,3,6,A,-,01,23153,F,N,C,C,A,A,D,-,C,D,0,,,,,Y,,E,22,1,1,1,0,0,0,0,0,0,"- ","- ",38.585700988769531,-121.55634307861328,YOLO,"WEST SACRAMENTO",-121.55628204345703,38.585659027099609
92046356,2023,2023-04-17,9280,2023-04-10,2330,022326,,1,3,4,5703,0,1,1,,2,020,"I-5 S/B","E. MAIN STREET UNDERCROSSING",1980.00,S,N,A,-,Y,YOL,,5," "," ",6.173,H,,L,N,2,0,1,1,A,-,08,22107,,N,E,I,A,A,H,-,D,D,0,,,,,Y,,A,07,1,0,0,0,0,0,0,0,0,"- ","- ",38.674079895019531,-121.74051666259766,YOLO,WOODLAND,-121.74049377441406,38.67413330078125
9241617,2021,2021-04-14,5703,2021-02-26,1618,2070,J17B,5,5,4,5703,0,0,0,,0,002,"COUNTY ROAD 98","W BEAMER ST",0.00,,Y,A,-,,,,,,,,,,,Y,2,0,2,2,A,-,05,21650,,N,A,C,A,A,H,-,A,D,0,,,,,Y,,A,01,1,0,1,0,0,0,0,0,0,"- ","- ",38.684921264648438,-121.80243682861328,YOLO,WOODLAND,-121.80252075195312,38.684906005859375
84734195,2025,2025-06-23,5703,2025-06-08,2033,2862,,7,5,4,5703,0,0,0,,0,004,"E MAIN ST  HWY 113 SB ON","HWY 113",0.00,,Y,A,-,N,,,,,,,,,,Y,2,0,1,2,A,-,12,21453,A,N,D,C,A,A,H,-,C,A,0,,,,,Y,Y,A,01,1,0,0,0,0,0,0,0,0,"- ","- ",38.669300079345703,-121.7513427734375,YOLO,WOODLAND,-121.75117492675781,38.677284240722656
90807384,2018,2019-02-01,9280,2018-08-07,1820,020830,,2,2,9,5700,0,2,4,,2,025,"COUNTY ROAD 98","COUNTY ROAD 29",49.00,S,N,A,-,N,,,,,,,,,,Y,2,0,3,3,A,-,03,22350,,N,C,C,A,A,H,-,A,A,0,,,,,Y,,A,07,1,2,0,0,0,0,0,0,0,"- ","- ",38.589748382568359,-121.80309295654297,YOLO,UNINCORPORATED,-121.80312347412109,38.589786529541016
90966539,2019,2019-04-12,9280,2019-04-07,0405,016214,,7,3,9,5700,0,1,1,,2,020,"I-5 SB","RT 16",2640.00,S,N,A,-,Y,,,5,,,,,,S,Y,2,0,1,1,A,-,01,23152,A,N,E,I,A,A,H,-,D,D,0,,,,,Y,Y,A,01,1,0,0,0,0,0,0,0,0,"- ","- ",38.712371826171875,-121.79405212402344,YOLO,UNINCORPORATED,-121.79401397705078,38.712406158447266
6425103,2014,2014-06-25,5704,2014-02-22,1655,00174,,6,5,4,5704,0,0,0,,0,001,"SUNSET AV","SACRAMENTO AV",0.00,,Y,A,-,N,,,,,,,,,,N,2,0,2,2,A,-,09,21802,A,N,D,C,A,A,H,-,A,A,0,,,Y,,Y,,C,02,1,1,0,0,0,0,0,0,2,"- ","- ",,,YOLO,"WEST SACRAMENTO",-121.54210987,38.591259880000003
6691007,2014,2014-12-03,5703,2014-10-14,1400,2863,82,2,5,4,5703,0,0,0,,0,002,"PORTER ST","ASHLEY AV",172.00,W,N,A,-,N,,,,,,,,,,N,2,0,1,2,A,-,11,21954,A,N,G,B,D,A,H,-,A,D,0,Y,,,,Y,,N,60,1,0,0,0,1,0,0,0,0,"- ","- ",,,YOLO,WOODLAND,-121.79846259999999,38.681586619999997
7190218,2016,2018-09-26,5704,2016-06-01,2014,00158,,3,5,4,5704,0,0,0,,0,001,"WEST CAPITOL AV","WALNUT AV",0.00,,Y,A,-,N,,,,,,,,,,Y,1,1,0,2,A,-,10,21950,A,F,G,B,B,A,-,-,C,D,0,Y,,,,Y,,A,01,0,0,0,1,0,0,0,0,0,"- ","- ",,,YOLO,"WEST SACRAMENTO",-121.54070996,38.579769900000002
8648100,2018,2018-09-24,5703,2018-03-23,0530,2891,84,5,5,4,5703,0,0,0,,0,002,"COUNTY ROAD 98","W BEAMER ST",295.00,N,N,A,-,Y,YOL,3,16,-,R,41.110,H,-,E,N,1,1,0,2,D,-,00,,,F,G,B,E,A,H,-,D,D,0,Y,,,,Y,,-,"- ",0,0,0,1,0,0,0,0,0,"- ","- ",38.684921264648438,-121.80243682861328,YOLO,WOODLAND,-121.80249786376953,38.684638977050781
90283811,2016,2016-10-04,9280,2016-10-02,2110,017772,,7,2,9,5700,0,1,3,,2,034,SR-16,CR-85B,0.00,,Y,A,-,Y,,,16,,,,,,,Y,2,0,5,2,A,-,09,21802,A,N,D,C,A,A,H,-,D,A,0,,,,,Y,,A,01,1,1,3,0,0,0,0,0,0,"- ","- ",38.704729999999998,-122.03594,YOLO,UNINCORPORATED,-122.03595262,38.704719730000001
90343648,2016,2017-10-10,9280,2016-12-08,1730,012272,,4,2,9,5700,0,1,3,,1,024,"SR-16 (37000 BLK)","COUNTY ROAD 97",0.00,,Y,B,-,Y,,,16,,,,,,,Y,2,0,1,2,A,-,09,21801,A,N,D,C,A,B,H,-,C,D,0,,,Y,,Y,,D,22,1,0,0,0,0,0,0,0,1,"- ","- ",38.677700000000002,-121.82089999999999,YOLO,UNINCORPORATED,-121.82089996000001,38.67778182
8862639,2019,2019-06-04,5701,2019-05-09,1545,229,1,4,5,5,5701,0,0,0,,0,001,"IMPERIAL AV","BARKLEY ST",0.00,,N,A,-,N,,,,,,,,,,N,2,0,1,2,A,-,09,21800,B,N,D,G,A,A,-,-,A,D,0,,Y,,,Y,,A,01,1,0,0,0,0,0,1,0,0,"- ","- ",38.553520202636719,-121.77385711669922,YOLO,DAVIS,-121.77384185791016,38.553520202636719
90740420,2018,2018-06-04,9280,2018-06-02,1436,018866,,6,2,4,5704,0,1,1,,2,010,"I-80 W/B","ENTERPRISE BLVD",5280.00,W,N,A,-,Y,,,,,,,,,,Y,2,0,6,3,A,-,03,22350,,N,C,C,A,A,H,-,A,D,0,,,,,Y,,A,08,2,2,2,0,0,0,0,0,0,"- ","- ",38.571468353271484,-121.59442901611328,YOLO,"WEST SACRAMENTO",-121.5953369140625,38.571254730224609
91029093,2019,2019-10-14,9280,2019-03-23,2019,016245,,6,2,9,5700,0,2,4,,2,025,"COUNTY ROAD 98","HARLAN LANE",321.00,N,N,A,-,N,,,,,,,,,,Y,1,1,4,2,A,-,01,23152,A,N,A,C,A,A,H,-,D,D,0,,,,,Y,Y,D,22,1,3,0,0,0,0,0,0,0,"- ","- ",38.633831024169922,-121.80281829833984,YOLO,UNINCORPORATED,-121.80271911621094,38.634971618652344
92247178,2023,2023-11-29,9280,2023-11-24,1340,017983,,5,1,9,5700,0,1,3,,2,032,SR-128,"PLEASANTS VALLEY RD",19008.00,W,N,A,-,Y,YOL,,128," "," ",1.002,H,,R,Y,2,0,1,1,A,-,08,22107,,N,F,A,A,A,H,-,A,D,0,,,Y,,Y,,C,02,1,0,0,0,0,0,0,0,1,"- ","- ",38.515110015869141,-122.07952117919922,YOLO,UNINCORPORATED,-122.07953643798828,38.515079498291016
94625723,2025,2025-03-25,9280,2025-03-12,"348 ",024073,,3,3,9,5700,0,1,3,,2,013,"RT 84","CLARKSBURG RD",50.00,S,N,A,-,Y,YOL,,84," "," ",9.493,H,,R,Y,2,0,1,1,A,-,08,22107,,N,E,8,A,A,H,-,D,D,0,,,,,Y,,A,01,1,0,0,0,0,0,0,0,0,"- ","- ",38.413921356201172,-121.58277893066406,YOLO,UNINCORPORATED,-121.58284759521484,38.413917541503906
7170204,2015,2016-02-03,5701,2015-01-13,1613,11,4,2,5,5,5701,0,0,0,,0,002,"3RD ST","D ST",0.00,,Y,A,-,N,,,,,,,,,,N,2,0,1,2,A,-,08,22107,,N,H,G,A,A,H,-,A,A,0,,Y,,,Y,,A,01,1,0,0,0,0,0,1,0,0,"- ","- ",38.544339999999998,-121.74252,YOLO,DAVIS,-121.74249992,38.544339899999997
9206436,2020,2021-02-17,5701,2020-12-09,1910,234,2,3,5,5,5701,0,0,0,,0,001,"WEST COVELL BL","ANDERSON RD",402.00,E,N,A,-,N,,,,,,,,,,N,2,0,1,2,A,-,09,21801,A,N,D,C,A,-,H,-,C,D,0,,,Y,,Y,,A,01,1,0,0,0,0,0,0,0,1,"- ","- ",38.560871124267578,-121.75856781005859,YOLO,DAVIS,-121.75711059570312,38.560882568359375
84378057,2024,2024-09-02,5703,2024-08-20,"140 ",2171,,2,5,4,5703,0,0,0,,0,001,"EAST MAIN ST","DOUGLAS LN",1161.00,W,N,A,-,N,,,,,,,,,,N,2,0,1,2,D,-,00,,,F,H,C,A,A,H,-,C,D,0,,,,,Y,,-,"- ",1,0,0,0,0,0,0,0,0,"- ","- ",38.677310943603516,-121.73092651367188,YOLO,WOODLAND,-121.73500823974609,38.677150726318359
91134491,2019,2019-12-03,9280,2019-11-24,2209,019094,,7,3,9,5700,0,1,1,,2,010,"I-80 W/B","W. CAPITOL AVE.",10507.00,W,N,A,-,Y,,,80,,,,,,W,Y,2,0,5,3,A,-,01,23152,A,N,B,C,A,A,H,-,D,D,0,,,,,Y,Y,A,01,1,1,3,0,0,0,0,0,0,"- ","- ",38.568088531494141,-121.61348724365234,YOLO,UNINCORPORATED,-121.61347961425781,38.568023681640625
91486723,2021,2021-06-01,9280,2021-05-20,1345,017874,,4,1,9,5700,0,3,5,,2,003,"COUNTY ROAD 29","COUNTY ROAD 89",4277.00,W,N,A,-,N,,,,,,,,,,Y,2,0,1,1,A,-,01,23152,F,N,F,A,A,A,H,-,A,D,0,,,,,Y,,A,07,1,0,0,0,0,0,0,0,0,"- ","- ",38.591518402099609,-121.98674011230469,YOLO,UNINCORPORATED,-121.98637390136719,38.591499328613281
90976986,2019,2019-04-26,9280,2019-04-20,2136,018866,,6,2,9,5700,0,1,3,,1,024,"SR-16 E/B","COUNTY ROAD 95",17.00,E,N,A,-,Y,,,16,,,,,,E,Y,2,0,3,2,A,-,05,21650,,N,A,C,A,A,H,-,C,D,0,,,,,Y,,A,01,1,0,2,0,0,0,0,0,0,"- ","- ",38.676071166992188,-121.8580322265625,YOLO,UNINCORPORATED,-121.85803985595703,38.67608642578125
92384012,2024,2024-05-07,9280,2024-04-26,1305,023616,,5,1,9,5700,0,1,1,,2,031,"I-505 S/B","COUNTY ROAD 19",1056.00,S,N,A,-,Y,YOL,,505," "," ",13.194,H,,L,Y,2,0,2,2,A,-,08,22107,,N,D,C,A,A,H,-,A,D,0,,,,Y,Y,,F,26,1,1,0,0,0,0,0,0,0,"- ","- ",38.716529846191406,-121.95864868164062,YOLO,UNINCORPORATED,-121.95865631103516,38.716529846191406
94765564,2025,2025-07-16,9280,2025-06-24,1138,021248,,2,1,4,5704,0,1,1,,2,010,"I-80 W/B","REED AVE",800.00,W,N,A,-,Y,,,,,,,,,,N,2,0,4,1,A,-,08,22107,,N,E,I,A,A,H,-,A,D,0,,,,,Y,,A,07,1,3,0,0,0,0,0,0,0,"- ","- ",38.589630126953125,-121.55445861816406,YOLO,"WEST SACRAMENTO",-121.5537109375,38.589992523193359
90054577,2015,2015-11-19,9280,2015-11-02,1203,017763,,1,1,9,5700,0,1,1,,2,010,"I-80 E/B","MACE BLVD.",6864.00,E,N,B,-,Y,,,80,,,,,,E,Y,2,0,1,1,A,-,08,22107,,N,E,J,A,B,H,-,A,D,0,,,,,Y,,A,01,1,0,0,0,0,0,0,0,0,"- ","- ",38.558250000000001,-121.67005,YOLO,UNINCORPORATED,-121.67007387,38.558360780000001
90765714,2018,2018-07-09,9280,2018-06-01,2025,013837,,5,2,9,5700,0,3,5,,2,003,"COUNTY ROAD 25","COUNTY ROAD 87",503.00,W,N,A,-,N,,,,,,,,,,N,2,0,2,1,A,-,08,22107,,N,E,I,A,A,H,-,B,D,0,,,Y,,Y,,C,06,1,1,0,0,0,0,0,0,2,"- ","- ",38.649631500244141,-122.01020812988281,YOLO,UNINCORPORATED,-122.01013946533203,38.649559020996094
90867206,2018,2018-11-26,9280,2018-11-01,1416,016929,,4,2,9,5700,0,3,5,,2,001,"OLD RIVER ROAD","COUNTY ROAD 124",11616.00,S,N,A,-,N,,,,,,,,,,Y,2,0,1,1,A,-,08,22107,,N,E,I,A,A,H,-,A,D,0,,,,,Y,,A,01,1,0,0,0,0,0,0,0,0,"- ","- ",38.643478393554688,-121.58336639404297,YOLO,UNINCORPORATED,-121.58493041992188,38.642780303955078