CASE_ID,ACCIDENT_YEAR,PROC_DATE,JURIS,COLLISION_DATE,COLLISION_TIME,OFFICER_ID,REPORTING_DISTRICT,DAY_OF_WEEK,CHP_SHIFT,POPULATION,CNTY_CITY_LOC,SPECIAL_COND,BEAT_TYPE,CHP_BEAT_TYPE,CITY_DIVISION_LAPD,CHP_BEAT_CLASS,BEAT_NUMBER,PRIMARY_RD,SECONDARY_RD,DISTANCE,DIRECTION,INTERSECTION,WEATHER_1,WEATHER_2,STATE_HWY_IND,CALTRANS_COUNTY,CALTRANS_DISTRICT,STATE_ROUTE,ROUTE_SUFFIX,POSTMILE_PREFIX,POSTMILE,LOCATION_TYPE,RAMP_INTERSECTION,SIDE_OF_HWY,TOW_AWAY,COLLISION_SEVERITY,NUMBER_KILLED,NUMBER_INJURED,PARTY_COUNT,PRIMARY_COLL_FACTOR,PCF_CODE_OF_VIOL,PCF_VIOL_CATEGORY,PCF_VIOLATION,PCF_VIOL_SUBSECTION,HIT_AND_RUN,TYPE_OF_COLLISION,MVIW,PED_ACTION,ROAD_SURFACE,ROAD_COND_1,ROAD_COND_2,LIGHTING,CONTROL_DEVICE,CHP_ROAD_TYPE,PEDESTRIAN_ACCIDENT,BICYCLE_ACCIDENT,MOTORCYCLE_ACCIDENT,TRUCK_ACCIDENT,NOT_PRIVATE_PROPERTY,ALCOHOL_INVOLVED,STWD_VEHTYPE_AT_FAULT,CHP_VEHTYPE_AT_FAULT,COUNT_SEVERE_INJ,COUNT_VISIBLE_INJ,COUNT_COMPLAINT_PAIN,COUNT_PED_KILLED,COUNT_PED_INJURED,COUNT_BICYCLIST_KILLED,COUNT_BICYCLIST_INJURED,COUNT_MC_KILLED,COUNT_MC_INJURED,PRIMARY_RAMP,SECONDARY_RAMP,LATITUDE,LONGITUDE,COUNTY,CITY,POINT_X,POINT_Y
92241071,2023,2023-11-20,9280,2023-11-09,1838,018316,,4,2,9,5700,0,1,1,,2,010,"I-80 E/B","EAST CHILES RD.",7550.00,W,N,A,-,Y,YOL,,80," "," ",4.373,H,,R,Y,2,0,2,3,A,-,03,22350,,N,C,C,A,A,D,E,C,D,0,,,Y,,Y,,C,02,1,1,0,0,0,0,0,0,2,"- ","- ",38.559169769287109,-121.66432189941406,YOLO,UNINCORPORATED,-121.66432952880859,38.559196472167969
94360826,2024,2024-08-26,9280,2024-07-05,2135,022326,,5,2,4,5704,0,1,2,,2,011,"US-50 W/B","SYCAMORE TRAIL PEDESTIAN OVERCROSSING",450.00,E,N,A,-,Y,,,,,,,,,,N,1,1,0,3,A,-,11,21954,A,F,G,B,E,A,D,-,D,A,0,Y,,,,Y,,N,60,0,0,0,1,0,0,0,0,0,"- ","- ",35.575321197509766,-121.53531646728516,YOLO,"WEST SACRAMENTO",-121.53662109375,38.575366973876953
7200189,2017,2017-06-14,5703,2017-04-22,2011,2858,42,6,5,4,5703,0,0,0,,0,002,"WEST ST","ELLIOTT ST",122.00,N,N,A,-,N,,,,,,,,,,N,1,1,0,2,A,-,11,21954,A,N,G,B,D,A,H,-,C,D,0,Y,,,,Y,,N,60,0,0,0,1,0,0,0,0,0,"- ","- ",38.681170000000002,-121.78404,YOLO,WOODLAND,-121.78401107000001,38.681464990000002
9564081,2023,2023-04-20,5701,2023-03-28,"800 ",245,1,2,5,5,5701,0,0,0,,0,001,"RUSSELL BL","LAKE BL",0.00,,Y,C,-,N,,,,,,,,,,N,2,0,1,2,A,-,12,22450,A,N,H,G,A,B,H,-,A,D,0,,Y,,,Y,,A,01,1,0,0,0,0,0,1,0,0,"- ","- ",38.548809051513672,-121.79016876220703,YOLO,DAVIS,-121.7894287109375,38.546710968017578
9623590,2023,2024-02-01,5703,2023-11-02,1904,2632,72,4,5,4,5703,0,0,0,,0,003,"W MAIN ST","COTTONWOOD ST",0.00,,Y,A,-,N,,,,,,,,,,N,2,0,1,2,A,-,12,21453,A,N,D,G,A,A,H,-,C,A,0,,Y,,,Y,,L,04,1,0,0,0,0,0,1,0,0,"- ","- ",38.677631378173828,-121.79325103759766,YOLO,WOODLAND,-121.79325103759766,38.677589416503906
91034243,2018,2019-07-19,9280,2018-12-26,1416,016144,,3,2,9,5700,0,1,1,,2,010,"I-80 W/B","MACE BLVD",3696.00,E,N,A,-,Y,,,80,,,,,,W,Y,1,1,0,1,A,-,08,22107,,N,E,I,A,A,H,-,A,D,0,,,,,Y,,A,08,0,0,0,0,0,0,0,0,0,"- ","- ",38.556129455566406,-121.68151092529297,YOLO,UNINCORPORATED,-121.68148803710938,38.556041717529297
91070636,2019,2019-09-09,9280,2019-08-31,0730,015437,,6,1,9,5700,0,3,5,,2,003,"COUNTY ROAD 86A","COUNTY ROAD 25",1404.00,N,N,A,-,N,,,,,,,,,,Y,2,0,1,1,A,-,08,22107,,N,E,I,A,A,H,-,A,D,0,,,,,Y,Y,A,01,1,0,0,0,0,0,0,0,0,"- ","- ",38.017379760742188,-122.01737976074219,YOLO,UNINCORPORATED,-122.01750946044922,38.653366088867188
91169615,2020,2020-01-21,9280,2020-01-09,1222,015534,,4,1,4,5704,0,1,2,,2,011,"US-50 E/B TO HARBOR BLVD","HARBOR BLVD",150.00,W,N,B,-,Y,,,50,,,,R,,E,Y,2,0,1,1,A,-,03,22350,,N,E,I,A,B,H,-,A,D,0,,,,,Y,,D,22,1,0,0,0,0,0,0,0,0,"- ","- ",38.574699401855469,-121.54940795898438,YOLO,"WEST SACRAMENTO",-121.54940795898438,38.574699401855469
8721645,2018,2018-11-05,5703,2018-10-08,1507,2858,14,1,5,4,5703,0,0,0,,0,003,"BUENA TIERRA DR","WESTWOOD WY",134.00,E,N,A,-,N,,,,,,,,,,N,2,0,1,2,A,-,05,21650,A,N,A,C,A,A,H,-,A,D,0,,,,,Y,,A,01,1,0,0,0,0,0,0,0,0,"- ","- ",38.663669586181641,-121.77158355712891,YOLO,WOODLAND,-121.77111053466797,38.663692474365234
9871536,2025,2025-08-05,5701,2025-06-25,2245,38,8,3,5,5,5701,0,0,0,,0,004,"OLIVE DR","RICHARDS BL",0.00,,Y,A,-,N,,,,,,,,,,N,2,0,1,2,A,-,09,21801,A,N,H,G,A,A,H,-,C,A,0,,Y,,,Y,,A,01,1,0,0,0,0,0,1,0,0,"- ","- ",38.540809631347656,-121.73863220214844,YOLO,DAVIS,-121.73858642578125,38.540809631347656
90249933,2016,2016-08-22,9280,2016-08-13,1600,016351,,6,2,9,5700,0,2,4,,2,025,"COUNTY ROAD 98","BEAMER STREET",0.00,,Y,A,-,N,,,,,,,,,,Y,2,0,1,1,A,-,01,23152,A,N,E,I,A,A,H,-,A,D,0,,,,,Y,Y,D,22,1,0,0,0,0,0,0,0,0,"- ","- ",38.684950000000001,-121.02454,YOLO,UNINCORPORATED,-121.80251987,38.684909959999999
90534757,2017,2017-08-30,9280,2017-08-16,2050,019094,,3,2,9,5700,0,1,1,,2,020,"I-5 S/B","COUNTY RD. 22 U/C",7392.00,N,N,A,-,Y,,,5,,,,,,S,Y,2,0,5,3,A,-,03,22350,,N,C,C,A,A,D,-,D,D,0,,,,,Y,,J,48,1,2,2,0,0,0,0,0,0,"- ","- ",38.673299999999998,-121.6553,YOLO,UNINCORPORATED,-121.65529998,38.673304119999997
90660411,2018,2018-02-13,9280,2018-02-05,0859,018866,,1,1,9,5700,0,1,1,,2,020,"I-5 N/B FROM OLD RIVER ROAD N/B","COUNTY ROAD 22",43.00,W,N,E,-,Y,,,,,,,,,,Y,2,0,1,1,A,-,03,22350,,N,E,I,A,B,H,-,A,D,0,,,,,Y,,A,01,1,0,0,0,0,0,0,0,0,"- ","- ",38.676460266113281,-121.63780212402344,YOLO,UNINCORPORATED,,
91923651,2022,2022-11-21,9365,2022-11-16,2200,018712,,3,3,5,5701,0,1,1,,2,089,"I-80 E/B","RICHARDS BLVD",1280.00,W,N,A,-,Y,SOL,,80,,R,44.682,H,,R,Y,2,0,1,1,A,-,08,22107,,N,E,8,A,A,H,-,D,D,0,,,,,Y,,D,22,1,0,0,0,0,0,0,0,0,"- ","- ",38.537101745605469,-121.73877716064453,YOLO,DAVIS,-121.7388916015625,38.537181854248047
92065255,2023,2023-05-09,9280,2023-04-29,1715,018941,,6,2,9,5700,0,1,1,,2,020,"I-5 S/B",CR-103,5280.00,S,N,A,-,Y,YOL,,5," "," ",3.641,H,,L,N,2,0,1,1,A,-,08,22107,,N,F,A,A,A,H,-,A,D,0,,,Y,,Y,,C,02,1,0,0,0,0,0,0,0,1,"- ","- ",38.673530578613281,-121.69365692138672,YOLO,UNINCORPORATED,-121.69365692138672,38.673500061035156
8939317,2019,2021-05-20,5704,2019-07-06,2051,6018,,6,5,4,5704,0,0,0,,0,002,"JEFFERSON BL","STONE BL",55.00,S,N,A,-,N,,,,,,,,,,Y,1,1,0,2,A,-,11,21950,B,N,G,B,D,A,H,-,C,A,0,Y,,,,Y,,N,60,0,0,0,1,0,0,0,0,0,"- ","- ",38.5631103515625,-121.52770233154297,YOLO,"WEST SACRAMENTO",-121.52792358398438,38.562934875488281
90720877,2018,2018-05-07,9280,2018-04-23,1020,017772,,1,1,9,5700,0,1,1,,2,010,"I-80 W/B","ENTERPRISE BLVD U/C",5280.00,W,N,A,-,Y,,,80,,,,,,W,Y,2,0,2,3,A,-,03,22350,,N,C,C,A,A,H,-,A,D,0,,,Y,,Y,,C,02,1,1,0,0,0,0,0,0,2,"- ","- ",38.570201873779297,-121.60224914550781,YOLO,UNINCORPORATED,-121.60221862792969,38.570034027099609
91048124,2019,2020-02-21,9280,2019-08-04,0955,018874,,7,1,9,5700,0,1,1,,2,020,"I-5 N/B","OLD RIVER RD",1056.00,N,N,A,-,Y,,,5,,,,,,N,Y,1,1,0,2,A,-,03,22350,,N,C,C,A,A,H,-,A,D,0,,,,,Y,,A,01,0,0,0,0,0,0,0,0,0,"- ","- ",38.67340087890625,-121.63326263427734,YOLO,UNINCORPORATED,-121.63326263427734,38.673439025878906
91401802,2021,2021-05-27,9280,2021-01-29,1800,019478,,5,2,9,5700,0,1,1,,2,010,"I-80 WB","COUNTY ROAD 32A",5280.00,E,N,B,-,Y,,,80,,,,,,W,Y,2,0,3,2,A,-,03,22350,,N,C,C,A,A,H,-,D,A,0,,,,,Y,,D,22,1,2,0,0,0,0,0,0,0,"- ","- ",38.566158294677734,-121.62348937988281,YOLO,UNINCORPORATED,-121.62350463867188,38.566226959228516
94676621,2025,2025-05-06,9280,2025-04-26,2120,021510,,6,2,9,5700,0,1,3,,2,034,"STATE ROUTE 16","COUNTY ROAD 88B",900.00,E,N,B,F,Y,YOL,,16," "," ",30.247,H,,R,Y,2,0,3,4,A,-,01,23152,A,N,B,C,A,B,H,-,D,D,0,,,,,Y,Y,A,01,3,0,0,0,0,0,0,0,0,"- ","- ",38.683841705322266,-121.98161315917969,YOLO,UNINCORPORATED,-121.98161315917969,38.683830261230469
9039048,2020,2020-03-03,5701,2020-01-08,1059,231,7,3,5,5,5701,0,0,0,,0,003,"5TH ST","CANTRILL DR",70.00,W,N,B,-,N,,,,,,,,,,N,2,0,1,2,A,-,09,21804,A,N,H,G,A,A,H,-,A,D,0,,Y,,,Y,,A,01,1,0,0,0,0,0,1,0,0,"- ","- ",38.552570343017578,-121.720703125,YOLO,DAVIS,-121.72039794921875,38.551620483398438
9125192,2020,2020-09-16,5704,2020-07-13,2003,06048,,1,5,4,5704,0,0,0,,0,003,"VILLAGE PKWY","LOCKS DR",871.00,S,N,A,-,N,,,,,,,,,,N,2,0,1,1,A,-,03,22350,,N,H,A,A,A,H,-,A,D,0,,,Y,,Y,,C,02,1,0,0,0,0,0,0,0,1,"- ","- ",,,YOLO,"WEST SACRAMENTO",-121.52323913574219,38.557689666748047
84437944,2024,2024-10-21,5703,2024-09-26,2313,2873,,4,5,4,5703,0,0,0,,0,002,"W WOODLAND AVE","N ASHLEY AVE",0.00,,Y,A,-,N,,,,,,,,,,Y,2,0,3,2,A,-,12,22450,A,N,D,C,A,A,H,-,C,A,0,,,,,Y,,A,01,2,0,1,0,0,0,0,0,0,"- ","- ",38.688499450683594,-121.79782104492188,YOLO,WOODLAND,-121.79779815673828,38.688480377197266
90825277,2018,2018-10-01,9280,2018-09-17,0155,017964,,1,3,4,5704,0,1,1,,2,010,"I-80 W/B","SACRAMENTO/YOLO COUNTY LINE",925.00,W,N,A,-,Y,,,80,,,,,,W,Y,2,0,3,2,A,-,01,23152,A,N,C,C,A,A,H,-,D,A,0,,,,,Y,Y,A,01,1,2,0,0,0,0,0,0,0,"- ","- ",38.596099853515625,-121.54963684082031,YOLO,"WEST SACRAMENTO",-121.54962921142578,38.596096038818359
91140251,2019,2020-01-31,9280,2019-08-23,0015,017964,,5,3,9,5700,0,1,1,,2,020,"INTERSTATE 5 NORTHBOUND","COUNTY ROAD 95",785.00,S,N,A,-,Y,,,5,,,,,,N,Y,1,2,5,2,A,-,05,21651,B,N,D,C,A,A,H,-,D,A,0,,,,Y,Y,,F,26,3,0,2,0,0,0,0,0,0,"- ","- ",38.772830963134766,-121.85659027099609,YOLO,UNINCORPORATED,-121.85660552978516,38.772804260253906
91180116,2019,2020-02-04,9280,2019-10-25,2103,015128,,5,2,9,5700,0,1,3,,2,022,"SR-113 N/B",CR-25A,4752.00,N,N,A,-,Y,,,113,,,,,,N,Y,1,1,0,2,A,-,11,21954,A,N,G,B,E,A,H,-,D,A,0,Y,,,,Y,Y,N,60,0,0,0,1,0,0,0,0,0,"- ","- ",38.652828216552734,-121.75466156005859,YOLO,UNINCORPORATED,-121.75467681884766,38.652839660644531
91279867,2020,2020-08-03,9280,2020-07-02,1940,019986,,4,2,9,5700,0,3,5,,2,003,"ALLEY WEST OF FREMONT STREET","FREMONT ST",127.00,W,N,A,-,N,,,,,,,,,,N,1,1,0,2,A,-,11,21954,A,N,G,B,E,A,H,-,A,D,0,Y,,,,Y,Y,N,60,0,0,0,1,0,0,0,0,0,"- ","- ",38.694950103759766,-122.01846313476562,YOLO,UNINCORPORATED,,
91961184,2022,2023-01-05,9280,2022-12-18,0805,017964,,7,1,9,5700,0,3,5,,2,002,"COUNTY ROAD 22","COUNTY ROAD 117",7920.00,W,N,E,-,N,,,,,,,,,,Y,1,1,1,2,A,-,05,21650,,N,A,C,A,A,H,-,A,A,0,,,,,Y,,D,22,1,0,0,0,0,0,0,0,0,"- ","- ",38.676700592041016,-121.65795135498047,YOLO,UNINCORPORATED,,
92304083,2024,2024-02-02,9280,2024-01-22,1230,015353,,1,1,9,5700,0,1,3,,1,024,"STATE ROUTE 16","COUNTY ROAD 95",0.00,,Y,B,-,N,,,,,,,,,,Y,2,0,5,2,A,-,09,21802,A,F,D,C,A,B,H,-,A,A,0,,,,,Y,,A,08,1,3,1,0,0,0,0,0,0,"- ","- ",38.676109313964844,-121.85800933837891,YOLO,UNINCORPORATED,-121.85807037353516,38.676067352294922
94368222,2024,2024-08-23,9280,2024-08-16,1420,017964,,5,2,9,5700,0,1,3,,2,032,"STATE ROUTE 128","PUTAH CREEK",7920.00,E,N,A,-,Y,YOL,,128," "," ",1.570,H,,R,Y,2,0,1,1,A,-,08,22107,,N,E,I,A,A,H,-,A,A,0,,,,,Y,,A,01,1,0,0,0,0,0,0,0,0,"- ","- ",38.514671325683594,-122.06920623779297,YOLO,UNINCORPORATED,-122.06919860839844,38.514633178710938
8806504,2019,2019-05-13,5701,2019-02-07,2347,223,CHP,4,5,5,5701,0,0,0,,0,001,"RICHARDS BL","RT 80",0.00,,Y,F,-,Y,YOL,3,80,-,-,0.451,R,4,E,N,2,0,2,2,A,-,12,21453,,N,D,C,A,A,H,-,C,A,0,,,,,Y,,A,01,1,1,0,0,0,0,0,0,0,"- ","- ",38.54010009765625,-121.73500061035156,YOLO,DAVIS,-121.73263549804688,38.542366027832031
8928489,2019,2019-09-18,5704,2019-08-21,1343,06676,,3,5,4,5704,0,0,0,,0,003,"JEFFERSON BL","HIGGINS RD",325.00,S,N,A,-,N,,,,,,,,,,N,2,0,1,2,A,-,11,21954,A,N,G,B,D,A,H,-,A,D,0,Y,,,,Y,,N,60,1,0,0,0,1,0,0,0,0,"- ","- ",,,YOLO,"WEST SACRAMENTO",-121.54368591308594,38.545963287353516
9320660,2022,2022-05-04,5703,2022-03-19,1009,2891,54,6,5,4,5703,0,0,0,,0,003,"W SOUTHWOOD DR","AMBORT WY",0.00,,Y,A,-,N,,,,,,,,,,Y,1,1,0,1,C,-,18,,,N,E,I,A,A,H,-,A,D,0,,,,,Y,,-,"- ",0,0,0,0,0,0,0,0,0,"- ","- ",38.668960571289062,-121.78704071044922,YOLO,WOODLAND,-121.78701019287109,38.668933868408203
91644214,2021,2021-12-06,9280,2021-11-23,0610,015128,,2,1,4,5703,0,1,1,,2,020,"I-5 S/B",CR-102,2112.00,S,N,E,-,Y,,,5,,,,,,S,N,2,0,1,2,A,-,11,21954,A,N,G,B,E,A,H,-,D,D,0,Y,,,,Y,,N,60,1,0,0,0,1,0,0,0,0,"- ","- ",38.673629760742188,-121.72017669677734,YOLO,WOODLAND,-121.72017669677734,38.673629760742188
92084678,2023,2023-06-02,9280,2023-05-22,1935,018941,,1,2,9,5700,0,3,5,,2,001,"OLD RIVER RD",CR-124,305.00,S,N,A,-,N,,,,,,,,,,Y,1,1,0,1,A,-,08,22107,,N,E,I,A,A,H,-,B,D,0,,,,,Y,Y,D,22,0,0,0,0,0,0,0,0,0,"- ","- ",38.660789489746094,-121.61321258544922,YOLO,UNINCORPORATED,-121.61278533935547,38.660671234130859
8496259,2017,2017-12-12,5703,2017-11-09,1737,2054,62,4,5,4,5703,0,0,0,,0,002,"W COURT ST","WEST ST",615.00,W,N,A,-,N,,,,,,,,,,N,2,0,1,2,A,-,11,21955,,N,G,B,D,A,H,-,C,D,0,Y,,,,Y,,N,60,1,0,0,0,1,0,0,0,0,"- ","- ",38.678879999999999,-121.78406,YOLO,WOODLAND,-121.7861947,38.67887417
90480938,2017,2017-06-19,9280,2017-06-05,1335,017964,,1,1,9,5700,0,3,5,,2,002,"OLD RIVER ROAD","COUNTY ROAD 124",2112.00,N,N,A,-,N,,,,,,,,,,N,2,0,1,1,A,-,08,22107,,N,F,A,A,A,B,-,A,A,0,,Y,,,Y,,L,04,1,0,0,0,0,0,1,0,0,"- ","- ",38.665059999999997,-121.61838,YOLO,UNINCORPORATED,-121.61860603,38.665348539999997
91272770,2020,2020-07-22,9280,2020-07-15,1029,017964,,3,1,9,5700,0,1,1,,2,010,"I-80 W/B","COUNTY ROAD 32A",5808.00,W,N,A,-,Y,,,80,,,,,,W,Y,2,0,1,3,A,-,16,24002,A,N,H,A,A,A,H,-,A,A,0,,,,,Y,,A,07,1,0,0,0,0,0,0,0,0,"- ","- ",38.560379028320312,-121.65802001953125,YOLO,UNINCORPORATED,-121.65800476074219,38.560272216796875
91366403,2020,2020-12-14,9280,2020-11-09,1140,013927,,1,1,9,5700,0,3,5,,2,003,"COUNTY ROAD 86A","COUNTY ROAD 23",1584.00,S,N,A,-,N,,,,,,,,,,Y,2,0,1,1,A,-,03,22350,,N,F,A,A,A,H,-,A,D,0,,,Y,,Y,,C,02,1,0,0,0,0,0,0,0,1,"- ","- ",38.667499542236328,-122.01709747314453,YOLO,UNINCORPORATED,-122.01712036132812,38.668388366699219
7107590,2015,2017-01-23,9280,2015-08-24,0730,15128,,1,1,4,5704,0,1,1,,2,010,"RT 80","ENTERPRISE BL",1584.00,E,N,A,-,Y,YOL,3,80,-,R,9.500,H,-,E,Y,2,0,2,2,A,-,07,21658,A,N,B,C,A,A,H,-,A,D,1,,,,Y,Y,,A,01,1,0,1,0,0,0,0,0,0,"- ","- ",38.5749,-121.5723,YOLO,"WEST SACRAMENTO",-121.57199908,38.574948640000002
90022506,2015,2015-10-19,9280,2015-09-17,0730,012272,,4,1,9,5700,0,3,5,,2,003,"COUNTY ROAD 26","COUNTY ROAD 90A",12672.00,E,N,A,-,N,,,,,,,,,,Y,2,0,3,1,A,-,03,22350,,N,E,I,A,A,H,-,B,D,0,,,,,Y,,A,01,1,1,1,0,0,0,0,0,0,"- ","- ",38.634700000000002,-121.9289,YOLO,UNINCORPORATED,-121.90559974999999,38.634470810000003
90366489,2016,2017-01-11,9280,2016-12-27,0411,012272,,2,3,9,5700,0,3,5,,2,003,"3 FREDERICKS DRIVE","RUSSELL BLVD",30.00,S,N,B,-,N,,,,,,,,,,Y,2,0,2,1,A,-,08,22107,,F,E,I,A,B,H,-,C,D,0,,,,,Y,,A,01,1,0,1,0,0,0,0,0,0,"- ","- ",38.534799999999997,-121.943,YOLO,UNINCORPORATED,-121.94300804,38.534914479999998
91219964,2020,2020-04-02,9280,2020-03-24,2210,019797,,2,3,9,5700,0,1,1,,2,010,"I-80 E/B","WEBSTER U/C",2376.00,E,N,A,-,Y,,,80,,,,,,E,Y,2,0,1,2,A,-,03,22350,,N,D,C,A,A,H,-,D,D,0,,,,Y,Y,,A,01,1,0,0,0,0,0,0,0,0,"- ","- ",38.564918518066406,-121.62979888916016,YOLO,UNINCORPORATED,-121.62979888916016,38.564933776855469
91240888,2020,2020-05-21,9280,2020-05-12,1955,017351,,2,2,4,5704,0,1,1,,2,010,"I-80 W/B TO W. CAPITOL AVENUE","WEST CAPITOL AVENUE",142.00,S,N,A,-,Y,,,80,,,,R,,W,Y,2,0,1,1,A,-,03,22350,,N,E,I,A,A,H,-,B,A,0,,,Y,,Y,,C,02,1,0,0,0,0,0,0,0,1,"- ","- ",38.575199127197266,-121.57505035400391,YOLO,"WEST SACRAMENTO",-121.57505035400391,38.575199127197266
91987460,2023,2023-02-06,9280,2023-02-03,1015,016289,,5,1,4,5704,0,1,1,,2,010,"I-80 W/B TO US-50 E/B",US-50,300.00,W,N,B,-,Y,YOL,,80," ",R,10.024,H,,L,N,2,0,1,1,A,-,03,22350,,N,F,A,A,B,H,-,A,D,0,,,Y,,Y,,C,02,1,0,0,0,0,0,0,0,1,"- ","- ",38.576751708984375,-121.56300354003906,YOLO,"WEST SACRAMENTO",-121.56318664550781,38.576934814453125
92091579,2023,2023-06-12,9280,2023-06-05,"555 ",015353,,1,3,9,5700,0,3,5,,2,002,"OLD RIVER ROAD","COUNTY ROAD 122",258.00,N,N,A,-,N,,,,,,,,,,Y,2,0,2,2,A,-,01,23153,F,N,A,C,A,A,H,-,A,D,0,,,,,Y,,B,07,1,0,1,0,0,0,0,0,0,"- ","- ",38.663631439208984,-121.61695098876953,YOLO,UNINCORPORATED,-121.61687469482422,38.663604736328125
9640054,2023,2023-12-04,5704,2023-08-12,1933,06675,,6,5,4,5704,0,0,0,,0,001,"SACRAMENTO AV","SIMON TER",0.00,,Y,A,-,N,,,,,,,,,,Y,1,1,0,2,A,-,11,21954,A,N,G,B,E,A,H,-,A,D,0,Y,,,,Y,,N,60,0,0,0,1,0,0,0,0,0,"- ","- ",38.589958190917969,-121.53022003173828,YOLO,"WEST SACRAMENTO",-121.53020477294922,38.589931488037109
90150667,2015,2016-04-05,9280,2015-11-30,2234,017883,,1,3,9,5700,0,1,1,,2,030,"I-5 N/B","NB ON FROM REST AREA",50.00,S,N,A,-,Y,,,5,,,,,,N,Y,1,1,1,1,A,-,01,23152,E,N,E,I,A,A,H,-,D,D,0,,,,,Y,,A,01,1,0,0,0,0,0,0,0,0,"- ","- ",38.892499999999998,-121.9781,YOLO,UNINCORPORATED,-121.97838111,38.892343539999999
90367934,2017,2017-01-12,9280,2017-01-04,2215,018276,,3,3,9,5700,0,3,5,,2,002,"CACHEVILLE RD","COUNTY ROAD 17",0.00,,Y,B,C,N,,,,,,,,,,N,2,0,1,2,A,-,09,21801,A,N,D,C,A,B,H,-,C,D,0,,,Y,,Y,,A,01,1,0,0,0,0,0,0,0,1,"- ","- ",38.735230000000001,-121.81565999999999,YOLO,UNINCORPORATED,-121.81566998,38.735269899999999
90983771,2019,2019-05-07,9280,2019-04-25,2038,016144,,4,2,9,5700,0,1,3,,2,034,SR-16,"I-505 N/B",7920.00,E,N,A,-,Y,,,16,,,,,,,Y,2,0,1,2,A,-,03,22350,,N,C,C,A,A,H,-,D,D,0,,,Y,,Y,,C,02,1,0,0,0,0,0,0,0,1,"- ","- ",38.675758361816406,-121.92508697509766,YOLO,UNINCORPORATED,-121.92509460449219,38.675750732421875
91551802,2021,2021-08-23,9280,2021-08-13,1750,018205,,5,2,4,5704,0,1,1,,2,010,"INTERSTATE 80 W/B","REED AVE",3170.00,W,N,A,-,Y,,,80,,,,,,W,Y,2,0,3,6,A,-,03,22350,,N,C,C,A,A,H,-,A,D,0,,,,,Y,,A,07,1,0,2,0,0,0,0,0,0,"- ","- ",38.584201812744141,-121.55758666992188,YOLO,"WEST SACRAMENTO",-121.5576171875,38.584217071533203
91628516,2021,2021-11-19,9280,2021-11-05,2500,020830,,5,4,9,5700,0,2,4,,1,021,"COUNTY ROAD 100A","COUNTY ROAD 29",40.00,N,N,A,-,N,,,,,,,,,,N,2,0,1,1,A,-,08,22107,,N,F,A,A,A,H,-,D,D,0,,Y,,,Y,,L,04,1,0,0,0,0,0,1,0,0,"- ","- ",38.590358734130859,-121.76371765136719,YOLO,UNINCORPORATED,-121.76345062255859,38.590309143066406
91825546,2022,2022-07-26,9280,2022-04-20,2135,019802,,3,2,9,5700,0,3,5,,2,001,"OLD RIVER ROAD","COUNTY RD 124",5000.00,S,N,B,C,N,,,,,,,,,,Y,1,1,1,2,A,-,01,23152,F,N,A,C,A,B,H,-,D,D,0,,,,,Y,,A,01,0,1,0,0,0,0,0,0,0,"- ","- ",38.650588989257812,-121.60294342041016,YOLO,UNINCORPORATED,-121.60292053222656,38.650550842285156
91949403,2022,2022-12-22,9280,2022-12-03,0200,019802,,6,3,9,5700,0,3,5,,2,003,"COUNTY ROAD 85","WILLIAMS RANCH RD",260.00,S,N,A,-,N,,,,,,,,,,N,2,0,1,1,A,-,08,22107,,N,E,I,A,A,H,-,D,D,0,,,,,Y,,A,01,1,0,0,0,0,0,0,0,0,"- ","- ",38.715858459472656,-122.04727935791016,YOLO,UNINCORPORATED,-122.047119140625,38.717548370361328
6290128,2014,2014-03-13,5704,2014-02-15,1934,00135,,6,5,4,5704,0,0,0,,0,002,"WEST CAPITOL AV","GARNET ST",650.00,W,N,B,C,N,,,,,,,,,,N,1,1,0,2,A,-,11,21954,A,N,G,B,E,B,H,-,D,D,0,Y,,,Y,Y,,N,60,0,0,0,1,0,0,0,0,0,"- ","- ",,,YOLO,"WEST SACRAMENTO",-121.56042677000001,38.578566700000003
6606246,2014,2014-10-07,5701,2014-07-11,2209,36,5,5,5,5,5701,0,0,0,,0,002,"CRANBROOK CT","J ST",184.00,W,N,A,-,N,,,,,,,,,,N,1,1,0,1,A,-,03,22350,,N,H,A,A,A,H,-,A,A,0,,,,,Y,,A,01,0,0,0,0,0,0,0,0,0,"- ","- ",38.559690000000003,-121.73878999999999,YOLO,DAVIS,-121.73932991,38.55974587
8341489,2017,2017-04-19,5704,2017-03-23,1733,0157,,4,5,4,5704,0,0,0,,0,0B2,"JEFFERSON BL","MERKLEY AV",0.00,,Y,A,-,N,,,,,,,,,,N,2,0,1,2,A,-,12,21453,A,F,B,G,A,A,H,-,A,A,0,,Y,,,Y,,L,04,1,0,0,0,0,0,1,0,0,"- ","- ",,,YOLO,"WEST SACRAMENTO",-121.52607994,38.579309889999998