CASE_ID,ACCIDENT_YEAR,PROC_DATE,JURIS,COLLISION_DATE,COLLISION_TIME,OFFICER_ID,REPORTING_DISTRICT,DAY_OF_WEEK,CHP_SHIFT,POPULATION,CNTY_CITY_LOC,SPECIAL_COND,BEAT_TYPE,CHP_BEAT_TYPE,CITY_DIVISION_LAPD,CHP_BEAT_CLASS,BEAT_NUMBER,PRIMARY_RD,SECONDARY_RD,DISTANCE,DIRECTION,INTERSECTION,WEATHER_1,WEATHER_2,STATE_HWY_IND,CALTRANS_COUNTY,CALTRANS_DISTRICT,STATE_ROUTE,ROUTE_SUFFIX,POSTMILE_PREFIX,POSTMILE,LOCATION_TYPE,RAMP_INTERSECTION,SIDE_OF_HWY,TOW_AWAY,COLLISION_SEVERITY,NUMBER_KILLED,NUMBER_INJURED,PARTY_COUNT,PRIMARY_COLL_FACTOR,PCF_CODE_OF_VIOL,PCF_VIOL_CATEGORY,PCF_VIOLATION,PCF_VIOL_SUBSECTION,HIT_AND_RUN,TYPE_OF_COLLISION,MVIW,PED_ACTION,ROAD_SURFACE,ROAD_COND_1,ROAD_COND_2,LIGHTING,CONTROL_DEVICE,CHP_ROAD_TYPE,PEDESTRIAN_ACCIDENT,BICYCLE_ACCIDENT,MOTORCYCLE_ACCIDENT,TRUCK_ACCIDENT,NOT_PRIVATE_PROPERTY,ALCOHOL_INVOLVED,STWD_VEHTYPE_AT_FAULT,CHP_VEHTYPE_AT_FAULT,COUNT_SEVERE_INJ,COUNT_VISIBLE_INJ,COUNT_COMPLAINT_PAIN,COUNT_PED_KILLED,COUNT_PED_INJURED,COUNT_BICYCLIST_KILLED,COUNT_BICYCLIST_INJURED,COUNT_MC_KILLED,COUNT_MC_INJURED,PRIMARY_RAMP,SECONDARY_RAMP,LATITUDE,LONGITUDE,COUNTY,CITY,POINT_X,POINT_Y
9508537,2022,2022-11-07,5703,2022-10-09,1926,2891,64,7,5,4,5703,0,0,0,,0,002,"WEST WOODLAND AV","N COTTONWOOD ST",174.00,E,N,A,-,N,,,,,,,,,,N,2,0,1,2,A,-,11,21954,A,N,G,B,D,A,H,-,C,D,0,Y,,,,Y,Y,N,60,1,0,0,0,1,0,0,0,0,"- ","- ",38.688499450683594,-121.79344177246094,YOLO,WOODLAND,-121.79280853271484,38.688453674316406
84628643,2024,2025-03-27,5704,2024-06-29,"950 ",06257,,6,5,4,5704,0,0,0,,0,003,"LAKE WASHINGTON BLVD","SOUTHPORT PKWY",528.00,N,N,A,-,N,,,,,,,,,,Y,2,0,1,1,C,-,18,,,N,E,I,A,A,H,-,A,D,0,,,,,Y,,-,"- ",1,0,0,0,0,0,0,0,0,"- ","- ",38.55657958984375,-121.54068756103516,YOLO,"WEST SACRAMENTO",-121.54011535644531,38.557777404785156
90185269,2016,2016-05-23,9280,2016-05-07,1620,016292,,6,2,9,5700,0,3,5,,2,003,"COUNTY ROAD 99W","COUNTY ROAD 89B",1056.00,N,N,B,-,Y,,,,,,,,,,Y,2,0,1,1,A,-,08,22107,,N,E,J,A,A,H,-,A,D,0,,,,,Y,,A,01,1,0,0,0,0,0,0,0,0,"- ","- ",38.874220000000001,-121.96169,YOLO,UNINCORPORATED,-121.95896671,38.871653449999997
90037744,2015,2015-10-26,9280,2015-10-17,0045,018205,,6,3,9,5700,0,3,5,,2,001,"OLD RIVER ROAD","COUNTY ROAD 126",360.00,W,N,A,-,N,,,,,,,,,,Y,2,0,1,1,A,-,03,22350,,N,F,J,A,A,H,-,D,D,0,,,,,Y,,A,07,1,0,0,0,0,0,0,0,0,"- ","- ",38.608040000000003,-121.56003,YOLO,UNINCORPORATED,-121.56027675,38.608231429999996
90701832,2018,2018-04-09,9280,2018-03-30,1200,021276,,5,1,4,5704,0,1,2,,2,011,"US-50 W/B","HARBOR BLVD",2565.00,W,N,A,-,Y,,,50,,,,,,W,Y,2,0,2,2,A,-,03,22350,,N,C,C,A,A,H,-,A,D,0,,,,,Y,,A,01,1,0,1,0,0,0,0,0,0,"- ","- ",38.575229644775391,-121.55780029296875,YOLO,"WEST SACRAMENTO",-121.55780029296875,38.575275421142578
91568408,2021,2021-09-13,9280,2021-08-31,2125,019986,,2,2,9,5700,0,2,4,,2,025,CR-98,CR-27,0.00,,Y,A,-,N,,,,,,,,,,Y,2,0,1,2,A,-,01,23152,A,M,D,C,A,A,H,-,D,A,0,,,,Y,Y,Y,A,01,1,0,0,0,0,0,0,0,0,"- ","- ",38.619640350341797,-121.80291748046875,YOLO,UNINCORPORATED,-121.80288696289062,38.619621276855469
94466788,2024,2024-11-12,9280,2024-11-04,"606 ",018874,,1,1,9,5700,0,1,1,,2,010,"I-80 W/B","WEBSTER U/C",10032.00,E,N,A,-,Y,YOL,,80," "," ",7.768,H,,L,Y,2,0,1,4,A,-,03,22350,,F,C,C,A,A,D,-,A,D,0,,,,,Y,Y,-,99,1,0,0,0,0,0,0,0,0,"- ","- ",38.569850921630859,-121.60305786132812,YOLO,UNINCORPORATED,-121.60307312011719,38.569881439208984
94598431,2025,2025-03-10,9280,2025-02-16,"213 ",023170,,7,3,9,5700,0,1,3,,2,034,SR-16,"PARKER PL",22.00,E,N,B,-,Y,YOL,,16," "," ",27.208,H,,R,Y,1,1,1,2,A,-,06,21750,A,N,D,C,A,A,H,-,C,D,0,,,Y,,Y,,C,02,0,0,1,0,0,0,0,1,0,"- ","- ",38.699378967285156,-122.02391052246094,YOLO,UNINCORPORATED,-122.02390289306641,38.699398040771484
8823453,2019,2019-03-25,5703,2019-02-18,1343,2119,32,1,5,4,5703,0,0,0,,0,003,"CROSS ST","WEST ST",21.00,E,N,A,-,N,,,,,,,,,,Y,2,0,1,1,A,-,03,22350,,N,E,I,A,A,H,-,A,A,0,,,Y,,Y,Y,C,02,1,0,0,0,0,0,0,0,1,"- ","- ",38.672119140625,-121.78411102294922,YOLO,WOODLAND,-121.78398895263672,38.672080993652344
8972647,2019,2019-11-20,5703,2019-10-15,1926,2812,51,2,5,4,5703,0,0,0,,0,004,"PIONEER AV","HATCHER DR",0.00,,Y,A,-,N,,,,,,,,,,Y,2,0,1,1,A,-,05,21650,A,N,E,J,A,A,H,-,C,D,0,,,Y,,Y,,C,02,1,0,0,0,0,0,0,0,1,"- ","- ",38.67041015625,-121.74224090576172,YOLO,WOODLAND,-121.74221801757812,38.670299530029297
9423018,2022,2022-03-28,5704,2022-03-03,2056,06704,5704,4,5,4,5704,0,0,0,,0,003,"JEFFERSON BL","DEVON AV",930.00,S,N,A,-,N,,,,,,,,,,Y,2,0,1,3,A,-,03,22350,,N,C,C,A,A,H,-,C,A,0,,,,,Y,,A,07,1,0,0,0,0,0,0,0,0,"- ","- ",38.556591033935547,-121.53328704833984,YOLO,"WEST SACRAMENTO",-121.53535461425781,38.554538726806641
9673949,2024,2024-05-01,5701,2024-02-18,1202,254,2,7,5,5,5701,0,0,0,,0,001,"ANDERSON RD","COVELL BL",0.00,,Y,A,-,N,,,,,,,,,,Y,2,0,1,2,A,-,12,21453,A,N,A,C,A,A,H,-,A,A,0,,,,,Y,,A,01,1,0,0,0,0,0,0,0,0,"- ","- ",38.560871124267578,-121.75856781005859,YOLO,DAVIS,-121.75852203369141,38.560768127441406
9757725,2024,2025-01-06,5701,2024-11-13,2252,228,1,3,5,5,5701,0,0,0,,0,001,"EVENSTAR LN","ARLINGTON BL",0.00,,Y,A,-,N,,,,,,,,,,N,2,0,1,2,A,-,03,22350,,N,G,B,E,A,H,-,C,D,0,Y,,,,Y,,A,01,1,0,0,0,1,0,0,0,0,"- ","- ",38.547531127929688,-121.77810668945312,YOLO,DAVIS,-121.77817535400391,38.5474853515625
84817710,2025,2025-08-26,5701,2025-05-13,1200,110,,2,5,5,5701,0,0,0,,0,001,"ARLINGTON BLVD","BUCKLEBURY RD",150.00,S,-,A,-,N,,,,,,,,,,Y,2,0,1,2,D,-,00,,,N,C,C,A,A,H,-,A,A,0,,,,,Y,,-,"- ",1,0,0,0,0,0,0,0,0,"- ","- ",,,YOLO,DAVIS,-121.778564453125,38.548587799072266
94444675,2024,2024-10-24,9280,2024-09-29,"242 ",021510,,7,3,4,5704,0,1,1,,2,010,"INTERSTATE 80 EASTBOUND","WEST CAPITOL AVENUE",68.00,E,N,A,-,Y,YOL,,80," ",R,10.203,H,,R,N,1,1,0,2,C,-,18,,,F,G,B,E,A,C,-,C,D,0,Y,,,,Y,,-,"- ",0,0,0,1,0,0,0,0,0,"- ","- ",38.578830718994141,-121.56086730957031,YOLO,"WEST SACRAMENTO",-121.56089019775391,38.578838348388672
6494300,2014,2016-03-24,9280,2014-05-03,0452,016929,,6,3,4,5703,0,1,1,,2,020,"RT 5","COUNTY ROAD 102",2640.00,N,N,A,-,Y,YOL,3,5,-,-,6.060,H,-,N,Y,2,0,2,1,A,-,08,22107,,N,F,I,A,A,H,-,D,D,1,,,,Y,Y,,G,25,1,0,1,0,0,0,0,0,0,"- ","- ",38.674140000000001,-121.73941000000001,YOLO,WOODLAND,-121.73804462,38.674007170000003
6891091,2015,2016-12-17,9280,2015-04-02,1828,016929,,4,2,9,5700,0,1,3,,2,034,"RT 16","COUNTY ROAD 94B",0.00,,Y,-,-,Y,YOL,3,16,-,-,36.710,I,5,E,Y,2,0,2,2,A,-,01,23152,A,N,A,C,A,-,H,-,-,D,0,,,,,Y,Y,A,01,1,1,0,0,0,0,0,0,0,"- ","- ",38.669600000000003,-121.87076,YOLO,UNINCORPORATED,-121.87109381,38.669470660000002
8404332,2017,2019-04-09,5704,2017-05-30,2226,00173,,2,5,4,5704,0,0,0,,0,002,"WEST CAPITOL AV","RT 80",0.00,,Y,B,-,N,,,,,,,,,,Y,1,1,2,4,A,-,01,23152,B,N,G,B,B,A,H,-,C,A,0,Y,,,,Y,Y,D,22,0,1,1,1,0,0,0,0,0,"- ",WF,,,YOLO,"WEST SACRAMENTO",-121.56101991,38.578529940000003
9558588,2023,2023-04-05,5701,2023-02-17,1907,239,3,5,5,5,5701,0,0,0,,0,001,"RUSSELL BL","CALIFORNIA AV",5.00,E,N,A,-,N,,,,,,,,,,N,2,0,1,2,A,-,09,21802,B,N,D,G,A,A,H,-,C,A,0,,Y,,,Y,Y,A,01,1,0,0,0,0,0,1,0,0,"- ","- ",38.546298980712891,-121.7540283203125,YOLO,DAVIS,-121.75401306152344,38.546188354492188
9620439,2023,2023-10-12,5701,2023-09-06,"226 ",236,2,3,5,5,5701,0,0,0,,0,001,"RUSSELL BL","LA RUE RD",28.00,W,N,A,-,N,,,,,,,,,,Y,2,0,1,1,A,-,03,22350,,N,E,I,A,A,H,-,C,A,0,,,,,Y,,A,01,1,0,0,0,0,0,0,0,0,"- ","- ",38.546730041503906,-121.75923919677734,YOLO,DAVIS,-121.75895690917969,38.546241760253906
90773587,2018,2018-07-20,9280,2018-06-16,0706,018866,,6,1,9,5700,0,1,1,,2,020,"I-5 S/B","OLD RIVER RD",3168.00,E,N,A,-,Y,,,5,,,,,,S,Y,2,0,11,10,A,-,08,22107,,N,B,C,A,A,H,-,A,D,0,,,,Y,Y,,G,25,3,6,2,0,0,0,0,0,0,"- ","- ",38.673229217529297,-121.64546966552734,YOLO,UNINCORPORATED,-121.64546966552734,38.673252105712891
8860059,2019,2019-05-28,5703,2019-04-16,1834,2891,82,2,5,4,5703,0,0,0,,0,002,"KERN AV","PORTER ST",321.00,N,N,A,-,N,,,,,,,,,,N,2,0,1,2,A,-,08,22107,,N,D,C,A,A,H,-,A,D,0,,,Y,,Y,,A,07,1,0,0,0,0,0,0,0,1,"- ","- ",38.681629180908203,-121.80061340332031,YOLO,WOODLAND,-121.80059814453125,38.682491302490234
91842292,2022,2022-08-17,9280,2022-08-07,1504,018874,,7,2,9,5700,0,3,5,,2,003,"COUNTY ROAD 89","COUNTY ROAD 29",1901.00,N,N,A,-,N,,,,,,,,,,Y,2,0,2,2,A,-,05,21650,,N,B,C,A,A,G,-,A,D,0,,,,,Y,,A,08,1,0,1,0,0,0,0,0,0,"- ","- ",38.595718383789062,-121.97144317626953,YOLO,UNINCORPORATED,-121.97141265869141,38.596611022949219
91864586,2022,2022-09-14,9280,2022-09-05,1240,017983,,1,1,9,5700,0,3,5,,2,002,"RUSSELL BLVD","COUNTY ROAD 96",865.00,W,N,A,-,N,,,,,,,,,,Y,2,0,1,1,A,-,01,23152,F,N,F,A,A,A,H,-,A,D,0,,,,,Y,,A,01,1,0,0,0,0,0,0,0,0,"- ","- ",38.546871185302734,-121.84393310546875,YOLO,UNINCORPORATED,-121.84335327148438,38.546894073486328
92023578,2023,2023-03-21,9280,2023-03-18,"510 ",019986,,6,3,9,5700,0,1,3,,2,023,SR-113,CR-17,0.00,,Y,A,-,Y,YOL,,113," "," ",14.120,H,,R,Y,2,0,1,1,A,-,01,23152,A,N,E,I,A,A,H,-,D,D,0,,,,,Y,Y,A,01,1,0,0,0,0,0,0,0,0,"- ","- ",38.735061645507812,-121.76528167724609,YOLO,UNINCORPORATED,-121.76541900634766,38.734970092773438
6292171,2015,2017-04-25,5704,2015-03-13,0730,173,WSPD,5,5,4,5704,0,0,0,,0,003,"SOUTH RIVER RD","BURROWS AV",2180.00,S,N,A,-,N,,,,,,,,,,Y,1,1,0,1,A,-,05,21650,,N,E,I,A,A,H,-,A,D,0,,,,,Y,Y,A,07,0,0,0,0,0,0,0,0,0,"- ","- ",,,YOLO,"WEST SACRAMENTO",-121.56008717,38.503892639999997
8707474,2018,2018-10-11,5703,2018-09-11,0842,2891,12,2,5,4,5703,0,0,0,,0,001,"MAIN ST","4TH ST",14.00,E,N,A,-,N,,,,,,,,,,N,2,0,1,2,A,-,11,21954,A,N,G,B,D,A,H,-,A,A,0,Y,,,,Y,,N,60,1,0,0,0,1,0,0,0,0,"- ","- ",38.677421569824219,-121.76937103271484,YOLO,WOODLAND,-121.76937866210938,38.67742919921875
9455607,2022,2022-06-28,5703,2022-06-18,2310,2144,22,6,5,4,5703,0,0,0,,0,001,"MAIN ST","4TH ST",64.00,E,N,A,-,N,,,,,,,,,,N,2,0,2,3,A,-,11,21954,A,N,G,B,D,A,H,-,C,A,0,Y,,,,Y,,N,60,2,0,0,0,2,0,0,0,0,"- ","- ",38.677421569824219,-121.76937103271484,YOLO,WOODLAND,-121.76920318603516,38.67742919921875
84563593,2025,2025-02-04,5703,2025-01-09,1740,2157,,4,5,4,5703,0,0,0,,0,002,"W MAIN ST","WEST ST",19.00,W,N,A,-,N,,,,,,,,,,Y,2,0,2,2,A,-,00,23103,A,N,A,C,A,A,H,-,C,A,0,,,,,Y,,D,22,1,0,1,0,0,0,0,0,0,"- ","- ",38.677558898925781,-121.78398895263672,YOLO,WOODLAND,-121.78410339355469,38.677520751953125
90194781,2016,2016-06-06,9280,2016-05-08,0635,015128,,7,1,9,5700,0,3,5,,2,002,CR-96,CR-21,38.00,S,N,B,-,Y,,,,,,,,,,Y,2,0,1,1,A,-,08,22107,,N,E,I,A,A,H,-,B,D,0,,,,,Y,,A,01,1,0,0,0,0,0,0,0,0,"- ","- ",38.685000000000002,-121.8395,YOLO,UNINCORPORATED,-121.83955023,38.685035630000002
91986421,2023,2023-02-03,9280,2023-01-26,1748,016144,,4,2,9,5700,0,1,1,,2,020,"I-5 S/B","COUNTY ROAD 22",4752.00,N,N,A,-,Y,YOL,,5," "," ",1.578,H,,L,Y,2,0,1,2,A,-,03,22350,,N,C,C,A,A,H,-,D,D,0,,,Y,,Y,,C,02,1,0,0,0,0,0,0,0,1,"- ","- ",38.673320770263672,-121.65550994873047,YOLO,UNINCORPORATED,-121.65550994873047,38.673305511474609
7199821,2016,2018-09-27,5701,2016-02-24,1716,36,7,3,5,5,5701,0,0,0,,0,003,"2ND ST","CANTRILL DR",0.00,,Y,A,-,N,,,,,,,,,,Y,1,1,7,2,A,-,01,23152,A,N,D,C,A,A,H,-,A,A,0,,,,,Y,,A,01,0,1,6,0,0,0,0,0,0,"- ","- ",38.54795,-121.72005,YOLO,DAVIS,-121.72009988000001,38.547949979999999
90197323,2016,2016-06-08,9280,2016-05-28,0505,016027,,6,3,9,5700,0,1,3,,1,024,SR-16,"COUNTY ROAD 22",1584.00,E,N,A,-,Y,,,16,,,,,,,Y,2,0,1,1,A,-,08,22107,,N,E,I,A,A,H,-,D,D,0,,,,,Y,Y,D,22,1,0,0,0,0,0,0,0,0,"- ","- ",38.677950000000003,-121.84781,YOLO,UNINCORPORATED,-121.8478101,38.677902459999999
90655407,2018,2018-02-05,9280,2018-01-26,0700,017964,,5,1,9,5700,0,3,5,,2,003,"COUNTY ROAD 92B","COUNTY ROAD 13",5808.00,S,N,E,-,N,,,,,,,,,,Y,2,0,1,1,A,-,08,22107,,N,F,A,A,B,H,-,B,A,0,,,,,Y,,D,22,1,0,0,0,0,0,0,0,0,"- ","- ",38.777359008789062,-121.90474700927734,YOLO,UNINCORPORATED,-121.90299224853516,38.780075073242188
91201312,2020,2020-03-04,9280,2020-02-23,1150,013927,,7,1,9,5700,0,1,3,,2,034,SR-16,"COUNTY ROAD 43",420.00,W,N,B,-,Y,,,16,,,,,,,Y,2,0,2,1,A,-,01,23152,A,N,F,A,A,A,H,-,A,D,0,,,Y,,Y,Y,C,02,2,0,0,0,0,0,0,0,2,"- ","- ",38.857471466064453,-122.21521759033203,YOLO,UNINCORPORATED,-122.21521759033203,38.857486724853516
92271537,2023,2023-12-26,9280,2023-12-18,"610 ",018874,,1,1,9,5700,0,3,5,,2,003,"COUNTY ROAD 99W","COUNTY ROAD 89B",1048.00,N,N,C,-,N,,,,,,,,,,Y,2,0,1,3,C,-,18,,,N,B,2,E,B,H,-,D,D,0,Y,,,,Y,,-,"- ",1,0,0,0,1,0,0,0,0,"- ","- ",38.871730804443359,-121.95909118652344,YOLO,UNINCORPORATED,-121.95894622802734,38.871635437011719
9025539,2020,2020-05-19,5701,2020-01-06,0032,119,7,1,5,5,5701,0,0,0,,0,003,"5TH ST","POLE LINE RD",570.00,E,N,A,-,N,,,,,,,,,,Y,2,0,1,1,D,-,00,,,N,E,J,A,A,H,-,C,D,0,,,Y,,Y,,-,"- ",1,0,0,0,0,0,0,0,1,"- ","- ",38.550571441650391,-121.72313690185547,YOLO,DAVIS,-121.72465515136719,38.549198150634766
90497526,2017,2017-07-10,9280,2017-07-05,0525,016144,,3,3,9,5700,0,3,5,,2,003,"COUNTY ROAD 27","COUNTY ROAD 94",3696.00,W,N,A,-,N,,,,,,,,,,Y,2,0,1,1,A,-,08,22107,,N,E,I,A,A,H,-,B,D,0,,,,Y,Y,,F,76,1,0,0,0,0,0,0,0,0,"- ","- ",38.619790000000002,-121.88817,YOLO,UNINCORPORATED,-121.88983906,38.619818260000002
90608835,2017,2017-12-04,9280,2017-11-20,1010,017629,,1,1,9,5700,0,2,4,,1,021,"COUNTY ROAD 102","COUNTY ROAD 27",0.00,,Y,B,-,N,,,,,,,,,,Y,2,0,2,2,A,-,03,22350,,N,A,C,A,A,H,-,A,A,0,,,,,Y,,D,22,1,1,0,0,0,0,0,0,0,"- ","- ",38.618780000000001,-121.72945,YOLO,UNINCORPORATED,-121.72969990999999,38.618859899999997
90813513,2018,2018-09-14,9280,2018-05-20,0125,017964,,7,3,5,5701,0,1,1,,2,010,"I-80 W/B","MACE BLVD",306.00,W,N,A,-,Y,,,80,,,,,,W,N,1,1,0,2,A,-,17,21461,,N,G,B,E,A,H,-,D,A,0,Y,,,,Y,Y,N,60,0,0,0,1,0,0,0,0,0,"- ","- ",38.552459716796875,-121.69586181640625,YOLO,DAVIS,-121.69586181640625,38.552448272705078
91569871,2021,2021-09-14,9280,2021-09-05,0545,015437,,7,3,9,5700,0,1,3,,2,034,SR-16,"ROAD 45",492.00,W,N,A,-,Y,,,16,,,,,,,Y,2,0,1,1,A,-,08,22107,,N,E,J,A,A,H,-,B,D,0,,,,,Y,,A,01,1,0,0,0,0,0,0,0,0,"- ","- ",38.845428466796875,-122.20417785644531,YOLO,UNINCORPORATED,-122.20423126220703,38.84539794921875
8993570,2019,2020-01-18,5704,2019-11-08,1423,06153,5704,5,5,4,5704,0,0,0,,0,001,"SUNSET AV","LISBON AV",528.00,S,N,A,-,N,,,,,,,,,,Y,2,0,1,2,A,-,21,22106,,N,C,C,A,A,H,-,A,D,0,,,Y,,Y,,A,01,1,0,0,0,0,0,0,0,1,"- ","- ",38.593780517578125,-121.54559326171875,YOLO,"WEST SACRAMENTO",-121.54422760009766,38.592811584472656
6290352,2014,2014-04-25,9280,2014-02-06,0202,16027,,4,3,4,5704,0,1,1,,2,010,"RT 80","SACRAMENTO CO LINE",382.00,W,N,B,C,Y,YOL,3,80,-,R,11.640,H,-,E,Y,1,1,1,2,A,-,01,23152,A,N,A,C,A,B,H,-,D,D,1,,,,,Y,Y,A,01,0,1,0,0,0,0,0,0,0,"- ","- ",38.598149999999997,-121.54778,YOLO,"WEST SACRAMENTO",-121.54849774,38.597215339999998
6291845,2014,2015-01-14,5703,2014-10-28,2029,832,52,2,5,4,5703,0,0,0,,0,002,"W MAIN ST","WEST ST",215.00,W,N,A,-,N,,,,,,,,,,N,1,1,0,2,A,-,01,23152,A,F,G,B,D,A,H,-,C,A,0,Y,,,,Y,Y,D,22,0,0,0,1,0,0,0,0,0,"- ","- ",,,YOLO,WOODLAND,-121.78479306,38.67753038
6292275,2015,2017-04-25,5704,2015-03-13,2349,108,5704,5,5,4,5704,0,0,0,,0,002,"JEFFERSON BL","WEBSTER ST",0.00,,Y,A,-,N,,,,,,,,,,Y,1,1,0,2,A,-,03,22350,,N,D,C,A,A,H,-,C,D,0,,,Y,,Y,Y,C,02,0,0,0,0,0,0,0,1,0,"- ","- ",,,YOLO,"WEST SACRAMENTO",-121.52442999,38.574989960000003
6292686,2015,2017-04-06,9280,2015-05-02,2221,15485,,6,3,9,5700,0,1,1,,2,031,"RT 505","RT 16",4224.00,N,N,A,-,Y,YOL,3,505,-,-,11.380,H,-,N,Y,1,4,1,2,A,-,01,23152,A,N,A,C,A,A,H,-,C,D,1,,,,,Y,Y,A,01,0,1,0,0,0,0,0,0,0,"- ","- ",38.690539999999999,-121.95334,YOLO,UNINCORPORATED,-121.95330866,38.690516350000003
6444992,2014,2015-04-16,5703,2014-04-05,1235,2899,13,6,5,4,5703,0,0,0,,0,004,"EAST ST","E GUM AV",418.00,S,N,A,-,N,,,,,,,,,,,1,1,0,1,A,-,"- ",,,N,E,I,A,A,H,-,A,D,0,,,,,Y,,A,01,0,0,0,0,0,0,0,0,0,"- ","- ",,,YOLO,WOODLAND,-121.76560000000001,38.667181990000003
6487757,2014,2016-03-23,9280,2014-05-24,1655,17763,,6,2,9,5700,0,1,1,,2,010,"RT 80","WEBSTER RD",4224.00,W,N,A,-,Y,YOL,3,80,-,-,4.980,H,-,W,Y,2,0,1,2,A,-,03,22350,,N,C,C,A,A,H,-,A,D,1,,,Y,,Y,,C,02,1,0,0,0,0,0,0,0,1,"- ","- ",38.560980000000001,-121.6534,YOLO,UNINCORPORATED,-121.65333271,38.560921559999997
6487796,2014,2016-02-18,9280,2014-05-16,1708,16929,,5,2,4,5704,0,1,2,,2,011,"RT 50","RT 84",10560.00,W,N,A,-,Y,YOL,3,50,-,-,2.280,H,-,W,Y,2,0,1,2,A,-,08,22107,,M,C,C,A,A,H,-,A,D,1,,,,,Y,,A,01,1,0,0,0,0,0,0,0,0,"- ","- ",38.576540000000001,-121.52934999999999,YOLO,"WEST SACRAMENTO",-121.52892878999999,38.576653299999997
6496914,2014,2016-03-23,9280,2014-05-16,1638,017874,,5,2,5,5701,0,1,1,,2,010,"RT 80","MACE BL",4769.00,E,N,A,-,Y,YOL,3,80,-,-,3.580,H,-,E,Y,2,0,2,2,A,-,07,21658,A,N,B,C,A,A,H,-,A,D,1,,,Y,,Y,,A,01,1,0,1,0,0,0,0,0,2,"- ","- ",38.55641,-121.67847,YOLO,DAVIS,-121.67843084,38.556490609999997
6550441,2014,2014-08-25,5703,2014-07-02,1751,2808,84,3,5,4,5703,0,0,0,,0,002,"DAWN DR","W BEAMER ST",268.00,N,N,A,-,N,,,,,,,,,,N,2,0,1,2,A,-,11,21954,A,N,G,B,D,A,H,-,A,D,0,Y,,,,Y,,N,60,1,0,0,0,1,0,0,0,0,"- ","- ",,,YOLO,WOODLAND,-121.79875001000001,38.685616000000003
6579604,2014,2014-08-28,9280,2014-07-27,1745,17800,,7,2,9,5700,0,2,4,,1,021,"COUNTY ROAD 102","BEAMER ST",0.00,,Y,A,-,N,,,,,,,,,,Y,2,0,1,2,A,-,01,23152,A,F,A,C,A,A,H,-,A,D,0,,,,,Y,Y,A,07,1,0,0,0,0,0,0,0,0,"- ","- ",38.684609999999999,-121.72844000000001,YOLO,UNINCORPORATED,-121.72838996999999,38.68447991
6579639,2014,2016-05-06,9280,2014-07-20,0425,17933,,7,3,4,5704,0,1,2,,2,011,"RT 50","JEFFERSON BL",528.00,W,N,B,-,Y,YOL,3,50,-,-,2.070,H,-,E,Y,2,0,1,1,A,-,01,23152,A,N,E,I,A,A,H,-,C,D,1,,,,,Y,Y,A,01,1,0,0,0,0,0,0,0,0,"- ","- ",38.575569999999999,-121.53261999999999,YOLO,"WEST SACRAMENTO",-121.53256725,38.575523369999999
6658726,2014,2014-10-28,5701,2014-09-11,1620,113,3,4,5,5,5701,0,0,0,,0,001,"RUSSELL BL","OAK AV",0.00,,Y,A,-,N,,,,,,,,,,N,2,0,1,2,A,-,11,21451,C,N,H,-,B,A,H,-,A,A,0,Y,Y,,,Y,,N,60,1,0,0,0,1,0,0,0,0,"- ","- ",38.546399999999998,-121.75297,YOLO,DAVIS,-121.75279997,38.546299900000001
6686509,2014,2014-11-21,5701,2014-09-18,1513,72,1,4,5,5,5701,0,0,0,,0,001,"JOHN JONES RD","WEST COVELL BL",40.00,N,N,A,-,N,,,,,,,,,,Y,2,0,2,2,A,-,01,23152,A,N,A,C,A,A,H,-,A,D,0,,,,,Y,Y,D,72,1,1,0,0,0,0,0,0,0,"- ","- ",38.559609999999999,-121.7749,YOLO,DAVIS,-121.77042817,38.561089469999999
6698679,2014,2014-12-08,9280,2014-10-08,1325,16144,,3,1,9,5700,0,3,5,,2,002,"HERSHEY ST","DANIEL ST",750.00,N,N,A,-,N,,,,,,,,,,N,2,0,1,2,A,-,08,22107,,N,B,E,A,A,H,-,A,D,0,,,Y,,Y,,C,02,1,0,0,0,0,0,0,0,1,"- ","- ",38.794640000000001,-121.72196,YOLO,UNINCORPORATED,-121.72174273,38.794799349999998
6718279,2014,2016-01-14,9280,2014-12-16,0530,12272,,2,3,9,5700,0,1,3,,2,034,"RT 16","COUNTY ROAD 81",58.00,W,N,B,-,Y,YOL,3,16,-,-,22.070,H,-,E,Y,1,1,2,1,A,-,01,23152,A,N,E,J,A,B,C,-,D,D,0,,,,,Y,,A,07,0,0,2,0,0,0,0,0,0,"- ","- ",38.703879999999998,-121.11408,YOLO,UNINCORPORATED,-122.11253108,38.70376881
6734259,2014,2016-06-24,9280,2014-11-26,1515,17874,,3,2,9,5700,0,1,1,,2,030,"RT 5","COUNTY ROAD 17",5280.00,N,N,A,-,Y,YOL,3,5,-,R,13.340,H,-,N,Y,2,0,2,2,A,-,03,22350,,N,C,C,A,A,C,-,A,D,1,,,,,Y,,A,01,2,0,0,0,0,0,0,0,0,"- ","- ",38.747320000000002,-121.82841000000001,YOLO,UNINCORPORATED,-121.82845909,38.747638940000002
6734287,2014,2016-06-24,9280,2014-10-03,1750,16292,,5,2,9,5700,0,1,1,,2,020,"RT 5","OLD RIVER RD",3960.00,N,N,A,-,Y,YOL,3,5,-,-,0.830,H,-,S,Y,2,0,2,4,A,-,03,22350,,N,C,C,A,A,H,-,A,D,1,,,,,Y,,D,22,1,1,0,0,0,0,0,0,0,"- ","- ",38.673189999999998,-121.64013,YOLO,UNINCORPORATED,-121.64154641,38.673230910000001