CASE_ID,ACCIDENT_YEAR,PROC_DATE,JURIS,COLLISION_DATE,COLLISION_TIME,OFFICER_ID,REPORTING_DISTRICT,DAY_OF_WEEK,CHP_SHIFT,POPULATION,CNTY_CITY_LOC,SPECIAL_COND,BEAT_TYPE,CHP_BEAT_TYPE,CITY_DIVISION_LAPD,CHP_BEAT_CLASS,BEAT_NUMBER,PRIMARY_RD,SECONDARY_RD,DISTANCE,DIRECTION,INTERSECTION,WEATHER_1,WEATHER_2,STATE_HWY_IND,CALTRANS_COUNTY,CALTRANS_DISTRICT,STATE_ROUTE,ROUTE_SUFFIX,POSTMILE_PREFIX,POSTMILE,LOCATION_TYPE,RAMP_INTERSECTION,SIDE_OF_HWY,TOW_AWAY,COLLISION_SEVERITY,NUMBER_KILLED,NUMBER_INJURED,PARTY_COUNT,PRIMARY_COLL_FACTOR,PCF_CODE_OF_VIOL,PCF_VIOL_CATEGORY,PCF_VIOLATION,PCF_VIOL_SUBSECTION,HIT_AND_RUN,TYPE_OF_COLLISION,MVIW,PED_ACTION,ROAD_SURFACE,ROAD_COND_1,ROAD_COND_2,LIGHTING,CONTROL_DEVICE,CHP_ROAD_TYPE,PEDESTRIAN_ACCIDENT,BICYCLE_ACCIDENT,MOTORCYCLE_ACCIDENT,TRUCK_ACCIDENT,NOT_PRIVATE_PROPERTY,ALCOHOL_INVOLVED,STWD_VEHTYPE_AT_FAULT,CHP_VEHTYPE_AT_FAULT,COUNT_SEVERE_INJ,COUNT_VISIBLE_INJ,COUNT_COMPLAINT_PAIN,COUNT_PED_KILLED,COUNT_PED_INJURED,COUNT_BICYCLIST_KILLED,COUNT_BICYCLIST_INJURED,COUNT_MC_KILLED,COUNT_MC_INJURED,PRIMARY_RAMP,SECONDARY_RAMP,LATITUDE,LONGITUDE,COUNTY,CITY,POINT_X,POINT_Y
6797552,2015,2016-09-07,9280,2015-01-10,1010,015168,,6,1,9,5700,0,1,1,,2,031,"RT 505","RT 128",5280.00,N,N,A,-,Y,YOL,3,505,-,-,1.400,H,-,S,Y,2,0,3,2,A,-,07,21658,A,N,B,C,A,A,H,-,A,D,1,,,,,Y,,A,01,1,2,0,0,0,0,0,0,0,"- ","- ",38.544820000000001,-121.95325,YOLO,UNINCORPORATED,-121.95318795999999,38.545945019999998
6797553,2015,2016-09-22,9280,2015-01-09,1640,015492,,5,2,9,5700,0,1,1,,2,031,"RT 5","BUCKEYE CREEK BRIDGE",3.00,N,N,A,-,Y,YOL,3,5,-,R,28.580,H,-,S,Y,2,0,2,2,A,-,07,21658,A,N,E,A,A,A,H,-,A,D,1,,,,,Y,,A,01,1,0,1,0,0,0,0,0,0,"- ","- ",38.921889999999998,-121.99809999999999,YOLO,UNINCORPORATED,-121.99749964999999,38.921099920000003
6817747,2015,2016-09-22,9280,2015-02-03,0330,15353,,2,3,9,5700,0,1,1,,2,030,"RT 5","COUNTY ROAD 2",528.00,S,N,A,-,Y,YOL,3,5,-,R,27.680,H,-,N,Y,2,0,2,1,A,-,08,22107,,N,F,A,A,A,H,-,D,D,1,,,Y,,Y,,C,02,1,0,1,0,0,0,0,0,2,"- ","- ",38.909410000000001,-121.98935,YOLO,UNINCORPORATED,-121.98950093000001,38.90951742
6854720,2015,2015-07-13,9280,2015-05-08,2040,13837,,5,2,9,5700,0,3,5,,2,003,"COUNTY ROAD 89","COUNTY RD 26",1210.00,N,N,A,-,N,,,,,,,,,,Y,1,1,1,1,A,-,08,22107,,N,F,A,A,A,H,-,D,D,0,,,,,Y,,D,22,1,0,0,0,0,0,0,0,0,"- ","- ",38.638460000000002,-121.97145999999999,YOLO,UNINCORPORATED,-121.97139934,38.638313320000002
6854721,2015,2015-07-13,5703,2015-05-07,2044,832,13,4,5,4,5703,0,0,0,,0,001,"E GUM AV","THOMAS ST",45.00,W,N,A,-,N,,,,,,,,,,N,1,1,1,2,A,-,11,21954,A,N,G,B,D,A,H,-,E,D,0,Y,,,,Y,,N,60,0,1,0,1,0,0,0,0,0,"- ","- ",,,YOLO,WOODLAND,-121.76114757000001,38.668303799999997
6858317,2015,2016-09-07,9280,2015-02-22,0310,16292,,7,3,9,5700,0,1,3,,2,034,"RT 16","COUNTY ROAD 93",1584.00,W,N,A,-,Y,YOL,3,16,-,-,34.970,H,-,W,Y,2,0,2,2,A,-,01,23152,A,N,A,C,A,A,H,-,D,D,0,,,,,Y,Y,A,01,1,1,0,0,0,0,0,0,0,"- ","- ",38.67248,-121.90237999999999,YOLO,UNINCORPORATED,-121.9021558,38.672430149999997
6871292,2015,2016-06-20,5704,2015-04-01,2147,00108,5704,3,5,4,5704,0,0,0,,0,002,"WEST CAPITOL AV","WESTACRE RD",968.00,E,N,A,-,N,,,,,,,,,,N,2,0,1,2,A,-,11,21955,,F,G,B,D,A,H,-,C,A,0,Y,,,Y,Y,,N,60,1,0,0,0,1,0,0,0,0,"- ","- ",,,YOLO,"WEST SACRAMENTO",-121.52726592,38.580650890000001
6884733,2015,2015-04-22,9280,2015-03-21,0508,017874,,6,3,9,5700,0,3,5,,2,001,"COUNTY ROAD 32A","COUNTY ROAD 105",0.00,,Y,A,-,N,,,80,,,,,,,Y,2,0,1,1,A,-,01,23152,A,N,E,I,A,A,H,-,A,A,0,,,,,Y,Y,A,01,1,0,0,0,0,0,0,0,0,"- ","- ",38.557679999999998,-121.67556,YOLO,UNINCORPORATED,-121.67549644,38.557388609999997
6998111,2015,2016-11-07,9280,2015-06-16,2158,017800,,2,2,9,5700,0,1,1,,2,020,"RT 5","COUNTY ROAD 118",200.00,N,N,A,-,Y,YOL,3,5,-,-,0.724,R,2,S,Y,2,0,1,1,A,-,00,22630,,N,F,A,A,A,H,-,D,D,1,,,Y,,Y,,C,02,1,0,0,0,0,0,0,0,1,"- ","- ",38.672910000000002,-121.6383,YOLO,UNINCORPORATED,-121.63961011000001,38.673222750000001
7068447,2015,2015-09-23,5701,2015-09-10,2059,103,8,4,5,5,5701,0,0,0,,0,004,"COWELL BL","POLE LINE RD",0.00,,Y,A,-,N,,,,,,,,,,N,2,0,3,2,D,-,00,,,N,D,C,A,A,H,-,C,A,0,,,,,Y,,-,"- ",1,0,2,0,0,0,0,0,0,"- ","- ",38.541580000000003,-121.72235000000001,YOLO,DAVIS,-121.72298996000001,38.541349949999997
7088054,2015,2015-10-10,5703,2015-08-20,0907,832,22,4,5,4,5703,0,0,0,,0,001,"EAST ST","ARMFIELD AV",0.00,,Y,A,-,N,,,,,,,,,,N,2,0,1,2,A,-,05,21650,1,N,D,G,A,A,H,-,A,A,0,,Y,,,Y,,L,04,1,0,0,0,0,0,1,0,0,"- ","- ",,,YOLO,WOODLAND,-121.76543992000001,38.678049999999999
7096575,2015,2015-10-15,5703,2015-09-13,1425,2813,44,7,5,4,5703,0,0,0,,0,002,"WOODLAND AV","FREEMAN ST",0.00,,Y,A,-,N,,,,,,,,,,Y,2,0,2,3,A,-,12,22450,A,N,D,C,A,A,H,-,A,A,0,,,Y,,Y,,A,07,2,0,0,0,0,0,0,0,2,"- ","- ",,,YOLO,WOODLAND,-121.77620992999999,38.688339919999997
7114522,2015,2015-11-09,5703,2015-10-15,0519,2011,73,4,5,4,5703,0,0,0,,0,004,"EAST GIBSON RD","OGDEN ST",10.00,E,N,A,-,N,,,,,,,,,,N,2,0,1,2,A,-,11,21950,B,N,G,B,B,A,H,-,C,A,0,Y,,,,Y,,N,60,1,0,0,0,1,0,0,0,0,"- ","- ",,,YOLO,WOODLAND,-121.73560497,38.662779999999998
7181354,2016,2016-02-18,5703,2016-01-06,2030,2840,42,3,5,4,5703,0,0,0,,0,003,"MAIN ST","CLEVELAND ST",0.00,,Y,C,-,N,,,,,,,,,,N,2,0,1,2,A,-,09,21453,,F,C,G,A,B,H,-,C,A,0,,Y,,,Y,,-,,1,0,0,0,0,0,1,0,0,"- ","- ",,,YOLO,WOODLAND,-121.77932992,38.677489970000003
7190243,2016,2016-07-27,5703,2016-05-08,0043,2891,51,7,5,4,5703,0,0,0,,0,004,"PIONEER AV","FARNHAM AV",365.00,S,N,B,-,N,,,,,,,,,,Y,1,1,1,2,A,-,03,22350,,N,E,I,A,B,H,-,C,D,0,,,,,Y,,A,01,1,0,0,0,0,0,0,0,0,"- ","- ",,,YOLO,WOODLAND,-121.74277318,38.671364680000003
7190355,2016,2016-09-13,5704,2016-04-11,1640,00165,,1,5,4,5704,0,0,0,,0,003,"SOUTHPORT PKWY","LAKE WASHINGTON BL",2675.00,W,N,A,-,N,,,,,,,,,,Y,1,2,3,5,C,-,18,,,N,A,C,A,A,H,-,A,D,0,,,,,Y,,-,"- ",1,1,1,0,0,0,0,0,0,"- ","- ",,,YOLO,"WEST SACRAMENTO",-121.54996235999999,38.556480219999997
7190991,2016,2016-02-24,5701,2016-01-13,1616,105,5,3,5,5,5701,0,0,0,,0,002,"5TH ST","I ST",0.00,,Y,A,-,N,,,,,,,,,,N,2,0,1,2,A,-,09,21804,,N,H,G,A,A,H,-,A,D,0,,Y,,,Y,,A,01,1,0,0,0,0,0,1,0,0,"- ","- ",38.547879999999999,-121.73771000000001,YOLO,DAVIS,-121.73770997,38.547879989999998
7195658,2016,2016-03-01,5701,2016-02-13,0059,106,3,6,5,5,5701,0,0,0,,0,001,"F ST","AMAPOLA DR",0.00,,Y,A,-,N,,,,,,,,,,Y,2,0,1,1,A,-,01,23152,A,N,A,I,A,A,H,-,C,D,0,,,Y,,Y,Y,C,02,1,0,0,0,0,0,0,0,1,"- ","- ",38.563789999999997,-121.74449,YOLO,DAVIS,-121.74448989,38.563799950000003
7199647,2016,2018-09-27,5703,2016-04-13,0235,2891,21,3,5,4,5703,0,0,0,,0,001,"COURT ST","EAST ST",0.00,,Y,A,-,N,,,,,,,,,,Y,1,1,0,2,A,-,03,22350,,N,E,I,A,A,H,-,C,A,0,,,,,Y,Y,A,01,0,0,0,0,0,0,0,0,0,"- ","- ",,,YOLO,WOODLAND,-121.76542992,38.678710000000002
7200011,2017,2017-07-28,5704,2017-01-29,1840,00173,,7,5,4,5704,0,0,0,,0,002,"JEFFERSON BL","MICHIGAN BL",680.00,N,N,B,-,N,,,,,,,,,,Y,1,1,0,2,A,-,11,21955,,N,G,B,D,A,H,-,D,D,0,Y,,,,Y,Y,N,60,0,0,0,1,0,0,0,0,0,"- ","- ",,,YOLO,"WEST SACRAMENTO",-121.52620415,38.584732449999997
8069067,2016,2016-06-29,5703,2016-06-13,1205,2856,53,1,5,4,5703,0,0,0,,0,004,"PIONEER AV","BRENNEN DR",300.00,N,N,A,-,N,,,,,,,,,,N,2,0,1,2,A,-,08,22107,,N,B,G,A,A,H,-,A,D,0,,Y,,,Y,,L,04,1,0,0,0,0,0,1,0,0,"- ","- ",,,YOLO,WOODLAND,-121.74219719,38.665513820000001
8166760,2016,2017-03-30,5703,2016-10-19,0303,2891,61,3,5,4,5703,0,0,0,,0,001,"E BEAMER ST","PIONEER AV",0.00,,Y,A,G,N,,,,,,,,,,N,1,1,0,2,A,-,11,21954,A,N,G,B,D,A,H,-,C,A,0,Y,,,,Y,Y,N,60,0,0,0,1,0,0,0,0,0,"- ","- ",38.684550000000002,-121.74683,YOLO,WOODLAND,-121.74678994,38.68449992
8170734,2016,2016-11-28,5704,2016-11-09,0725,06072,,3,5,4,5704,0,0,0,,0,003,"VILLAGE PKWY","REDDING RD",0.00,,Y,E,-,N,,,,,,,,,,Y,2,0,3,2,A,-,09,21801,A,N,A,C,A,A,H,-,A,A,0,,,,,Y,,A,08,2,1,0,0,0,0,0,0,0,"- ","- ",,,YOLO,"WEST SACRAMENTO",-121.52049998,38.552609939999996
8187410,2016,2017-02-01,5704,2016-12-14,0642,00173,,3,5,4,5704,0,0,0,,0,003,"SOUTHPORT PKWY","LAKE WASHINGTON BL",2688.00,W,N,B,-,N,,,,,,,,,,N,2,0,1,2,A,-,03,22350,,N,G,B,F,A,H,-,C,D,0,Y,,,Y,Y,,G,25,1,0,0,0,1,0,0,0,0,"- ","- ",,,YOLO,"WEST SACRAMENTO",-121.55000783,38.556480120000003
8284133,2017,2017-02-22,5704,2017-01-11,1055,00163,,3,5,4,5704,0,0,0,,0,003,"JEFFERSON BL","VALLEY OAK LN",0.00,,Y,A,-,N,,,,,,,,,,N,2,0,1,1,A,-,01,23152,E,N,E,I,A,A,H,-,C,A,0,,,,,Y,,A,01,1,0,0,0,0,0,0,0,0,"- ","- ",,,YOLO,"WEST SACRAMENTO",-121.53321,38.556458999999997
8319011,2017,2017-02-27,5704,2017-02-16,1856,00163,,4,5,4,5704,0,0,0,,0,002,"JEFFERSON BL","PARK BL",233.00,S,N,A,-,N,,,,,,,,,,N,2,0,1,2,A,-,11,21954,A,N,G,B,E,A,H,-,C,A,0,Y,,,,Y,,N,60,1,0,0,0,1,0,0,0,0,"- ","- ",,,YOLO,"WEST SACRAMENTO",-121.52463757,38.575620190000002
8350174,2017,2017-04-21,5703,2017-04-04,1333,2891,82,2,5,4,5703,0,0,0,,0,002,"ASHLEY AV","W MAIN ST",0.00,,Y,A,-,N,,,,,,,,,,N,2,0,1,2,A,-,10,21950,A,N,G,B,B,A,H,-,A,A,0,Y,,,,Y,,A,07,1,0,0,0,1,0,0,0,0,"- ","- ",38.677630000000001,-121.79794,YOLO,WOODLAND,-121.79786987999999,38.677629969999998
8354264,2017,2017-05-04,5704,2017-04-20,0020,06048,,4,5,4,5704,0,0,0,,0,,"HARBOR BL","DULUTH ST",484.00,S,N,B,C,N,,,,,,,,,,N,2,0,1,2,A,-,11,21954,A,N,G,B,E,B,H,-,C,D,0,Y,,,,Y,Y,N,60,1,0,0,0,1,0,0,0,0,"- ","- ",,,YOLO,"WEST SACRAMENTO",-121.54756598,38.583697739999998
8428545,2017,2017-08-22,5703,2017-08-09,1517,2073,,3,5,4,5703,0,0,0,,0,,"MATMOR RD","IRENE DR",118.00,S,N,A,-,N,,,,,,,,,,N,2,0,1,3,A,-,08,22107,,N,C,E,A,A,H,-,A,D,0,,,,,Y,,A,01,1,0,0,0,0,0,0,0,0,"- ","- ",38.669609999999999,-121.75626,YOLO,WOODLAND,-121.75624559000001,38.669265950000003
8428557,2017,2017-08-22,5703,2017-08-06,1535,2097,22,7,5,4,5703,0,0,0,,0,001,"NORTH ST","COLLEGE ST",191.00,E,N,A,-,N,,,,,,,,,,N,2,0,1,2,A,-,11,21950,B,N,G,B,D,A,H,-,A,D,0,Y,,,,Y,,N,60,1,0,0,0,1,0,0,0,0,"- ","- ",38.679920000000003,-121.77467,YOLO,WOODLAND,-121.77399097999999,38.679927220000003
84491280,2024,2024-12-04,5703,2024-11-16,1824,2866,,6,5,4,5703,0,0,0,,0,003,"EAST GIBSON RD","EAST ST",977.00,E,N,A,-,N,,,,,,,,,,Y,2,0,2,2,A,-,09,21804,A,N,A,C,A,A,H,-,C,A,0,,,,,Y,,A,07,1,0,1,0,0,0,0,0,0,"- ","- ",38.662849426269531,-121.76566314697266,YOLO,WOODLAND,-121.76226043701172,38.662799835205078
84495461,2024,2024-12-09,5703,2024-11-07,2116,2891,,4,5,4,5703,0,0,0,,0,003,"WEST ST","LINCOLN AVE",0.00,,Y,A,-,N,,,,,,,,,,Y,2,0,1,2,A,-,12,21453,A,N,D,C,A,A,H,-,C,A,0,,,Y,,Y,,C,02,1,0,0,0,0,0,0,0,1,"- ","- ",38.675731658935547,-121.78408813476562,YOLO,WOODLAND,-121.7840576171875,38.675727844238281
84628668,2024,2025-03-27,5704,2024-08-16,2359,00165,,5,5,4,5704,0,0,0,,0,001,"TOWER BRIDGE GATEWAY","3RD ST",660.00,W,N,A,-,N,,,,,,,,,,Y,2,0,4,2,A,-,01,23152,A,N,C,G,A,A,H,-,C,A,0,,Y,,,Y,Y,A,01,1,2,1,0,0,0,3,0,0,"- ","- ",38.581501007080078,-121.51145935058594,YOLO,"WEST SACRAMENTO",-121.51371002197266,38.582015991210938
84628717,2024,2025-03-27,5704,2024-09-24,1948,06620,,2,5,4,5704,0,0,0,,0,002,"WEST CAPITOL AVE","PINE ST",440.00,W,N,A,-,N,,,,,,,,,,Y,2,0,1,1,A,-,05,21650,,N,E,I,A,A,H,-,C,D,0,,,,,Y,,A,01,1,0,0,0,0,0,0,0,0,"- ","- ",38.578849792480469,-121.55563354492188,YOLO,"WEST SACRAMENTO",-121.55711364746094,38.578781127929688
8465598,2018,2019-02-08,5704,2018-12-19,2341,00165,,3,5,4,5704,0,0,0,,0,002,"INDUSTRIAL BL","HARBOR BL",150.00,W,N,A,-,N,,,,,,,,,,Y,1,1,0,2,A,-,03,22350,,N,C,C,A,A,H,-,C,D,0,,,,Y,Y,,A,07,0,0,0,0,0,0,0,0,0,"- ","- ",,,YOLO,"WEST SACRAMENTO",-121.54994201660156,38.569728851318359
8487961,2017,2017-11-16,5701,2017-10-25,2030,0283,DAVIS,3,5,5,5701,0,0,0,,0,DAVIS,"HUTCHISON DR","OLD DAVIS RD",1058.00,W,N,A,-,N,,,,,,,,,,N,2,0,2,2,A,-,05,21650,,N,D,G,A,A,H,-,C,D,0,,Y,,,Y,,L,04,1,0,1,0,0,0,2,0,0,"- ","- ",,,YOLO,DAVIS,-121.74915790999999,38.53905237
8516658,2017,2018-01-09,5701,2017-09-06,1240,123,4,3,5,5,5701,0,0,0,,0,002,"RUSSELL BL","COLLEGE PARK DR",5.00,W,N,A,-,N,,,,,,,,,,N,2,0,1,2,A,-,08,22107,,N,H,G,A,A,H,-,A,A,0,,Y,,,Y,,A,01,1,0,0,0,0,0,1,0,0,"- ","- ",38.54618,-121.7508,YOLO,DAVIS,-121.75086021,38.54627885
8550222,2018,2018-07-03,5701,2018-01-19,1445,94,5,5,5,5,5701,0,0,0,,0,002,"POLE LINE RD","BIRCH LN",0.00,,Y,A,-,N,,,,,,,,,,N,2,0,2,3,A,-,10,21950,A,N,G,B,B,A,H,-,A,A,0,Y,,,,Y,,A,01,1,1,0,0,2,0,0,0,0,"- ","- ",38.557991027832031,-121.72853088378906,YOLO,DAVIS,-121.72853088378906,38.558399200439453
8583747,2018,2018-04-02,5704,2018-02-25,1340,00165,,7,5,4,5704,0,0,0,,0,001,"TOWER BRIDGE GATEWAY","5TH ST",0.00,,Y,A,-,N,,,,,,,,,,Y,2,0,1,2,A,-,12,21453,A,N,D,C,A,A,H,-,A,A,0,,,Y,,Y,,C,02,1,0,0,0,0,0,0,0,1,"- ","- ",,,YOLO,"WEST SACRAMENTO",-121.5142822265625,38.581939697265625
8614777,2018,2018-05-01,5701,2018-03-25,0225,123,2,7,5,5,5701,0,0,0,,0,001,"VILLANOVA DR","CAROB PL",54.00,W,N,A,-,N,,,,,,,,,,Y,2,0,4,1,A,-,01,23152,A,N,E,I,A,A,H,-,C,D,0,,,,,Y,Y,A,01,2,2,0,0,0,0,0,0,0,"- ","- ",38.555999755859375,-121.75463104248047,YOLO,DAVIS,-121.75479888916016,38.556064605712891
8621975,2018,2018-05-29,5703,2018-05-06,1946,2097,51,7,5,4,5703,0,0,0,,0,004,"EAST MAIN ST","YOLO POLO PLAZA",0.00,,Y,A,-,N,,,,,,,,,,Y,2,0,2,2,A,-,01,23152,A,N,A,C,A,A,H,-,A,A,0,,,,,Y,Y,A,01,1,1,0,0,0,0,0,0,0,"- ","- ",38.677169799804688,-121.73951721191406,YOLO,WOODLAND,-121.73946323,38.677167969999999
8631135,2018,2018-06-07,5701,2018-05-02,0530,110,7,3,5,5,5701,0,0,0,,0,003,"MACE BL","RD 32A",0.00,,Y,A,-,N,,,,,,,,,,N,2,0,1,2,D,-,00,,,N,H,G,A,A,H,-,B,A,0,,Y,,,Y,,-,"- ",1,0,0,0,0,0,1,0,0,"- ","- ",38.556568145751953,-121.69419860839844,YOLO,DAVIS,-121.69413757324219,38.556560516357422
8641651,2018,2018-06-22,5701,2018-06-10,1101,106,8,7,5,5,5701,0,0,0,,0,004,"LILLARD DR","FARRAGUT CIR",0.00,,Y,A,-,N,,,,,,,,,,Y,2,0,1,2,A,-,08,22107,,N,H,G,A,A,H,-,A,D,0,,Y,,,Y,,L,04,1,0,0,0,0,0,1,0,0,"- ","- ",38.541439056396484,-121.72280120849609,YOLO,DAVIS,-121.72113800048828,38.541248321533203
8646428,2018,2018-07-02,5703,2018-06-04,0739,2858,73,1,5,4,5703,0,0,0,,0,004,"MAXWELL AV","FARNHAM AV",8.00,E,N,A,-,N,,,,,,,,,,N,2,0,1,2,A,-,10,21950,A,N,G,B,B,A,H,-,A,D,0,Y,,,,Y,,A,07,1,0,0,0,1,0,0,0,0,"- ","- ",38.667701721191406,-121.73300170898438,YOLO,WOODLAND,-121.73295593261719,38.667705535888672
8648370,2018,2018-11-30,5704,2018-09-12,1153,00166,,3,5,4,5704,0,0,0,,0,002,"ENTERPRISE BL","INDUSTRIAL BL",245.00,N,N,B,-,N,,,,,,,,,,Y,1,1,0,2,A,-,08,22100,A,N,D,C,A,A,H,-,A,D,0,,,Y,Y,Y,,G,25,0,0,0,0,0,0,0,1,0,"- ","- ",,,YOLO,"WEST SACRAMENTO",-121.57845306396484,38.570873260498047
8648508,2018,2020-05-26,5704,2018-11-29,2300,00165,,4,5,4,5704,0,0,0,,0,002,"HARBOR BL","BEACON BL",400.00,N,N,B,-,N,,,,,,,,,,N,1,1,0,2,A,-,11,21954,A,N,G,B,E,B,H,-,D,D,0,Y,,,,Y,Y,N,60,0,0,0,1,0,0,0,0,0,"- ","- ",,,YOLO,"WEST SACRAMENTO",-121.54865264892578,38.573017120361328
8648616,2019,2021-05-25,5704,2019-01-10,0116,00173,,4,5,4,5704,0,0,0,,0,002,"JEFFERSON BL","15TH ST",0.00,,Y,B,-,N,,,,,,,,,,Y,1,1,0,2,A,-,12,21453,A,N,D,G,A,B,H,-,C,A,0,,Y,,,Y,Y,L,04,0,0,0,0,0,1,0,0,0,"- ","- ",,,YOLO,"WEST SACRAMENTO",-121.5234375,38.571308135986328
8705248,2018,2018-10-10,5703,2018-09-05,0606,2891,42,3,5,4,5703,0,0,0,,0,002,"COURT ST","CLEVELAND ST",0.00,,Y,A,-,N,,,,,,,,,,N,2,0,1,2,A,-,10,21950,A,N,G,B,B,A,H,-,C,A,0,Y,,,,Y,,D,22,1,0,0,0,1,0,0,0,0,"- ","- ",38.678791046142578,-121.77935028076172,YOLO,WOODLAND,-121.77934265136719,38.678821563720703
8730995,2018,2018-11-05,5703,2018-10-16,2020,2865,23,2,5,4,5703,0,0,0,,0,001,"EAST ST","EAST BEAMER ST",0.00,,Y,A,-,N,,,,,,,,,,Y,2,0,2,2,A,-,12,21453,A,N,D,C,A,A,H,-,C,A,0,,,Y,,Y,Y,A,01,1,0,1,0,0,0,0,0,1,"- ","- ",38.684661865234375,-121.76532745361328,YOLO,WOODLAND,-121.76535034179688,38.684658050537109
8735420,2018,2018-11-21,5701,2018-11-07,1539,105,4,3,5,5,5701,0,0,0,,0,002,"B ST",8TH,84.00,N,N,A,-,N,,,,,,,,,,N,2,0,1,2,A,-,03,22350,,F,G,B,F,A,H,-,A,A,0,Y,,,,Y,,A,01,1,0,0,0,1,0,0,0,0,"- ","- ",38.550670623779297,-121.74635314941406,YOLO,DAVIS,-121.74639892578125,38.550899505615234
8737743,2018,2018-11-27,5704,2018-11-03,0001,06091,,6,5,4,5704,0,0,0,,0,002,"SOUTHPORT PKWY","RAMCO ST",2112.00,N,N,A,-,N,,,,,,,,,,Y,2,0,1,1,A,-,01,23152,A,N,F,I,A,A,H,-,D,D,0,,,,,Y,Y,A,07,1,0,0,0,0,0,0,0,0,"- ","- ",,,YOLO,"WEST SACRAMENTO",-121.55609130859375,38.555690765380859
8744845,2018,2019-01-25,5704,2018-11-19,1135,06033,,1,5,4,5704,0,0,0,,0,002,"5TH ST","F ST",0.00,,Y,B,-,N,,,,,,,,,,Y,2,0,3,4,A,-,09,21802,A,N,D,C,F,A,H,-,A,A,0,Y,,,,Y,,A,01,1,0,2,0,1,0,0,0,0,"- ","- ",,,YOLO,"WEST SACRAMENTO",-121.5135498046875,38.584880828857422
8829394,2019,2019-04-25,5702,2019-02-26,1054,538,5702,2,5,2,5702,0,0,0,,0,00A,"MAIN ST","RAILROAD AV",247.00,W,N,B,C,N,,,,,,,,,,N,2,0,1,2,A,-,21,22106,,N,A,B,F,B,H,-,A,D,0,Y,,,,Y,,-,,1,0,0,0,1,0,0,0,0,"- ","- ",,,YOLO,WINTERS,-121.96966552734375,38.521575927734375
8848229,2019,2019-05-01,5704,2019-04-10,0128,06018,,3,5,4,5704,0,0,0,,0,003,"JEFFERSON BL","LINDEN RD S",1580.00,S,N,A,-,N,,,,,,,,,,Y,2,0,1,1,A,-,05,21650,,N,E,I,A,A,H,-,D,D,0,,,,,Y,,D,22,1,0,0,0,0,0,0,0,0,"- ","- ",38.539478302001953,-121.54958343505859,YOLO,"WEST SACRAMENTO",-121.55296325683594,38.535926818847656
8849139,2019,2019-05-01,5701,2019-04-16,1154,227,3,2,5,5,5701,0,0,0,,0,001,"RUSSELL BL","ANDERSON RD",0.00,,Y,A,-,N,,,,,,,,,,N,2,0,1,1,A,-,03,22350,,N,H,J,A,A,H,-,A,A,0,,Y,,,Y,,L,04,1,0,0,0,0,0,1,0,0,"- ","- ",38.546718597412109,-121.75817108154297,YOLO,DAVIS,-121.75875854492188,38.546409606933594
8881726,2019,2019-07-02,5701,2019-06-09,1657,227,3,7,5,5,5701,0,0,0,,0,001,"RUSSELL BL","CALIFORNIA AV",0.00,,Y,A,-,N,,,,,,,,,,Y,2,0,1,2,A,-,09,21800,A,N,D,G,A,A,H,-,A,A,0,,Y,,,Y,,A,01,1,0,0,0,0,0,1,0,0,"- ","- ",38.546298980712891,-121.7540283203125,YOLO,DAVIS,-121.7540283203125,38.546188354492188
8886513,2019,2019-07-16,5704,2019-06-18,0528,06698,,2,5,4,5704,0,0,0,,0,003,"JEFFERSON BL","ARMFIELD AV",1056.00,S,N,A,-,N,,,,,,,,,,Y,2,0,1,1,A,-,01,23152,A,N,F,A,A,A,H,-,B,D,0,,,,,Y,Y,A,08,1,0,0,0,0,0,0,0,0,"- ","- ",38.506999969482422,-121.57879638671875,YOLO,"WEST SACRAMENTO",-121.58126068115234,38.505611419677734
8909346,2019,2019-09-03,5701,2019-07-10,0648,222,4,3,5,5,5701,0,0,0,,0,002,"G ST","3RD ST",15.00,S,N,A,-,N,,,,,,,,,,N,2,0,1,2,A,-,12,22450,A,N,H,G,A,A,H,-,A,A,0,,Y,,,Y,,L,04,1,0,0,0,0,0,1,0,0,"- ","- ",38.544929504394531,-121.73925018310547,YOLO,DAVIS,-121.73927307128906,38.544887542724609
8910878,2019,2021-05-24,5703,2019-10-10,0912,2865,22,4,5,4,5703,0,0,0,,0,001,"6TH ST","MAIN ST",8.00,S,N,A,-,N,,,,,,,,,,Y,1,1,0,2,A,-,10,21950,A,N,G,B,B,A,H,-,A,D,0,Y,,,,Y,,D,22,0,0,0,1,0,0,0,0,0,"- ","- ",,,YOLO,WOODLAND,-121.76715087890625,38.677379608154297
8911655,2020,2020-10-07,5704,2020-08-22,1622,00166,,6,5,4,5704,0,0,0,,0,002,"SOUTH RIVER RD","LOCKS RD",2225.00,N,N,F,-,N,,,,,,,,,,Y,1,1,0,1,A,-,01,23152,A,N,E,I,A,A,H,-,A,D,0,,,,,Y,Y,A,01,0,0,0,0,0,0,0,0,0,"- ","- ",,,YOLO,"WEST SACRAMENTO",-121.52375030517578,38.566074371337891
8911661,2020,2020-10-22,5702,2020-05-28,0601,543,5702,4,5,2,5702,0,0,0,,0,00B,"EAST GRANT AV","MORGAN ST",250.00,W,N,A,-,Y,YOL,3,128,-,-,9.100,H,-,E,Y,1,1,0,2,A,-,09,21801,A,N,D,C,A,A,H,-,A,D,0,,,,,Y,,D,22,0,0,0,0,0,0,0,0,0,"- ","- ",,,YOLO,WINTERS,-121.96553039550781,38.526912689208984
8911953,2020,2021-01-07,5704,2020-08-13,2031,06015,,4,5,4,5704,0,0,0,,0,001,"F ST","5TH ST",130.00,W,N,A,-,N,,,,,,,,,,N,1,1,0,2,A,-,11,21954,A,F,G,B,D,A,H,-,D,D,0,Y,,,,Y,,N,60,0,0,0,1,0,0,0,0,0,"- ","- ",38.584911346435547,-121.51344299316406,YOLO,"WEST SACRAMENTO",-121.51399993896484,38.584934234619141