CASE_ID,ACCIDENT_YEAR,PROC_DATE,JURIS,COLLISION_DATE,COLLISION_TIME,OFFICER_ID,REPORTING_DISTRICT,DAY_OF_WEEK,CHP_SHIFT,POPULATION,CNTY_CITY_LOC,SPECIAL_COND,BEAT_TYPE,CHP_BEAT_TYPE,CITY_DIVISION_LAPD,CHP_BEAT_CLASS,BEAT_NUMBER,PRIMARY_RD,SECONDARY_RD,DISTANCE,DIRECTION,INTERSECTION,WEATHER_1,WEATHER_2,STATE_HWY_IND,CALTRANS_COUNTY,CALTRANS_DISTRICT,STATE_ROUTE,ROUTE_SUFFIX,POSTMILE_PREFIX,POSTMILE,LOCATION_TYPE,RAMP_INTERSECTION,SIDE_OF_HWY,TOW_AWAY,COLLISION_SEVERITY,NUMBER_KILLED,NUMBER_INJURED,PARTY_COUNT,PRIMARY_COLL_FACTOR,PCF_CODE_OF_VIOL,PCF_VIOL_CATEGORY,PCF_VIOLATION,PCF_VIOL_SUBSECTION,HIT_AND_RUN,TYPE_OF_COLLISION,MVIW,PED_ACTION,ROAD_SURFACE,ROAD_COND_1,ROAD_COND_2,LIGHTING,CONTROL_DEVICE,CHP_ROAD_TYPE,PEDESTRIAN_ACCIDENT,BICYCLE_ACCIDENT,MOTORCYCLE_ACCIDENT,TRUCK_ACCIDENT,NOT_PRIVATE_PROPERTY,ALCOHOL_INVOLVED,STWD_VEHTYPE_AT_FAULT,CHP_VEHTYPE_AT_FAULT,COUNT_SEVERE_INJ,COUNT_VISIBLE_INJ,COUNT_COMPLAINT_PAIN,COUNT_PED_KILLED,COUNT_PED_INJURED,COUNT_BICYCLIST_KILLED,COUNT_BICYCLIST_INJURED,COUNT_MC_KILLED,COUNT_MC_INJURED,PRIMARY_RAMP,SECONDARY_RAMP,LATITUDE,LONGITUDE,COUNTY,CITY,POINT_X,POINT_Y
8930661,2019,2019-09-04,5703,2019-06-11,1506,2807,35,2,5,4,5703,0,0,0,,0,004,"BLANCHARD DR","SHELL HAMMER DR",0.00,,Y,A,-,N,,,,,,,,,,N,2,0,1,1,A,-,08,22107,,N,H,A,A,A,A,-,A,D,0,,,,,Y,,B,01,1,0,0,0,0,0,0,0,0,"- ","- ",,,YOLO,WOODLAND,-121.752073,38.656911999999998
8935355,2019,2019-09-13,5703,2019-08-23,0538,2876,11,5,5,4,5703,0,0,0,,0,001,"EAST MAIN ST","EAST ST",300.00,E,N,A,-,N,,,,,,,,,,N,2,0,1,2,A,-,11,21954,A,N,G,B,D,A,H,-,C,D,0,Y,,,,Y,Y,N,60,1,0,0,0,1,0,0,0,0,"- ","- ",,,YOLO,WOODLAND,-121.76436614990234,38.67742919921875
8939459,2019,2020-01-08,5704,2019-11-29,2020,00166,,5,5,4,5704,0,0,0,,0,002,"WEST CAPITOL AV","PECAN ST",0.00,,Y,A,-,N,,,,,,,,,,N,1,1,0,2,A,-,10,21950,A,N,G,B,B,A,H,-,E,D,0,Y,,,,Y,Y,A,01,0,0,0,1,0,0,0,0,0,"- ","- ",38.579700469970703,-121.54199981689453,YOLO,"WEST SACRAMENTO",-121.54197692871094,38.579689025878906
8980928,2019,2019-12-03,5701,2019-09-27,1657,220,9,5,5,5,5701,0,0,0,,0,004,"CHILES RD","RT 80",427.00,W,N,A,-,N,,,,,,,,,,N,2,0,1,2,A,-,09,21801,,N,D,C,A,A,H,-,A,D,0,,Y,,,Y,,A,01,1,0,0,0,0,0,1,0,0,"- ",EF,38.550548553466797,-121.69735717773438,YOLO,DAVIS,-121.69743347167969,38.550907135009766
8983193,2019,2019-12-11,5703,2019-10-25,0818,2865,44,5,5,4,5703,0,0,0,,0,002,"WEST BEAMER ST","WEST ST",0.00,,Y,A,-,N,,,,,,,,,,Y,2,0,1,3,A,-,09,21801,A,N,D,C,A,A,H,-,A,A,0,,,,,Y,,A,07,1,0,0,0,0,0,0,0,0,"- ","- ",38.684810638427734,-121.78392028808594,YOLO,WOODLAND,-121.78395080566406,38.684791564941406
90010418,2015,2015-10-19,9280,2015-08-09,1830,018034,,7,2,9,5700,0,1,3,,1,024,"SR-16 WESTBOUND","COUNTY ROAD 22",374.00,W,N,A,-,Y,,,16,,,,,,W,Y,2,0,1,1,A,-,08,22107,,N,F,A,A,A,H,-,A,D,0,,,,,Y,,A,01,1,0,0,0,0,0,0,0,0,"- ","- ",38.673490000000001,-121.86364,YOLO,UNINCORPORATED,-121.86354372,38.673303760000003
90054175,2015,2015-11-19,9280,2015-10-30,2225,016292,,5,3,9,5700,0,1,3,,2,032,"SR-128 W/B","EQUUS LN.",9504.00,E,N,A,-,Y,,,128,,,,,,W,Y,2,0,1,1,C,-,18,,,N,H,H,A,A,H,-,D,D,0,,,Y,,Y,,-,"- ",1,0,0,0,0,0,0,0,1,"- ","- ",38.515059999999998,-122.07943,YOLO,UNINCORPORATED,-122.07943281999999,38.51505006
90056979,2015,2015-11-23,9280,2015-08-16,0920,015128,,7,1,9,5700,0,3,5,,2,002,"COUNTY ROAD 25A","COUNTY ROAD 98",0.00,,Y,A,-,N,,,,,,,,,,Y,1,1,2,2,A,-,01,23152,E,N,D,C,A,A,H,-,A,A,0,,,,,Y,,A,01,1,0,1,0,0,0,0,0,0,"- ","- ",38.641509999999997,-121.80259,YOLO,UNINCORPORATED,-121.80269991999999,38.641409969999998
90058137,2015,2015-11-24,9280,2015-08-30,0005,016254,,7,3,9,5700,0,3,5,,2,002,"COUNTY ROAD 25A","COUNTY ROAD 99",656.00,W,N,A,-,N,,,,,,,,,,Y,1,1,0,1,A,-,01,23152,A,N,E,I,A,A,H,-,D,D,0,,,,,Y,Y,A,07,0,0,0,0,0,0,0,0,0,"- ","- ",38.641190000000002,-121.78672,YOLO,UNINCORPORATED,-121.78688708999999,38.64120964
90096301,2015,2016-01-15,9280,2015-12-17,0715,016144,,4,1,9,5700,0,1,3,,2,034,SR-16,"SHADOW VALLEY RD.",0.00,,Y,B,-,Y,,,16,,,,,,,Y,1,1,1,2,A,-,09,21801,A,N,D,C,A,A,H,-,B,D,0,,,,,Y,,D,22,0,1,0,0,0,0,0,0,0,"- ","- ",38.802489999999999,-122.18049000000001,YOLO,UNINCORPORATED,-122.18014662,38.802524380000001
90129043,2016,2016-03-03,9280,2016-02-19,2255,016027,,5,3,9,5700,0,2,4,,2,025,"COUNTY ROAD 98","COUNTY ROAD 30",1584.00,N,N,B,-,N,,,,,,,,,,Y,2,0,1,1,A,-,08,22107,,N,E,I,A,A,H,-,D,D,0,,,,,Y,,A,01,1,0,0,0,0,0,0,0,0,"- ","- ",38.580820000000003,-121.80314,YOLO,UNINCORPORATED,-121.80318835,38.580430370000002
90151073,2016,2016-04-05,9280,2016-03-24,0818,016214,,4,1,4,5704,0,1,2,,2,011,"WB US-50","HARBOR BLVD",195.00,W,N,A,-,Y,,,50,,,,,,,Y,2,0,4,3,A,-,03,22350,,N,C,C,A,A,H,-,A,D,0,,,,,Y,,A,01,1,0,3,0,0,0,0,0,0,"- ","- ",38.575060000000001,-121.54935999999999,YOLO,"WEST SACRAMENTO",-121.5493608,38.575154580000003
90153858,2016,2016-04-08,9280,2016-03-27,1859,017964,,7,2,9,5700,0,3,5,,2,003,"COUNTY ROAD 49","COUNTY ROAD 56",1848.00,E,N,A,-,N,,,,,,,,,,N,2,0,2,1,A,-,08,22107,,N,E,J,A,A,E,-,A,D,0,,,Y,,Y,,C,06,2,0,0,0,0,0,0,0,2,"- ","- ",38.817880000000002,-122.19199,YOLO,UNINCORPORATED,-122.19196602,38.817766079999998
90232212,2016,2016-07-28,9280,2016-07-24,0445,018205,,7,3,9,5700,0,3,5,,2,003,"COUNTY ROAD 85","COUNTY ROAD 16A",3696.00,S,N,A,-,N,,,,,,,,,,Y,2,0,1,1,A,-,01,23152,A,N,E,I,A,A,H,-,D,D,0,,,,,Y,Y,A,01,1,0,0,0,0,0,0,0,0,"- ","- ",38.732700000000001,-121.04546999999999,YOLO,UNINCORPORATED,-122.04530223,38.734639530000003
90257407,2016,2016-09-21,9280,2016-07-07,0448,016042,,4,3,5,5701,0,1,1,,2,010,"I-80 E/B","RICHARDS BLVD.",528.00,E,N,A,-,Y,,,80,,,,,,E,Y,1,1,0,4,A,-,08,22107,,N,E,I,A,A,H,-,C,D,0,,,,Y,Y,,G,25,0,0,0,0,0,0,0,0,0,"- ","- ",38.542589999999997,-121.73175000000001,YOLO,DAVIS,-121.7319566,38.54286982
90263372,2016,2016-09-07,9280,2016-08-20,0610,016214,,6,1,9,5700,0,1,1,,2,010,"CHILES RD","CHILES RD. OFF RAMP FROM WB I-80",377.00,W,N,A,-,N,,,,,,,,,,Y,2,0,1,1,A,-,08,22107,,N,E,I,A,A,H,-,A,D,0,,,Y,,Y,,C,02,1,0,0,0,0,0,0,0,1,"- ","- ",38.56138,-121.64457,YOLO,UNINCORPORATED,-121.69727862000001,38.550892400000002
90263959,2016,2016-09-08,9280,2016-08-27,1945,018034,,6,2,9,5700,0,3,5,,2,003,"28272-28998 COUNTY ROAD 25","COUNTY ROAD 89",2700.00,W,N,A,-,N,,,,,,,,,,N,2,0,1,1,A,-,08,22107,,N,F,A,A,A,H,-,D,D,0,,,Y,,Y,,C,06,1,0,0,0,0,0,0,0,1,"- ","- ",38.654969999999999,-121.98075,YOLO,UNINCORPORATED,-121.98081492999999,38.64952255
90278605,2016,2016-10-13,9280,2016-09-04,2040,017375,,7,2,9,5700,0,3,5,,2,002,"OLD RIVER ROAD","COUNTY ROAD 124",528.00,N,N,A,-,N,,,,,,,,,,Y,2,0,2,2,A,-,01,23152,A,N,A,C,A,A,H,-,D,D,0,,,,,Y,Y,A,08,2,0,0,0,0,0,0,0,0,"- ","- ",36.661799999999999,-121.6151,YOLO,UNINCORPORATED,-121.61519056,38.661920559999999
90284223,2016,2016-10-05,9280,2016-09-30,1300,016144,,5,1,9,5700,0,3,5,,2,003,"COUNTY ROAD 85","COUNTY ROAD 14",3168.00,S,N,A,-,N,,,,,,,,,,Y,2,0,1,1,A,-,08,22107,,N,F,A,A,A,H,-,A,D,0,,,,,Y,,A,01,1,0,0,0,0,0,0,0,0,"- ","- ",38.77187,-122.04394000000001,YOLO,UNINCORPORATED,-122.04400011,38.772379669999999
90299686,2016,2016-10-24,9280,2016-06-03,0908,017629,,5,1,9,5700,0,1,1,,2,020,"I-5 S/B","COUNTY LINE ROAD",140.00,S,N,A,-,Y,,,5,,,,,,S,Y,1,1,0,1,A,-,08,22107,,N,E,I,A,A,H,-,A,D,0,,,,,Y,,A,01,0,0,0,0,0,0,0,0,0,"- ","- ",38.922849999999997,-121.99858,YOLO,UNINCORPORATED,-121.99861702,38.922826039999997
90300766,2016,2016-10-25,9280,2016-10-18,1456,018874,,2,2,5,5701,0,1,1,,2,010,"I-80 E/B","MACE BLVD",5722.00,W,N,A,-,Y,,,80,,,,,,E,Y,2,0,1,2,A,-,03,22350,,N,B,C,A,A,H,-,A,D,0,,,Y,,Y,,C,02,1,0,0,0,0,0,0,0,1,"- ","- ",38.547170000000001,-121.71908999999999,YOLO,DAVIS,-121.71910871999999,38.547252100000001
90316338,2016,2016-11-10,9280,2016-11-02,0600,017883,,3,1,9,5700,0,3,5,,2,003,"STATE ROUTE 16","COUNTY ROAD 45",901.00,E,N,A,-,Y,,,,,,,,,,Y,2,0,1,1,A,-,08,22107,,N,E,I,A,A,H,-,D,D,0,,,,,Y,,D,22,1,0,0,0,0,0,0,0,0,"- ","- ",38.841720000000002,-121.20202,YOLO,UNINCORPORATED,-122.20212556,38.841816260000002
90320735,2016,2016-11-16,9280,2016-09-28,1650,017351,,3,2,9,5700,0,1,3,,1,024,"STATE ROUTE 16","COUNTY ROAD 97",36.00,W,N,A,-,Y,,,16,,,,,,,Y,1,1,3,2,A,-,08,22107,,N,A,C,A,A,H,-,A,D,0,,,,,Y,,A,08,1,1,1,0,0,0,0,0,0,"- ","- ",38.677810000000001,-121.82128,YOLO,UNINCORPORATED,-121.82128046,38.677785200000002
90371333,2017,2017-01-18,9280,2017-01-02,1459,016929,,1,2,9,5700,0,1,3,,2,034,SR-16,"OAKDALE RANCH LN",200.00,E,N,C,-,Y,,,16,,,,,,,Y,2,0,4,2,A,-,08,22107,,N,A,C,A,B,H,-,A,D,0,,,,,Y,,A,01,1,0,3,0,0,0,0,0,0,"- ","- ",38.686280000000004,-121.9987,YOLO,UNINCORPORATED,-121.99869968,38.686282210000002
90404886,2017,2017-03-02,9280,2017-02-17,2100,013837,,5,2,9,5700,0,3,5,,2,003,"COUNTY ROAD 88","COUNTY ROAD 6",520.00,N,N,A,-,N,,,,,,,,,,Y,2,0,1,1,A,-,08,22107,,N,F,I,A,A,H,-,D,D,0,,,,,Y,,A,01,1,0,0,0,0,0,0,0,0,"- ","- ",38.883020000000002,-121.98942,YOLO,UNINCORPORATED,-121.9896043,38.883138109999997
90406002,2017,2017-03-15,9280,2017-02-19,0505,018276,,7,3,4,5704,0,1,2,,2,011,"US-50 E/B","HARBOR BOULEVARD",1427.00,W,N,B,C,Y,,,50,,,,,,E,Y,2,0,3,2,A,-,08,22107,,N,D,C,A,B,H,-,C,D,0,,,,,Y,Y,A,01,1,1,1,0,0,0,0,0,0,"- ","- ",38.575029999999998,-121.55410999999999,YOLO,"WEST SACRAMENTO",-121.55411143000001,38.574952439999997
90417632,2017,2017-03-22,9280,2017-03-16,0645,017964,,4,1,9,5700,0,3,5,,2,003,"COUNTY ROAD 93","COUNTY ROAD 24",0.00,,Y,A,-,N,,,,,,,,,,Y,2,0,2,2,A,-,09,21802,A,N,D,C,A,A,H,-,B,A,0,,,,,Y,,A,07,1,1,0,0,0,0,0,0,0,"- ","- ",38.663519999999998,-121.89516,YOLO,UNINCORPORATED,-121.89510991,38.663539989999997
90443821,2017,2017-04-27,9280,2017-02-13,1010,017772,,1,1,5,5701,0,1,1,,2,010,"I-80 E/B","MACE BOULEVARD O/C",1584.00,E,N,A,-,Y,,,80,,,,,,E,Y,1,1,0,1,A,-,08,22107,,N,E,I,A,A,H,-,A,D,0,,,,,Y,,A,01,0,0,0,0,0,0,0,0,0,"- ","- ",38.554499999999997,-121.68653999999999,YOLO,DAVIS,-121.68656882000001,38.554630170000003
90458918,2017,2017-10-18,9280,2017-04-13,1645,013837,,4,2,9,5700,0,1,1,,2,020,"I-5 S/B","SACRAMENTO COUNTY LINE",12144.00,N,N,A,-,Y,,,5,,,,,,S,Y,1,1,2,3,A,-,03,22350,,N,C,C,A,A,H,-,A,D,0,,,,,Y,,D,22,0,1,1,0,0,0,0,0,0,"- ","- ",38.673360000000002,-121.6678,YOLO,UNINCORPORATED,-121.66779995,38.673369559999998
90461314,2017,2017-05-23,9280,2017-05-20,1400,012272,,6,2,9,5700,0,3,5,,2,003,"COUNTY ROAD 85 (7100 BLK)","COUNTY ROAD 100",4224.00,N,N,A,-,N,,,,,,,,,,Y,2,0,1,1,A,-,08,22107,,N,E,I,A,A,H,-,A,A,0,,,Y,,Y,,C,02,1,0,0,0,0,0,0,0,1,"- ","- ",38.851799999999997,-122.04349999999999,YOLO,UNINCORPORATED,-122.043643,38.850754350000003
90473193,2017,2017-06-07,9280,2017-04-09,0950,017772,,7,1,9,5700,0,1,1,,2,020,"I-5 S/B","COUNTY ROAD 96 O/C",2112.00,N,N,A,-,Y,,,5,,,,,,S,Y,1,2,2,4,A,-,07,21658,A,F,B,C,A,A,H,-,A,D,0,,,,,Y,,A,01,0,1,1,0,0,0,0,0,0,"- ","- ",38.762520000000002,-121.84493999999999,YOLO,UNINCORPORATED,-121.84489573,38.762551539999997
90483854,2017,2017-06-22,9280,2017-06-15,1044,018276,,4,1,4,5704,0,1,2,,2,011,"US-50 W/B","HARBOR BLVD",606.00,E,N,A,-,Y,,,50,,,,,,W,Y,2,0,11,3,A,-,03,22350,,N,C,C,A,A,H,-,A,D,0,,,,,Y,,D,22,2,3,6,0,0,0,0,0,0,"- ","- ",38.575119999999998,-121.54746,YOLO,"WEST SACRAMENTO",-121.54745985,38.575155279999997
90499749,2017,2017-07-13,9280,2017-06-16,1710,016289,,5,2,5,5701,0,3,5,,2,001,"COUNTY ROAD 32B","COUNTY ROAD 32A",10560.00,E,N,A,-,N,,,,,,,,,,Y,2,0,4,2,A,-,03,22350,,N,C,C,A,A,H,-,A,D,0,,,,,Y,,D,22,1,0,3,0,0,0,0,0,0,"- ","- ",38.563070000000003,-121.64961,YOLO,DAVIS,-121.63861,38.563510000000001
90523686,2017,2017-08-15,9280,2017-08-04,2035,019094,,5,2,4,5704,0,1,1,,2,010,"I-80 W/B","REED AVE.",5304.00,W,N,A,-,Y,,,,,,,,,,Y,2,0,2,1,A,-,08,22107,,N,E,I,A,A,H,-,D,D,0,,,,,Y,,A,01,1,1,0,0,0,0,0,0,0,"- ","- ",38.579270000000001,-122.56108,YOLO,"WEST SACRAMENTO",-121.56125268,38.579136869999999
90537289,2017,2017-08-30,9280,2017-08-21,2208,016929,,1,3,4,5704,0,1,2,,2,011,"US-50 E/B","WESTACRE RD",360.00,W,N,A,-,Y,,,50,,,,,,E,Y,2,0,4,2,A,-,03,22350,,N,C,C,A,A,D,-,A,A,0,,,,,Y,,A,01,1,0,3,0,0,0,0,0,0,"- ","- ",38.575699999999998,-121.53191,YOLO,"WEST SACRAMENTO",-121.53190651,38.575685819999997
90552896,2017,2017-09-21,9280,2017-07-19,2025,013837,,3,2,9,5700,0,3,5,,2,001,"COUNTY ROAD 32B","WEBSTER STREET",1584.00,W,N,A,-,N,,,,,,,,,,Y,1,1,0,1,A,-,01,23152,G,N,F,I,A,A,H,-,B,D,0,,,Y,,Y,Y,C,02,0,0,0,0,0,0,0,1,0,"- ","- ",38.56127,-121.64407,YOLO,UNINCORPORATED,-121.64718032,38.561472090000002
90570977,2017,2017-10-16,9280,2017-10-03,0827,017963,,2,1,4,5704,0,1,2,,2,011,"US-50 E/B","I-80 W/B",10.00,E,N,A,-,Y,,,50,,,,,,E,Y,2,0,1,2,A,-,03,22350,,N,C,C,A,A,H,-,A,D,0,,,Y,,Y,,C,02,1,0,0,0,0,0,0,0,1,"- ","- ",38.575360000000003,-121.56417999999999,YOLO,"WEST SACRAMENTO",-121.56417505,38.57545365
90571021,2017,2017-10-16,9280,2017-10-05,1600,020830,,4,2,9,5700,0,3,5,,2,002,"COUNTY ROAD 116B","COUNTY ROAD 16",265.00,N,N,A,-,N,,,,,,,,,,Y,2,0,1,1,A,-,21,22106,,N,E,A,A,A,H,-,A,D,0,,,,,Y,,A,08,1,0,0,0,0,0,0,0,0,"- ","- ",38.760919999999999,-121.67954,YOLO,UNINCORPORATED,-121.67811269000001,38.7492983
90581186,2017,2017-10-27,9280,2017-10-23,1035,012272,,1,1,9,5700,0,1,3,,2,032,"SR-128 EB TO I-505 SB ON-RAMP",SR-128,135.00,S,N,A,-,Y,,,128,,,,R,,E,Y,2,0,1,1,A,-,08,22107,,N,F,A,A,A,H,-,A,A,0,,,,Y,Y,,G,25,1,0,0,0,0,0,0,0,0,"- ","- ",38.530500000000004,-121.95489999999999,YOLO,UNINCORPORATED,-121.95489999999999,38.530500000000004
90594145,2017,2017-11-14,9280,2017-11-06,2145,015492,,1,2,9,5700,0,1,1,,2,030,"I-5 N/B","COUNTY ROAD 4",2112.00,S,N,A,-,Y,,,5,,,,,,N,Y,2,0,1,1,A,-,08,22107,,N,E,I,A,A,H,-,C,D,0,,,,,Y,,A,01,1,0,0,0,0,0,0,0,0,"- ","- ",38.891570000000002,-121.97801,YOLO,UNINCORPORATED,-121.97797585000001,38.891585739999996
90598518,2017,2017-11-20,9280,2017-07-29,1210,017963,,6,1,9,5700,0,3,5,,2,003,"COUNTY ROAD 90A","COUNTY ROAD 19",28.00,N,N,A,-,N,,,,,,,,,,Y,1,1,0,2,A,-,01,23152,F,N,D,C,A,A,H,-,A,D,0,,,Y,,Y,,C,02,0,0,0,0,0,0,0,1,0,"- ","- ",38.719520000000003,-121.95644,YOLO,UNINCORPORATED,-121.95636476,38.719476790000002
90619392,2017,2018-05-08,9280,2017-12-05,0055,019644,,2,3,9,5700,0,3,5,,2,003,"COUNTY RD 99W","COUNTY LINE RD",0.00,,N,A,-,N,,,,,,,,,,Y,2,0,1,2,A,-,01,23152,A,N,E,E,A,A,D,-,D,D,0,,,,,Y,Y,A,01,1,0,0,0,0,0,0,0,0,"- ","- ",38.918959999999998,-121.99206,YOLO,UNINCORPORATED,-121.99664995000001,38.925499909999999
90635177,2017,2018-01-08,9280,2017-11-04,1810,016292,,6,2,9,5700,0,1,1,,2,020,"I-5 N/B TO CR-18",CR-18,130.00,S,N,B,-,Y,,,5,,,,R,,N,Y,2,0,4,4,A,-,01,23153,A,F,G,B,E,A,H,-,B,D,0,Y,,,,Y,,A,07,2,2,0,0,2,0,0,0,0,"- ","- ",38.719140000000003,-121.79902,YOLO,UNINCORPORATED,-121.79902,38.719140000000003
90638856,2017,2018-01-12,9280,2017-11-09,1715,016144,,4,2,9,5700,0,3,5,,2,003,"COUNTY ROAD 99W N/B","COUNTY ROAD 95",1584.00,N,N,B,-,N,,,,,,,,,,Y,1,1,0,1,A,-,01,23152,A,N,E,I,A,A,H,-,B,D,0,,,,,Y,Y,A,01,0,0,0,0,0,0,0,0,0,"- ","- ",38.78463,-121.86713,YOLO,UNINCORPORATED,-121.86252831,38.78034478
90663879,2018,2018-02-19,9280,2018-02-02,2025,018205,,5,2,9,5700,0,3,5,,2,002,"COUNTY ROAD 29","COUNTY ROAD 99D",325.00,E,N,A,-,N,,,,,,,,,,Y,2,0,2,2,A,-,09,21802,A,N,D,C,A,A,H,-,D,D,0,,,,,Y,,A,01,2,0,0,0,0,0,0,0,0,"- ","- ",38.590240478515625,-121.76950073242188,YOLO,UNINCORPORATED,-121.76938629150391,38.590259552001953
90677217,2018,2018-03-07,9280,2018-02-25,1140,017964,,7,1,9,5700,0,3,5,,2,003,"COUNTY ROAD 94B","COUNTY ROAD 20",322.00,N,N,A,-,N,,,,,,,,,,Y,2,0,3,2,A,-,03,22350,,N,C,C,A,A,H,-,A,A,0,,,Y,,Y,,C,02,3,0,0,0,0,0,0,0,3,"- ","- ",38.693878173828125,-121.86475372314453,YOLO,UNINCORPORATED,-121.86476898193359,38.693950653076172
90696479,2018,2018-04-02,9280,2018-03-20,0435,019720,,2,3,9,5700,0,1,1,,2,010,"I-80 E/B","MACE BLVD",621.00,W,N,B,-,Y,,,,,,,,,,Y,2,0,1,1,A,-,08,22107,,N,E,I,A,A,H,-,D,D,0,,,,,Y,,A,01,1,0,0,0,0,0,0,0,0,"- ","- ",38.551948547363281,-122.69666290283203,YOLO,UNINCORPORATED,-121.69656372070312,38.552112579345703
90702735,2018,2018-05-04,9280,2018-02-25,1417,017963,,7,2,9,5700,0,3,5,,2,003,"COUNTY ROAD 40",SR-16,480.00,S,N,A,-,N,,,,,,,,,,Y,2,0,2,1,A,-,01,23152,F,N,F,A,A,A,H,-,A,D,0,,,Y,,Y,,C,06,2,0,0,0,0,0,0,0,2,"- ","- ",38.908660888671875,-122.31059265136719,YOLO,UNINCORPORATED,-122.31063842773438,38.908599853515625
90712277,2018,2018-04-24,9280,2018-04-06,2000,017629,,5,2,9,5700,0,3,5,,2,002,"COUNTY ROAD 124","COUNTY ROAD 126",1056.00,N,N,A,-,N,,,,,,,,,,Y,2,0,1,1,A,-,08,22107,,M,F,I,A,A,H,-,D,D,0,,,,,Y,,A,01,1,0,0,0,0,0,0,0,0,"- ","- ",38.623371124267578,-121.60130310058594,YOLO,UNINCORPORATED,-121.5853271484375,38.604202270507812
90722632,2018,2018-05-09,9280,2018-04-10,0140,015353,,2,3,9,5700,0,3,5,,2,003,"RUSSELL BLVD","COUNTY ROAD 93A",348.00,W,N,A,-,N,,,,,,,,,,Y,2,0,1,1,A,-,03,22350,,M,E,I,A,A,H,-,D,D,0,,,,,Y,,A,01,1,0,0,0,0,0,0,0,0,"- ","- ",38.548770904541016,-121.90496063232422,YOLO,UNINCORPORATED,-121.90650939941406,38.548145294189453
90755563,2018,2018-06-26,9280,2018-06-17,1035,017772,,7,1,4,5704,0,1,1,,2,010,"I-80 WB","REED AVE U/C",528.00,W,N,A,-,Y,,,80,,,,,,W,Y,2,0,4,3,A,-,03,22350,,N,C,C,A,A,H,-,A,D,0,,,,,Y,,A,01,1,3,0,0,0,0,0,0,0,"- ","- ",38.590240478515625,-121.55365753173828,YOLO,"WEST SACRAMENTO",-121.5535888671875,38.590190887451172
90759522,2018,2018-06-29,9280,2018-04-13,1445,017883,,5,2,9,5700,0,3,5,,2,003,"COUNTY ROAD 14","COUNTY ROAD 86",170.00,W,N,A,-,N,,,,,,,,,,Y,1,1,1,2,A,-,01,23152,A,N,A,C,A,A,H,-,A,D,0,,,,,Y,Y,A,01,1,0,0,0,0,0,0,0,0,"- ","- ",38.781040191650391,-122.02632904052734,YOLO,UNINCORPORATED,-122.02622985839844,38.781059265136719
90771176,2018,2018-07-17,9280,2018-05-19,2340,021276,,6,3,9,5700,0,1,1,,2,010,"I-80 W/B","WEBSTER ST",5808.00,E,N,A,-,Y,,,80,,,,,,W,Y,2,0,2,2,A,-,08,22107,,N,B,C,A,A,H,-,C,D,0,,,,,Y,,A,07,2,0,0,0,0,0,0,0,0,"- ","- ",38.567188262939453,-121.61820220947266,YOLO,UNINCORPORATED,-121.61819458007812,38.567176818847656
90800695,2018,2018-08-29,9280,2018-08-17,0545,018141,,5,3,9,5700,0,3,5,,2,002,"COUNTY ROAD 102","COUNTY ROAD 18C",0.00,,Y,A,-,Y,,,,,,,,,,Y,2,0,4,3,A,-,03,22350,,N,C,C,A,A,H,-,D,D,0,,,,,Y,,A,08,1,0,3,0,0,0,0,0,0,"- ","- ",38.708999633789062,-121.72799682617188,YOLO,UNINCORPORATED,-121.72801971435547,38.709060668945312
90830898,2018,2018-10-08,9280,2018-09-24,1918,020830,,1,2,9,5700,0,3,5,,2,002,"INTERSTATE 5","STATE ROUTE 16",0.00,,Y,A,-,Y,,,,,,,,,,Y,2,0,1,2,A,-,09,21802,A,N,D,C,A,A,H,-,C,A,0,,,Y,,Y,,A,07,1,0,0,0,0,0,0,0,1,"- ","- ",38.717460632324219,-121.80162048339844,YOLO,UNINCORPORATED,-121.80052947998047,38.718551635742188
90842219,2018,2018-10-23,9280,2018-07-14,2215,017964,,6,3,9,5700,0,2,4,,1,021,"COUNTY ROAD 102","STATE ROUTE 113",2112.00,S,N,A,-,N,,,,,,,,,,Y,1,1,0,1,A,-,01,23152,A,N,F,A,A,A,H,-,D,D,0,,,,,Y,Y,A,07,0,0,0,0,0,0,0,0,0,"- ","- ",38.786338806152344,-121.72834777832031,YOLO,UNINCORPORATED,-121.72841644287109,38.786521911621094
90843809,2018,2018-10-24,9280,2018-06-02,1635,016292,,6,2,4,5704,0,1,1,,2,010,"I-80 W/B","WEST CAPITOL AVE.",1320.00,E,N,A,-,Y,,,80,,,,,,W,Y,1,1,7,4,A,-,03,22350,,N,C,C,A,A,H,-,A,D,0,,,,,Y,,A,07,1,4,2,0,0,0,0,0,0,"- ","- ",38.584259033203125,-121.55751037597656,YOLO,"WEST SACRAMENTO",-121.55756378173828,38.584293365478516
9084640,2020,2020-07-16,5703,2020-04-05,0912,2625,93,7,5,4,5703,0,0,0,,0,004,"COUNTY RD 102","MAXWELL AV",0.00,,Y,C,-,N,,,,,,,,,,Y,2,0,1,2,A,-,12,21453,A,N,D,C,A,B,H,-,A,A,0,,,,,Y,,D,23,1,0,0,0,0,0,0,0,0,"- ","- ",38.668731689453125,-121.72866821289062,YOLO,WOODLAND,-121.72863006591797,38.668708801269531