CASE_ID,ACCIDENT_YEAR,PROC_DATE,JURIS,COLLISION_DATE,COLLISION_TIME,OFFICER_ID,REPORTING_DISTRICT,DAY_OF_WEEK,CHP_SHIFT,POPULATION,CNTY_CITY_LOC,SPECIAL_COND,BEAT_TYPE,CHP_BEAT_TYPE,CITY_DIVISION_LAPD,CHP_BEAT_CLASS,BEAT_NUMBER,PRIMARY_RD,SECONDARY_RD,DISTANCE,DIRECTION,INTERSECTION,WEATHER_1,WEATHER_2,STATE_HWY_IND,CALTRANS_COUNTY,CALTRANS_DISTRICT,STATE_ROUTE,ROUTE_SUFFIX,POSTMILE_PREFIX,POSTMILE,LOCATION_TYPE,RAMP_INTERSECTION,SIDE_OF_HWY,TOW_AWAY,COLLISION_SEVERITY,NUMBER_KILLED,NUMBER_INJURED,PARTY_COUNT,PRIMARY_COLL_FACTOR,PCF_CODE_OF_VIOL,PCF_VIOL_CATEGORY,PCF_VIOLATION,PCF_VIOL_SUBSECTION,HIT_AND_RUN,TYPE_OF_COLLISION,MVIW,PED_ACTION,ROAD_SURFACE,ROAD_COND_1,ROAD_COND_2,LIGHTING,CONTROL_DEVICE,CHP_ROAD_TYPE,PEDESTRIAN_ACCIDENT,BICYCLE_ACCIDENT,MOTORCYCLE_ACCIDENT,TRUCK_ACCIDENT,NOT_PRIVATE_PROPERTY,ALCOHOL_INVOLVED,STWD_VEHTYPE_AT_FAULT,CHP_VEHTYPE_AT_FAULT,COUNT_SEVERE_INJ,COUNT_VISIBLE_INJ,COUNT_COMPLAINT_PAIN,COUNT_PED_KILLED,COUNT_PED_INJURED,COUNT_BICYCLIST_KILLED,COUNT_BICYCLIST_INJURED,COUNT_MC_KILLED,COUNT_MC_INJURED,PRIMARY_RAMP,SECONDARY_RAMP,LATITUDE,LONGITUDE,COUNTY,CITY,POINT_X,POINT_Y
90850204,2018,2018-10-31,9280,2018-10-09,1014,013927,,2,1,9,5700,0,1,1,,2,010,"I-80 E/B","MACE BLVD",792.00,W,N,A,-,Y,,,80,,,,,,E,Y,2,0,3,2,A,-,08,22107,,N,B,C,A,A,H,-,A,D,0,,,,Y,Y,,G,25,1,1,1,0,0,0,0,0,0,"- ","- ",38.551998138427734,-121.69629669189453,YOLO,UNINCORPORATED,-121.69631958007812,38.552139282226562
90850296,2018,2018-10-31,9280,2018-06-18,1210,017629,,1,1,9,5700,0,3,5,,2,002,"COUNTY ROAD 22","COUNTY ROAD 103",3168.00,E,N,A,-,N,,,,,,,,,,Y,1,1,1,1,A,-,08,22107,,N,E,I,A,A,H,-,A,D,0,,,,,Y,,A,07,1,0,0,0,0,0,0,0,0,"- ","- ",38.676780700683594,-121.696533203125,YOLO,UNINCORPORATED,-121.69879913330078,38.676864624023438
90860112,2018,2018-11-14,9280,2018-09-25,1003,016289,,2,1,5,5701,0,1,1,,2,010,"I-80 W/B","POLE LINE ROAD",2640.00,E,N,A,-,Y,,,80,,,,,,W,Y,1,1,0,1,A,-,08,22107,,N,E,I,A,A,H,-,A,D,0,,,,Y,Y,,F,26,0,0,0,0,0,0,0,0,0,"- ","- ",38.548149108886719,-121.71675109863281,YOLO,DAVIS,-121.71672058105469,38.548011779785156
90860390,2018,2018-11-15,9280,2018-11-12,1628,015534,,1,2,9,5700,0,3,5,,2,001,"SOUTH RIVER RD","NETHERLANDS RD",1056.00,S,N,A,-,N,,,,,,,,,,Y,2,0,1,1,A,-,01,23152,A,N,E,I,A,A,H,-,A,D,0,,,,,Y,Y,D,22,1,0,0,0,0,0,0,0,0,"- ","- ",38.413288116455078,-121.52234649658203,YOLO,UNINCORPORATED,-121.52328491210938,38.414379119873047
90870094,2018,2019-01-22,9280,2018-08-17,1740,013837,,5,2,9,5700,0,3,5,,2,001,"SOUTH RIVER ROAD","COURTLAND RD",0.00,,Y,A,-,N,,,,,,,,,,Y,1,1,4,2,A,-,03,22350,,N,A,C,A,A,H,-,A,A,0,,,,,Y,,D,22,3,1,0,0,0,0,0,0,0,"- ","- ",38.334579467773438,-121.57008361816406,YOLO,UNINCORPORATED,-121.56992340087891,38.334678649902344
90889911,2018,2018-12-26,9280,2018-12-13,0820,021265,,4,1,9,5700,0,3,5,,2,002,"COUNTY ROAD 22","COUNTY ROAD 17",2640.00,S,N,E,-,N,,,,,,,,,,Y,2,0,2,2,A,-,06,21751,,N,A,C,A,A,H,-,A,D,0,,,,,Y,,A,01,2,0,0,0,0,0,0,0,0,"- ","- ",38.676700592041016,-121.65750122070312,YOLO,UNINCORPORATED,,
90951097,2019,2019-03-21,9280,2019-03-15,1815,018352,,5,2,4,5703,0,1,1,,2,020,"I-5 S/B","E. BEAMER ST.",30.00,S,N,A,-,Y,,,5,,,,,,S,Y,2,0,1,2,A,-,01,23152,F,N,C,C,A,A,H,-,A,D,0,,,,Y,Y,,D,22,1,0,0,0,0,0,0,0,0,"- ","- ",38.6844482421875,-121.75119018554688,YOLO,WOODLAND,-121.75117492675781,38.684463500976562
90964462,2018,2019-04-09,9280,2018-11-23,1155,016245,,5,1,9,5700,0,1,1,,2,020,"I-5 S/B","OLD RIVER RD.",2640.00,N,N,B,C,Y,,,5,,,,,,S,Y,1,1,7,2,A,-,03,22350,,N,C,C,A,B,H,-,A,D,0,,,,,Y,,A,01,2,3,2,0,0,0,0,0,0,"- ","- ",38.673221588134766,-121.63771820068359,YOLO,UNINCORPORATED,-121.63771820068359,38.673210144042969
90976496,2019,2019-04-26,9280,2019-04-19,2000,016144,,5,2,9,5700,0,1,3,,2,032,SR-128,"PLEASANTS VALLEY RD",2640.00,W,N,A,-,Y,,,128,,,,,,,Y,2,0,4,1,A,-,08,22107,,N,F,I,A,A,H,-,D,D,0,,,,,Y,,A,01,1,3,0,0,0,0,0,0,0,"- ","- ",38.496360778808594,-122.03311920166016,YOLO,UNINCORPORATED,-122.03311920166016,38.496360778808594
90977695,2019,2019-04-29,9280,2019-04-20,1040,017963,,6,1,4,5704,0,1,2,,2,011,"US 50 W/B","HARBOR BLVD",450.00,E,N,A,-,Y,,,,,,,,,,N,2,0,16,5,A,-,03,22350,,N,C,C,A,A,H,-,A,D,0,,,,,Y,,A,01,4,4,8,0,0,0,0,0,0,"- ","- ",38.575130462646484,-121.5469970703125,YOLO,"WEST SACRAMENTO",-121.54707336425781,38.575138092041016
91005898,2019,2019-06-07,9280,2019-01-28,0650,015079,,1,1,9,5700,0,1,1,,2,020,"I-5 S/B","COUNTY ROAD 17",6811.00,N,N,B,-,Y,,,5,,,,,,S,Y,1,1,1,2,A,-,03,22350,,N,C,C,A,A,H,-,B,D,0,,,,,Y,,A,01,0,1,0,0,0,0,0,0,0,"- ","- ",38.750301361083984,-121.83159637451172,YOLO,UNINCORPORATED,-121.83164978027344,38.750244140625
91008532,2018,2019-06-18,9280,2018-12-07,0935,016144,,5,1,9,5700,0,1,1,,2,010,"I-80 E/B","ENTERPRISE BLVD",1901.00,E,N,A,-,Y,,,,,,,,,,Y,2,0,2,4,A,-,07,21658,A,N,C,C,E,A,D,G,A,D,0,Y,,,Y,Y,,A,01,1,1,0,0,1,0,0,0,0,"- ","- ",38.574928283691406,-121.57228088378906,YOLO,UNINCORPORATED,-121.57090759277344,38.575050354003906
91011326,2019,2019-06-17,9280,2019-06-10,1052,013927,,1,1,9,5700,0,2,4,,2,025,"COUNTY ROAD 98","WEST COVELL BLVD",0.00,,Y,A,-,N,,,,,,,,,,N,2,0,1,2,A,-,09,21802,B,N,D,C,A,A,H,-,A,A,0,,,,,Y,,A,07,1,0,0,0,0,0,0,0,0,"- ","- ",38.5614013671875,-121.8031005859375,YOLO,UNINCORPORATED,-121.803231,38.561489000000002
91015902,2019,2019-06-24,9280,2019-06-04,1618,021276,,2,2,9,5700,0,3,5,,2,001,"CHILES RD","YOLO FRUIT STAND DRIVEWAY",331.00,W,N,A,-,N,,,,,,,,,,Y,2,0,1,3,A,-,05,21460,A,N,B,C,A,A,H,-,A,D,0,,,Y,,Y,,C,02,1,0,0,0,0,0,0,0,1,"- ","- ",38.561580657958984,-121.64562225341797,YOLO,UNINCORPORATED,-121.64564514160156,38.561607360839844
9101840,2020,2020-10-29,5704,2020-05-19,0557,00166,,2,5,4,5704,0,0,0,,0,002,"JEFFERSON BL","STONE BL",0.00,,Y,A,-,N,,,,,,,,,,Y,2,0,1,2,A,-,12,21453,A,N,D,G,A,A,H,-,B,A,0,,Y,,,Y,,L,04,1,0,0,0,0,0,1,0,0,"- ","- ",38.5631103515625,-121.52770233154297,YOLO,"WEST SACRAMENTO",-121.52780151367188,38.56304931640625
91056810,2019,2019-08-21,9280,2019-08-12,0836,016144,,1,1,9,5700,0,1,2,,2,011,"US-50 W/B","HARBOR BLVD.",1290.00,W,N,A,-,Y,,,,,,,,,,Y,2,0,4,4,A,-,03,22350,,N,C,C,A,A,H,-,A,D,0,,,,,Y,,D,22,1,3,0,0,0,0,0,0,0,"- ","- ",38.575019836425781,-121.55306243896484,YOLO,UNINCORPORATED,-121.55316162109375,38.575141906738281
91077698,2019,2019-09-18,9280,2019-09-06,2130,021276,,5,2,9,5700,0,1,1,,2,020,"I-5 S/B","COUNTY ROAD 124",6336.00,N,N,A,-,Y,,,5,,,,,,S,Y,2,0,2,2,A,-,01,23152,A,N,C,C,A,A,H,-,C,D,0,,,,,Y,Y,A,01,1,0,1,0,0,0,0,0,0,"- ","- ",38.673351287841797,-121.66551971435547,YOLO,UNINCORPORATED,-121.66551971435547,38.673358917236328
91088334,2019,2019-10-08,9280,2019-09-19,2322,019720,,4,3,4,5704,0,1,2,,2,011,"US-50 WB","YOLO/SACRAMENTO COUNTY LINE",3796.00,W,N,A,-,Y,,,50,,,,,,W,N,2,0,1,2,A,-,11,21954,A,N,G,B,E,A,H,-,D,D,0,Y,,,,Y,,N,60,1,0,0,0,1,0,0,0,0,"- ","- ",38.576698303222656,-121.52850341796875,YOLO,"WEST SACRAMENTO",-121.52851867675781,38.576759338378906
9111094,2020,2020-10-30,5701,2020-05-30,1742,222,2,6,5,5,5701,0,0,0,,0,001,"COVELL BL","ANDERSON RD",290.00,W,N,A,-,N,,,,,,,,,,Y,2,0,2,1,A,-,03,22350,,N,E,I,A,A,H,-,A,D,0,,,,,Y,,A,01,1,1,0,0,0,0,0,0,0,"- ","- ",38.561111450195312,-121.75975799560547,YOLO,DAVIS,-121.75953674316406,38.560878753662109
91120427,2019,2019-11-14,9280,2019-11-05,1405,016929,,2,2,9,5700,0,3,5,,2,003,"COUNTY ROAD 29A","COUNTY ROAD 89",0.00,,Y,A,-,N,,,,,,,,,,Y,2,0,4,2,A,-,12,22450,A,N,D,C,A,A,H,-,A,A,0,,,,,Y,,A,01,1,3,0,0,0,0,0,0,0,"- ","- ",38.584148406982422,-121.97139739990234,YOLO,UNINCORPORATED,-121.97138977050781,38.584098815917969
91148811,2019,2019-12-20,9280,2019-12-10,0630,017964,,2,1,4,5704,0,1,2,,2,011,"US-50 E/B","S. RIVER RD.",200.00,W,N,E,-,Y,,,50,,,,,,E,Y,2,0,2,1,A,-,08,22107,,N,E,I,A,A,H,-,D,A,0,,,,,Y,,A,01,1,1,0,0,0,0,0,0,0,"- ","- ",38.574459075927734,-121.51944732666016,YOLO,"WEST SACRAMENTO",-121.51948547363281,38.574420928955078
91169514,2020,2020-01-21,9280,2020-01-11,1844,018874,,6,2,9,5700,0,3,5,,2,002,"COUNTY ROAD 22","COUNTY ROAD 95",500.00,E,N,A,-,Y,,,,,,,,,,Y,2,0,1,1,A,-,08,22107,,N,E,I,A,A,H,-,D,D,0,,,,,Y,,A,01,1,0,0,0,0,0,0,0,0,"- ","- ",38.677978515625,-121.85392761230469,YOLO,UNINCORPORATED,-121.85625457763672,38.677932739257812
9117725,2020,2020-09-09,5701,2020-06-23,1237,225,3,2,5,5,5701,0,0,0,,0,001,"WEST COVELL BL","COVELL SOUTH CURB",40.00,N,N,A,-,N,,,,,,,,,,Y,2,0,1,1,C,-,18,,,N,E,I,A,A,H,-,A,A,0,,,,,Y,,-,"- ",1,0,0,0,0,0,0,0,0,"- ","- ",38.560840606689453,-121.75042724609375,YOLO,DAVIS,-121.75043487548828,38.560829162597656
91201973,2020,2020-03-04,9280,2020-02-16,1843,016929,,7,2,9,5700,0,3,5,,2,002,"COUNTY ROAD 116B","COUNTY ROAD 116",7392.00,S,N,A,-,N,,,,,,,,,,Y,2,0,3,1,A,-,08,22107,,F,E,I,A,A,H,-,D,A,0,,,,,Y,,A,01,1,1,1,0,0,0,0,0,0,"- ","- ",38.777240753173828,-121.69036865234375,YOLO,UNINCORPORATED,-121.69068908691406,38.777473449707031
91203517,2019,2020-03-06,9280,2019-11-12,1604,018866,,2,2,9,5700,0,1,3,,2,034,"SR-16 E/B","COUNTY ROAD 94B",0.00,,Y,A,-,Y,,,16,,,,,,E,Y,1,1,1,2,A,-,09,21802,A,N,D,C,A,A,H,-,A,A,0,,,,Y,Y,,A,01,0,0,1,0,0,0,0,0,0,"- ","- ",38.669609069824219,-121.8707275390625,YOLO,UNINCORPORATED,-121.87074279785156,38.669639587402344
91207302,2020,2020-03-12,9280,2020-03-03,0100,013927,,2,3,9,5700,0,1,3,,2,022,"SR-113 N/B TO CR-25A","COUNTY ROAD 25A",490.00,S,N,A,-,Y,,,113,,,,R,,N,Y,2,0,1,1,A,-,03,22350,,N,E,I,A,A,H,-,D,D,0,,,,,Y,,A,01,1,0,0,0,0,0,0,0,0,"- ","- ",38.640090942382812,-121.75924682617188,YOLO,UNINCORPORATED,-121.75924682617188,38.640090942382812
91214739,2020,2020-09-14,9280,2020-03-15,1030,018316,,7,1,4,5704,0,1,2,,2,011,"US-50 W/B","US-50 W/B CONNECTOR TO JEFFERSON BLVD.",260.00,W,N,C,-,Y,,,50,,,,,,W,Y,1,1,0,1,A,-,08,22107,,N,E,I,A,B,H,-,A,D,0,,,,,Y,,A,01,0,0,0,0,0,0,0,0,0,"- ","- ",38.574638366699219,-121.51927185058594,YOLO,"WEST SACRAMENTO",-121.51934814453125,38.574565887451172
91216404,2020,2020-03-26,9280,2020-03-18,1345,015534,,3,1,9,5700,0,1,3,,2,013,"SR-84 (JEFFERSON BLVD)","WILLOW POINT RD",2640.00,N,N,B,-,Y,,,84,,,,,,,Y,2,0,1,1,A,-,08,22107,,N,E,I,A,A,H,-,A,D,0,,,,,Y,,A,07,1,0,0,0,0,0,0,0,0,"- ","- ",38.436599731445312,-121.58296966552734,YOLO,UNINCORPORATED,-121.5828857421875,38.436599731445312
91224896,2020,2020-04-13,9280,2020-04-06,0440,018157,,1,3,9,5700,0,2,4,,1,021,"COUNTY ROAD 102","COUNTY ROAD 29",4224.00,S,N,B,-,N,,,,,,,,,,N,2,0,1,2,D,-,00,,,N,C,G,A,A,H,-,D,D,0,,Y,,,Y,,-,"- ",1,0,0,0,0,0,1,0,0,"- ","- ",38.577640533447266,-121.73056030273438,YOLO,UNINCORPORATED,-121.73051452636719,38.578212738037109
91226387,2019,2020-04-16,9280,2019-11-02,2340,017351,,6,3,9,5700,0,1,1,,2,031,"I-505 N/B","COUNTY ROAD 19",500.00,S,N,A,-,Y,,,505,,,,,,N,Y,1,1,0,1,A,-,01,23152,F,N,F,A,A,A,H,-,D,D,0,,,,,Y,,A,07,0,0,0,0,0,0,0,0,0,"- ","- ",38.718738555908203,-121.95868682861328,YOLO,UNINCORPORATED,-121.9586181640625,38.718746185302734
91255340,2020,2020-06-22,9280,2020-06-13,1301,019720,,6,1,4,5704,0,1,2,,2,011,"US-50 E/B","HARBOR BLVD",535.00,W,N,A,-,Y,,,50,,,,,,E,Y,2,0,1,3,A,-,08,22107,,N,E,I,A,A,H,-,A,D,0,,,,Y,Y,,A,01,1,0,0,0,0,0,0,0,0,"- ","- ",38.574840545654297,-121.55085754394531,YOLO,"WEST SACRAMENTO",-121.55085754394531,38.574947357177734
91257064,2020,2020-06-24,9280,2020-06-22,2130,016214,,1,2,9,5700,0,2,4,,2,025,"COUNTY ROAD 98","W. COVELL BLVD.",3432.00,N,N,A,-,N,,,,,,,,,,Y,2,0,2,1,A,-,08,22107,,N,F,I,A,A,H,-,D,D,0,,,,,Y,,A,01,1,1,0,0,0,0,0,0,0,"- ","- ",38.570938110351562,-121.80320739746094,YOLO,UNINCORPORATED,-121.80324554443359,38.570934295654297
91263913,2020,2020-07-06,9280,2020-06-28,2500,021276,,7,4,9,5700,0,1,1,,2,031,"I-505 S/B","COUNTY ROAD 27",30.00,S,N,A,-,Y,,,,,,,,,,Y,2,0,2,1,A,-,03,22350,,N,E,I,A,A,H,-,D,A,0,,,,,Y,,A,01,1,0,1,0,0,0,0,0,0,"- ","- ",38.620231628417969,-121.95452880859375,YOLO,UNINCORPORATED,,
91265086,2020,2020-07-08,9280,2020-06-30,0612,015534,,2,1,5,5701,0,1,1,,2,010,"I-80 E/B","POLE LINE RD",528.00,E,N,A,-,Y,,,80,,,,,,E,Y,2,0,1,1,C,-,18,,,N,E,I,A,A,H,-,A,D,0,,,,,Y,,-,"- ",1,0,0,0,0,0,0,0,0,"- ","- ",38.546169281005859,-121.72315216064453,YOLO,DAVIS,-121.72318267822266,38.546321868896484
91270570,2020,2020-07-17,9280,2020-07-11,1945,019644,,6,2,9,5700,0,1,3,,2,013,"SR-84 (JEFFERSON BLVD)","BABEL SLOUGH RD",8448.00,N,N,A,-,Y,,,84,,,,,,,Y,2,0,1,1,A,-,03,22350,,N,F,A,A,A,H,-,A,D,0,,,,,Y,,A,01,1,0,0,0,0,0,0,0,0,"- ","- ",38.469989776611328,-121.58257293701172,YOLO,UNINCORPORATED,-121.58261871337891,38.470012664794922
91276666,2020,2020-07-29,9280,2020-07-21,0440,017351,,2,3,9,5700,0,1,1,,2,010,"I-80 E/B","ENTERPRISE BLVD U/C",6336.00,W,N,A,-,Y,,,80,,,,,,E,Y,2,0,2,3,A,-,01,23152,A,N,B,C,A,A,H,-,D,D,0,,,,,Y,Y,A,01,1,1,0,0,0,0,0,0,0,"- ","- ",38.569000244140625,-121.60716247558594,YOLO,UNINCORPORATED,-121.60716247558594,38.568996429443359
91279464,2020,2020-09-24,9280,2020-07-28,1911,017874,,2,2,9,5700,0,1,3,,2,032,"SR-128 E/B","PLEASANTS VALLEY RD",4224.00,W,N,A,-,Y,,,128,,,,,,E,Y,2,0,2,1,A,-,08,22107,,N,E,I,A,A,H,-,A,D,0,,,,,Y,,A,01,1,1,0,0,0,0,0,0,0,"- ","- ",38.500808715820312,-122.03868865966797,YOLO,UNINCORPORATED,-122.0386962890625,38.500804901123047
9130058,2020,2020-11-20,5703,2020-07-12,0845,2875,22,7,5,4,5703,0,0,0,,0,001,"EAST ST","LEMEN AV",0.00,,Y,A,-,N,,,,,,,,,,Y,2,0,1,2,A,-,12,21453,A,N,D,C,A,A,H,-,A,D,0,,,,,Y,,A,01,1,0,0,0,0,0,0,0,0,"- ","- ",38.679958343505859,-121.76535797119141,YOLO,WOODLAND,-121.76541137695312,38.680080413818359
91301329,2020,2020-09-09,9280,2020-08-31,0652,015534,,1,1,4,5704,0,1,2,,2,011,"US-50 E/B","DREVER ST",200.00,E,N,A,-,Y,,,50,,,,,,E,Y,2,0,2,4,A,-,07,21658,A,N,B,C,A,A,H,-,A,D,0,,,,Y,Y,,A,01,1,1,0,0,0,0,0,0,0,"- ","- ",38.575828552246094,-121.52115631103516,YOLO,"WEST SACRAMENTO",-121.52118682861328,38.575790405273438
91322837,2020,2020-10-14,9280,2020-10-09,1938,018874,,5,2,9,5700,0,1,1,,2,010,"I-80 E/B","ENTERPRISE BLVD",2640.00,W,N,A,-,Y,,,80,,,,,,E,Y,2,0,2,2,A,-,01,23152,A,N,C,C,A,A,H,-,B,D,0,,,,,Y,Y,A,07,1,0,1,0,0,0,0,0,0,"- ","- ",38.572521209716797,-121.58688354492188,YOLO,UNINCORPORATED,-121.58689880371094,38.572639465332031
91323682,2020,2020-10-14,9280,2020-10-06,1405,017351,,2,2,9,5700,0,1,3,,2,034,"STATE ROUTE 16","I-505 N/B TO SR-16",0.00,,Y,A,-,Y,,,16,,,,,,,Y,2,0,1,2,A,-,08,22107,,N,A,C,A,A,H,-,A,A,0,,,,,Y,,E,22,1,0,0,0,0,0,0,0,0,"- ","- ",38.679298400878906,-121.94969940185547,YOLO,UNINCORPORATED,-121.94969940185547,38.679290771484375
91325972,2020,2020-10-19,9280,2020-10-11,2210,019377,,7,3,9,5700,0,3,5,,2,003,"I-5 S/B FROM  COUNTY ROAD 6","I-5 S/B",46.00,W,N,A,-,Y,,,5,,,,R,,S,Y,2,0,1,1,A,-,01,23152,A,N,E,I,A,A,H,-,C,A,0,,,,,Y,Y,A,07,1,0,0,0,0,0,0,0,0,"- ","- ",38.881359100341797,-121.97637176513672,YOLO,UNINCORPORATED,-121.97637176513672,38.881359100341797
91359108,2020,2021-05-27,9280,2020-11-22,0625,019094,,7,1,9,5700,0,3,5,,2,001,"SR-84 (JEFFERSON BLVD.)","LEVEE ACCESS RD",8448.00,S,N,E,-,Y,,,84,,,,,,,Y,2,0,1,3,A,-,08,22105,,N,D,C,A,A,H,-,B,D,0,,,,,Y,,A,01,1,0,0,0,0,0,0,0,0,"- ","- ",38.481941223144531,-121.5809326171875,YOLO,UNINCORPORATED,-121.58092498779297,38.481941223144531
91371336,2020,2021-05-27,9280,2020-12-10,0548,015128,,4,3,4,5703,0,1,1,,2,020,"I-5 S/B",CR-102,30.00,S,N,A,-,Y,,,5,,,,,,S,Y,2,0,4,4,A,-,03,22350,,N,C,C,A,A,H,-,C,D,0,,,,Y,Y,,D,22,1,3,0,0,0,0,0,0,0,"- ","- ",38.673610687255859,-121.72820281982422,YOLO,WOODLAND,-121.72820281982422,38.673664093017578
91405485,2021,2021-05-27,9280,2021-02-03,2051,017963,,3,2,9,5700,0,1,3,,2,034,"STATE ROUTE 16","WINNERS RD.",1584.00,E,N,B,-,Y,,,,,,,,,,Y,2,0,3,2,A,-,01,23152,A,N,A,C,A,B,H,-,D,D,0,,,,,Y,Y,D,22,1,1,1,0,0,0,0,0,0,"- ","- ",38.731548309326172,-121.73155212402344,YOLO,UNINCORPORATED,-122.14304351806641,38.731681823730469
91414526,2021,2021-05-27,9280,2021-02-15,1636,018874,,1,2,9,5700,0,3,5,,2,002,"COUNTY ROAD 99","I-5 N/B",284.00,N,N,A,-,Y,,,,,,,,,,Y,2,0,1,2,A,-,03,22350,,N,C,C,A,A,H,-,A,D,0,,,Y,,Y,,C,02,1,0,0,0,0,0,0,0,1,"- ","- ",38.704319000244141,-121.78389739990234,YOLO,UNINCORPORATED,-121.78391265869141,38.704479217529297
91418228,2021,2021-05-12,9280,2021-02-22,0135,021277,,1,3,9,5700,0,2,4,,1,021,CR-102,"COUNTY ROAD 17",3326.00,S,N,A,-,N,,,,,,,,,,Y,2,0,1,1,A,-,08,22107,,N,F,A,A,A,H,-,D,D,0,,,,,Y,,D,22,1,0,0,0,0,0,0,0,0,"- ","- ",38.725421905517578,-121.72988891601562,YOLO,UNINCORPORATED,-121.73000335693359,38.725482940673828
91424199,2021,2021-05-27,9280,2021-01-03,1413,018157,,7,2,9,5700,0,1,1,,2,030,"INTERSTATE 5 S/B","COUNTY ROAD 13 OVERCROSSING",4975.00,N,N,B,-,Y,,,5,,,,,,S,Y,1,1,1,2,A,-,01,23152,F,N,F,0,A,A,H,-,A,D,0,,,,,Y,,A,07,0,1,0,0,0,0,0,0,0,"- ","- ",38.801998138427734,-121.88700866699219,YOLO,UNINCORPORATED,-121.88692474365234,38.802089691162109
91427518,2021,2021-03-15,9280,2021-03-06,1140,018316,,6,1,9,5700,0,1,3,,2,034,SR-16,"COUNTY ROAD 78A",320.00,E,N,A,-,Y,,,,,,,,,,Y,2,0,2,2,A,-,01,23152,A,N,A,C,A,A,H,-,A,D,0,,,,,Y,Y,A,01,2,0,0,0,0,0,0,0,0,"- ","- ",38.720920562744141,-121.13820648193359,YOLO,UNINCORPORATED,-122.13774871826172,38.720462799072266
91433251,2020,2021-05-27,9280,2020-12-13,0005,018316,,7,3,4,5704,0,1,1,,2,010,"INTERSTATE 80 WESTBOUND","WEST CAPITOL AVENUE UNDERCROSSING",257.00,W,N,B,-,Y,,,80,,,,,,W,Y,1,2,0,1,A,-,01,23152,G,N,E,I,A,B,H,-,C,D,0,,,,,Y,Y,A,01,0,0,0,0,0,0,0,0,0,"- ","- ",38.576709747314453,-121.56340789794922,YOLO,"WEST SACRAMENTO",-121.56344604492188,38.576774597167969
91444267,2021,2021-05-27,9280,2021-01-16,1245,015492,,6,1,9,5700,0,2,4,,1,021,"COUNTY ROAD 102","COUNTY ROAD 29",2112.00,S,N,A,-,N,,,,,,,,,,Y,2,0,2,1,A,-,01,23152,G,N,E,I,A,A,H,-,A,D,0,,,,,Y,Y,A,01,2,0,0,0,0,0,0,0,0,"- ","- ",38.58245849609375,-121.73043823242188,YOLO,UNINCORPORATED,-121.73041534423828,38.583221435546875
91452915,2021,2021-05-27,9280,2021-04-08,0833,015437,,4,1,9,5700,0,1,1,,2,020,"I-5 S/B","COUNTY ROAD 17",2813.00,N,N,A,-,Y,,,5,,,,,,S,Y,2,0,1,1,A,-,08,22107,,N,F,A,A,A,H,-,A,D,0,,,,,Y,,A,07,1,0,0,0,0,0,0,0,0,"- ","- ",38.742408752441406,-121.82325744628906,YOLO,UNINCORPORATED,-121.82332611083984,38.742340087890625
91456462,2021,2021-04-22,9280,2021-04-17,1100,016289,,6,1,4,5704,0,1,1,,2,010,"I-80 W/B","REED AVENUE",20.00,W,N,A,-,Y,,,80,,,,,,W,Y,2,0,3,3,A,-,03,22350,,N,C,C,A,A,H,-,A,D,0,,,Y,,Y,,C,02,1,0,2,0,0,0,0,0,1,"- ","- ",38.591831207275391,-121.55243682861328,YOLO,"WEST SACRAMENTO",-121.55245971679688,38.591842651367188
91461695,2021,2021-05-27,9280,2021-04-19,1450,019377,,1,2,9,5700,0,1,3,,2,034,SR-16,"TABERS CORNER",30.00,E,N,A,-,Y,,,16,,,,,,,Y,2,0,1,1,A,-,01,23152,A,N,E,8,A,A,H,-,A,D,0,,,,,Y,Y,A,01,1,0,0,0,0,0,0,0,0,"- ","- ",38.704128265380859,-122.11786651611328,YOLO,UNINCORPORATED,-122.11784362792969,38.704208374023438
91468011,2021,2021-05-27,9280,2021-03-26,1859,016144,,5,2,9,5700,0,3,5,,2,002,"COUNTY ROAD 102","COUNTY ROAD 29",1056.00,S,N,A,-,N,,,,,,,,,,Y,1,1,4,2,A,-,05,21650,,N,A,C,A,A,H,-,A,D,0,,,,,Y,,A,01,1,3,0,0,0,0,0,0,0,"- ","- ",38.585300445556641,-121.7303466796875,YOLO,UNINCORPORATED,-121.73030853271484,38.58612060546875
91473709,2020,2021-05-27,9280,2020-12-12,1202,017964,,6,1,9,5700,0,2,4,,2,025,"COUNTY ROAD 98","COUNTY ROAD 30",1584.00,S,N,B,-,N,,,,,,,,,,Y,1,1,2,2,A,-,05,21650,,N,A,C,A,A,H,-,A,A,0,,,,,Y,,A,01,2,0,0,0,0,0,0,0,0,"- ","- ",38.571098327636719,-121.80320739746094,YOLO,UNINCORPORATED,-121.80326080322266,38.571731567382812