CASE_ID,ACCIDENT_YEAR,PROC_DATE,JURIS,COLLISION_DATE,COLLISION_TIME,OFFICER_ID,REPORTING_DISTRICT,DAY_OF_WEEK,CHP_SHIFT,POPULATION,CNTY_CITY_LOC,SPECIAL_COND,BEAT_TYPE,CHP_BEAT_TYPE,CITY_DIVISION_LAPD,CHP_BEAT_CLASS,BEAT_NUMBER,PRIMARY_RD,SECONDARY_RD,DISTANCE,DIRECTION,INTERSECTION,WEATHER_1,WEATHER_2,STATE_HWY_IND,CALTRANS_COUNTY,CALTRANS_DISTRICT,STATE_ROUTE,ROUTE_SUFFIX,POSTMILE_PREFIX,POSTMILE,LOCATION_TYPE,RAMP_INTERSECTION,SIDE_OF_HWY,TOW_AWAY,COLLISION_SEVERITY,NUMBER_KILLED,NUMBER_INJURED,PARTY_COUNT,PRIMARY_COLL_FACTOR,PCF_CODE_OF_VIOL,PCF_VIOL_CATEGORY,PCF_VIOLATION,PCF_VIOL_SUBSECTION,HIT_AND_RUN,TYPE_OF_COLLISION,MVIW,PED_ACTION,ROAD_SURFACE,ROAD_COND_1,ROAD_COND_2,LIGHTING,CONTROL_DEVICE,CHP_ROAD_TYPE,PEDESTRIAN_ACCIDENT,BICYCLE_ACCIDENT,MOTORCYCLE_ACCIDENT,TRUCK_ACCIDENT,NOT_PRIVATE_PROPERTY,ALCOHOL_INVOLVED,STWD_VEHTYPE_AT_FAULT,CHP_VEHTYPE_AT_FAULT,COUNT_SEVERE_INJ,COUNT_VISIBLE_INJ,COUNT_COMPLAINT_PAIN,COUNT_PED_KILLED,COUNT_PED_INJURED,COUNT_BICYCLIST_KILLED,COUNT_BICYCLIST_INJURED,COUNT_MC_KILLED,COUNT_MC_INJURED,PRIMARY_RAMP,SECONDARY_RAMP,LATITUDE,LONGITUDE,COUNTY,CITY,POINT_X,POINT_Y
91479145,2021,2021-05-27,9280,2021-05-11,1510,017963,,2,2,9,5700,0,3,5,,2,002,"COUNTY ROAD 22","COUNTY ROAD 107",168.00,W,N,A,-,N,,,,,,,,,,Y,2,0,5,3,A,-,08,22107,,N,A,C,A,A,H,-,A,D,0,,,,,Y,,A,08,2,1,2,0,0,0,0,0,0,"- ","- ",38.676700592041016,-121.64383697509766,YOLO,UNINCORPORATED,,
91480116,2021,2021-05-27,9280,2021-05-16,1905,017963,,7,2,4,5704,0,1,2,,2,011,"US-50 WESTBOUND","SACRAMENTO COUNTY LINE",150.00,W,N,A,-,Y,,,50,,,,,,W,Y,2,0,1,1,A,-,03,22350,,N,F,A,A,A,H,-,A,D,0,,,Y,,Y,,C,02,1,0,0,0,0,0,0,0,1,"- ","- ",38.571739196777344,-121.51615905761719,YOLO,"WEST SACRAMENTO",-121.51615905761719,38.571743011474609
91513703,2021,2021-07-06,9280,2021-06-26,1444,017874,,6,2,9,5700,0,3,5,,2,003,"RUSSELL BLVD. (COUNTY ROAD 32)","COUNTY ROAD 91A",2290.00,W,N,A,-,N,,,,,,,,,,Y,2,0,4,3,A,-,03,22350,,F,C,C,A,A,H,-,A,D,0,,,,,Y,,D,22,2,2,0,0,0,0,0,0,0,"- ","- ",38.537330627441406,-121.93669128417969,YOLO,UNINCORPORATED,-121.93659973144531,38.537311553955078
91536144,2021,2021-08-03,9280,2021-07-23,1053,015534,,5,1,4,5704,0,1,1,,2,010,"I-80 W/B","REED AVE",2482.00,W,N,A,-,Y,,,80,,,,,,W,Y,2,0,2,2,A,-,03,22350,,N,C,C,A,A,H,-,A,D,0,,,,,Y,,A,07,1,1,0,0,0,0,0,0,0,"- ","- ",38.585918426513672,-121.55641174316406,YOLO,"WEST SACRAMENTO",-121.55645751953125,38.585952758789062
91536944,2021,2021-08-04,9280,2021-07-23,0600,017983,,5,1,4,5703,0,3,5,,2,002,"SR-113 N/B","COUNTY ROAD 27",50.00,N,N,A,-,Y,,,,,,,,,,Y,2,0,1,1,A,-,08,22107,,M,E,I,A,A,H,-,A,D,0,,,,,Y,Y,A,01,1,0,0,0,0,0,0,0,0,"- ","- ",38.619571685791016,-121.76444244384766,YOLO,WOODLAND,-121.76631927490234,38.622810363769531
91536947,2021,2021-08-04,9280,2021-07-23,1744,018157,,5,2,9,5700,0,3,5,,2,001,"OLD RIVER RD.","COUNTY RD. 117",190.00,N,N,A,-,N,,,,,,,,,,Y,2,0,4,3,A,-,03,22350,,N,C,C,A,A,H,-,A,D,0,,,,,Y,,A,07,1,2,1,0,0,0,0,0,0,"- ","- ",38.674598693847656,-121.6319580078125,YOLO,UNINCORPORATED,-121.63181304931641,38.674655914306641
91544519,2021,2021-08-13,9280,2021-08-06,0100,019986,,5,3,9,5700,0,1,1,,2,020,"I-5 N/B",CR-124,633.00,N,N,A,-,Y,,,5,,,,,,N,Y,2,0,2,2,A,-,08,22107,,N,B,C,A,A,H,-,D,D,0,,,,Y,Y,,A,01,2,0,0,0,0,0,0,0,0,"- ","- ",38.673450469970703,-121.64466094970703,YOLO,UNINCORPORATED,-121.64466094970703,38.673496246337891
91546871,2021,2021-08-17,9280,2021-08-05,0545,015128,,4,3,9,5700,0,3,5,,2,002,CR-24,CR-96,1584.00,E,N,A,-,N,,,,,,,,,,Y,2,0,2,2,A,-,06,21751,,N,A,C,A,A,H,-,B,D,0,,,,,Y,,A,01,1,0,1,0,0,0,0,0,0,"- ","- ",38.663341522216797,-121.83590698242188,YOLO,UNINCORPORATED,-121.83406829833984,38.663356781005859
91554364,2021,2021-08-25,9280,2021-08-21,0945,018352,,6,1,4,5704,0,1,2,,2,011,"US-50 W/B","HARBOR BLVD",1696.00,W,N,A,-,Y,,,50,,,,,,W,Y,2,0,1,2,A,-,03,22350,,N,C,C,A,A,H,-,A,D,0,,,,,Y,,A,07,1,0,0,0,0,0,0,0,0,"- ","- ",38.575099945068359,-121.55474090576172,YOLO,"WEST SACRAMENTO",-121.55474090576172,38.575149536132812
91562598,2021,2021-09-03,9280,2021-06-04,0110,021265,,5,3,9,5700,0,1,3,,1,024,SR-16,"COUNTY ROAD 94B",1848.00,E,N,A,-,Y,,,16,,,,,,,Y,1,1,1,1,A,-,01,23152,F,N,E,I,A,A,H,-,D,D,0,,,,,Y,,A,01,1,0,0,0,0,0,0,0,0,"- ","- ",38.672500610351562,-121.86519622802734,YOLO,UNINCORPORATED,-121.86518096923828,38.672458648681641
91567365,2021,2022-01-20,9280,2021-06-01,1305,015128,,2,1,9,5700,0,3,5,,2,002,CR-108,SR-45,2112.00,S,N,A,-,N,,,,,,,,,,Y,1,1,0,1,A,-,01,23152,F,N,F,A,A,A,H,-,A,D,0,,,,,Y,,D,22,0,0,0,0,0,0,0,0,0,"- ","- ",38.797988891601562,-121.72712707519531,YOLO,UNINCORPORATED,-121.72690582275391,38.798076629638672
91568536,2021,2021-09-13,9280,2021-09-02,1645,018157,,4,2,9,5700,0,1,3,,2,013,"SOUTH RIVER RD.","SOUTH OF FREEPORT BRIDGE",2640.00,S,N,A,-,N,,,,,,,,,,Y,2,0,1,1,A,-,01,23152,A,N,E,I,A,A,H,-,A,D,0,,,,,Y,Y,A,01,1,0,0,0,0,0,0,0,0,"- ","- ",38.447071075439453,-121.50266265869141,YOLO,UNINCORPORATED,-121.50266265869141,38.448261260986328
91578078,2021,2021-09-23,9280,2021-09-07,0210,019094,,2,3,9,5700,0,1,1,,2,010,"I-80 W/B","W CAPITOL AVE U/C",10560.00,W,N,A,-,Y,,,80,,,,,,W,Y,2,0,2,2,A,-,01,23152,A,N,C,C,A,A,H,-,D,D,0,,,,,Y,Y,A,01,1,1,0,0,0,0,0,0,0,"- ","- ",38.567798614501953,-121.61502075195312,YOLO,UNINCORPORATED,-121.61501312255859,38.5677490234375
91580495,2021,2021-09-27,9280,2021-09-18,0018,019986,,6,3,9,5700,0,1,1,,2,010,"I-80 W/B",CR-32A,6442.00,W,N,A,-,Y,,,80,,,,,,W,Y,2,0,1,1,A,-,01,23152,A,N,E,I,A,A,H,-,D,D,0,,,,,Y,Y,A,01,1,0,0,0,0,0,0,0,0,"- ","- ",38.559799194335938,-121.66085052490234,YOLO,UNINCORPORATED,-121.66085815429688,38.559871673583984
91587287,2021,2021-10-04,9280,2021-09-25,2308,019720,,6,3,9,5700,0,1,1,,2,010,"I-80 E/B","WEBSTER U/C",7920.00,E,N,A,-,Y,,,80,,,,,,E,Y,2,0,3,2,A,-,07,21658,A,N,C,C,A,A,H,-,D,D,0,,,,,Y,,A,01,1,1,1,0,0,0,0,0,0,"- ","- ",38.567630767822266,-121.61434936523438,YOLO,UNINCORPORATED,-121.61436462402344,38.567695617675781
91601882,2021,2021-10-20,9280,2021-07-11,2358,021277,,7,3,9,5700,0,1,1,,2,010,"I-80 W/B","WEBSTER UNDERCROSSING",6864.00,E,N,A,-,Y,,,80,,,,,,W,Y,1,1,0,6,A,-,03,22350,,F,G,C,E,A,H,-,D,D,0,Y,,,Y,Y,,A,07,0,0,0,1,0,0,0,0,0,"- ","- ",38.567829132080078,-121.61495971679688,YOLO,UNINCORPORATED,-121.61494445800781,38.567760467529297
91617559,2021,2021-11-05,9280,2021-10-30,1215,017983,,6,1,9,5700,0,3,5,,2,002,"COUNTY ROAD 32A","COUNTY ROAD 105",7181.00,E,N,A,-,Y,,,,,,,,,,N,2,0,1,1,A,-,08,22107,,N,F,A,A,A,H,-,A,D,0,,Y,,,Y,,L,04,1,0,0,0,0,0,1,0,0,"- ","- ",38.562751770019531,-121.65119934082031,YOLO,UNINCORPORATED,-121.67563629150391,38.557960510253906
91648110,2021,2021-12-10,9280,2021-11-27,2245,018205,,6,3,9,5700,0,1,3,,2,034,"STATE ROUTE 16","COUNTY ROAD 43",784.00,E,N,A,-,Y,,,16,,,,,,,N,2,0,1,1,A,-,01,23152,A,N,E,I,A,A,H,-,D,D,0,,,,,Y,Y,D,22,1,0,0,0,0,0,0,0,0,"- ","- ",38.855998992919922,-122.21173095703125,YOLO,UNINCORPORATED,-122.21166229248047,38.856067657470703
91683771,2022,2022-04-04,9280,2022-01-14,1743,018157,,5,2,9,5700,0,1,3,,2,022,"SR-113 N/B TO/FROM COUNTY ROAD 27","COUNTY ROAD 27",0.00,,Y,A,-,Y,,,,,,,,,,Y,2,0,5,2,A,-,09,21801,A,N,D,C,A,A,H,-,C,D,0,,,,,Y,,A,01,1,0,4,0,0,0,0,0,0,"- ","- ",38.619281768798828,-121.7646484375,YOLO,UNINCORPORATED,,
91693733,2022,2022-02-04,9280,2022-01-25,0030,019377,,2,3,4,5703,0,1,3,,1,024,SR-16,CR-97E,770.00,W,N,A,-,Y,YOL,,16,,,40.036,H,,R,N,2,0,2,2,A,-,11,21954,A,N,G,B,E,A,H,-,D,D,0,Y,,,,Y,,N,60,1,1,0,0,1,0,0,0,0,"- ","- ",38.677700042724609,-121.81226348876953,YOLO,WOODLAND,-121.812255859375,38.677738189697266
91698777,2022,2022-02-11,9280,2022-02-03,1747,018316,,4,2,9,5700,0,1,3,,2,034,SR-16,"COUNTY ROAD 93",6336.00,W,N,A,-,Y,YOL,,16,,,34.146,H,,R,Y,2,0,1,1,A,-,01,23152,A,N,E,8,A,A,H,-,B,D,0,,,,,Y,Y,A,07,1,0,0,0,0,0,0,0,0,"- ","- ",38.674518585205078,-121.91722869873047,YOLO,UNINCORPORATED,-121.91720581054688,38.674606323242188
91701033,2022,2022-02-15,9280,2022-02-06,0108,019564,,7,3,9,5700,0,3,5,,2,003,"RUSSELL BOULEVARD","WALNUT BAYOU LANE",700.00,E,N,A,-,N,,,,,,,,,,Y,2,0,1,1,A,-,01,23152,A,N,E,I,A,A,H,-,D,D,0,,,,,Y,Y,A,01,1,0,0,0,0,0,0,0,0,"- ","- ",38.546451568603516,-121.91117095947266,YOLO,UNINCORPORATED,-121.90664672851562,38.548091888427734
91714199,2022,2022-03-03,9280,2022-02-22,0742,015534,,2,1,5,5701,0,1,1,,2,010,"I-80 E/B","MACE BLVD",2640.00,E,N,A,-,Y,YOL,,80,,,3.647,H,,R,N,2,0,1,2,A,-,11,21954,A,N,G,B,E,A,H,-,A,D,0,Y,,,,Y,,N,60,1,0,0,0,1,0,0,0,0,"- ","- ",38.556751251220703,-121.67736053466797,YOLO,DAVIS,-121.67735290527344,38.556735992431641
91727015,2022,2022-03-18,9280,2022-03-08,0842,020830,,2,1,4,5704,0,1,1,,2,010,"I-80 WESTBOUND","W. CAPITOL AVENUE",3757.00,W,N,A,-,Y,YOL,,80,,,8.468,H,,L,N,2,0,1,3,A,-,07,21658,A,F,B,C,A,A,H,-,A,D,0,,,Y,,Y,,-,99,1,0,0,0,0,0,0,0,1,"- ","- ",38.572120666503906,-121.59043884277344,YOLO,"WEST SACRAMENTO",-121.59044647216797,38.5721435546875
91763727,2022,2022-05-03,9280,2022-04-21,1047,015128,,4,1,9,5700,0,3,5,,2,002,CR-18C,SR-113,739.00,E,N,A,-,N,,,,,,,,,,Y,2,0,1,2,A,-,05,21460,A,N,C,C,A,A,H,-,A,D,0,,,,Y,Y,,D,22,1,0,0,0,0,0,0,0,0,"- ","- ",38.709419250488281,-121.7623291015625,YOLO,UNINCORPORATED,-121.76262664794922,38.70941162109375
91765682,2022,2022-05-05,9280,2022-04-27,0030,019986,,3,3,5,5701,0,1,1,,2,010,"I-80 W/B","MACE BLVD.",7760.00,E,N,A,-,Y,YOL,,80,,,4.169,H,,L,Y,2,0,4,2,A,-,03,22350,,F,C,C,A,A,H,-,D,D,0,,,,,Y,,A,01,2,0,2,0,0,0,0,0,0,"- ","- ",38.558860778808594,-121.66800689697266,YOLO,DAVIS,-121.66800689697266,38.558860778808594
91771737,2022,2022-05-13,9280,2022-05-08,1920,015353,,7,2,9,5700,0,2,4,,1,021,"COUNTY ROAD 102","COUNTY ROAD 17",1.00,S,N,A,-,N,,,,,,,,,,Y,2,0,3,2,A,-,09,21801,A,N,A,C,A,A,H,-,A,D,0,,,,,Y,,A,01,1,1,1,0,0,0,0,0,0,"- ","- ",38.734569549560547,-121.72966003417969,YOLO,UNINCORPORATED,-121.72959899902344,38.734607696533203
91786190,2022,2022-06-01,9280,2022-05-22,2109,019927,,7,2,9,5700,0,1,3,,2,034,"COUNTY ROAD 21A","YOLO AVE",12.00,W,N,A,-,N,,,,,,,,,,Y,2,0,3,2,A,-,01,23153,A,F,C,C,A,A,H,-,C,A,0,,,,,Y,Y,A,07,1,2,0,0,0,0,0,0,0,"- ","- ",38.689048767089844,-122.01761627197266,YOLO,UNINCORPORATED,-122.01763153076172,38.689064025878906
91786993,2022,2022-06-02,9280,2022-05-23,1600,018941,,1,2,9,5700,0,1,1,,2,030,"I-5 S/B TO I-505 S/B","COUNTY ROAD 8",4653.00,S,N,A,-,Y,YOL,,5,,R,22.921,H,,L,Y,2,0,1,2,A,-,07,21658,A,F,B,C,A,A,H,-,A,D,0,,,Y,,Y,,-,99,1,0,0,0,0,0,0,0,1,"- ","- ",38.851188659667969,-121.94364166259766,YOLO,UNINCORPORATED,-121.94354248046875,38.851249694824219
91787620,2022,2022-06-03,9280,2022-05-27,0610,017983,,5,1,9,5700,0,1,1,,2,030,"I-5 S/B","COUNTY ROAD 6",1450.00,S,N,A,-,Y,YOL,,5,,R,25.298,H,,L,Y,2,0,1,2,A,-,03,22350,,N,C,C,A,A,H,-,A,D,0,,,,,Y,,A,01,1,0,0,0,0,0,0,0,0,"- ","- ",38.878231048583984,-121.97148132324219,YOLO,UNINCORPORATED,-121.97145843505859,38.878242492675781
91798939,2022,2022-06-20,9280,2022-04-30,1435,021510,,6,2,4,5703,0,1,1,,2,020,"INTERSTATE 5 SOUTHBOUND","EAST STREET",732.00,N,N,A,-,Y,YOL,,5,,R,8.417,H,,L,Y,1,1,0,1,A,-,08,22107,,N,F,A,A,A,H,-,A,D,0,,,,,Y,,A,07,0,0,0,0,0,0,0,0,0,"- ","- ",38.697139739990234,-121.76779937744141,YOLO,WOODLAND,-121.76784515380859,38.697010040283203
91825446,2022,2022-12-22,9280,2022-07-18,1115,017983,,1,1,9,5700,0,3,5,,2,002,SR-113,"COUNTY ROAD 18C",734.00,N,N,A,-,Y,YOL,,113,,,12.487,H,,R,Y,2,0,1,2,A,-,05,21650,,N,A,C,A,A,H,-,A,D,0,,,,Y,Y,,A,01,1,0,0,0,0,0,0,0,0,"- ","- ",38.711601257324219,-121.76518249511719,YOLO,UNINCORPORATED,-121.76520538330078,38.711601257324219
91848128,2022,2022-08-24,9280,2022-08-15,2040,019986,,1,2,9,5700,0,3,5,,2,002,"OLD RIVER ROAD","COUNTY ROAD 117",56.00,N,N,A,-,N,,,,,,,,,,Y,2,0,1,2,A,-,16,29001,,N,D,C,A,A,H,-,D,D,0,,,,Y,Y,,G,25,1,0,0,0,0,0,0,0,0,"- ","- ",38.674468994140625,-121.63147735595703,YOLO,UNINCORPORATED,-121.63141632080078,38.674461364746094
91850980,2022,2022-08-26,9280,2022-08-19,0413,021277,,5,3,9,5700,0,1,1,,2,010,"I-80 W/B","ENTERPRISE BOULEVARD",2066.00,W,N,A,-,Y,YOL,,80,,,8.795,H,,L,Y,2,0,2,3,A,-,08,22107,,N,B,C,A,A,H,-,D,A,0,,,,Y,Y,,A,01,1,0,1,0,0,0,0,0,0,"- ","- ",38.573211669921875,-121.58454132080078,YOLO,UNINCORPORATED,-121.58453369140625,38.573200225830078
91862699,2022,2022-09-12,9280,2022-08-22,0940,013927,,1,1,9,5700,0,1,1,,2,031,"I-505 S/B","CACHE CREEK BRIDGE",1584.00,S,N,A,-,Y,YOL,,505,,,11.302,H,,L,N,2,0,1,2,A,-,03,22350,,N,C,2,A,A,H,-,A,D,0,,,,Y,Y,,G,25,1,0,0,0,0,0,0,0,0,"- ","- ",38.689399719238281,-121.95339965820312,YOLO,UNINCORPORATED,-121.95341491699219,38.689399719238281
91863504,2022,2022-09-13,9280,2022-08-31,0902,013927,,3,1,9,5700,0,3,5,,2,003,"COUNTY ROAD 19","COUNTY ROAD 94B",3696.00,W,N,A,-,N,,,,,,,,,,Y,2,0,1,1,A,-,08,22107,,N,F,I,A,A,H,-,A,D,0,,,,,Y,,D,22,1,0,0,0,0,0,0,0,0,"- ","- ",38.707401275634766,-121.875,YOLO,UNINCORPORATED,-121.87469482421875,38.707489013671875
91864681,2022,2022-09-14,9280,2022-09-06,0149,019986,,2,3,9,5700,0,3,5,,2,003,CR-31,CR-95,792.00,W,N,A,-,N,,,,,,,,,,Y,2,0,1,1,A,-,08,22107,,N,E,I,A,A,H,-,D,D,0,,,,,Y,,A,01,1,0,0,0,0,0,0,0,0,"- ","- ",38.561519622802734,-121.86165618896484,YOLO,UNINCORPORATED,-121.86161041259766,38.561588287353516
91872844,2022,2022-09-26,9280,2022-09-18,0240,019478,,7,3,9,5700,0,2,4,,1,021,"COUNTY ROAD 102","COUNTY ROAD 14",20.00,N,N,A,-,N,,,,,,,,,,Y,2,0,1,1,A,-,01,23152,A,N,E,I,A,A,H,-,D,A,0,,,,,Y,Y,D,22,1,0,0,0,0,0,0,0,0,"- ","- ",38.777988433837891,-121.72889709472656,YOLO,UNINCORPORATED,-121.72860717773438,38.777923583984375
91880620,2022,2022-10-03,9280,2022-08-09,1812,016144,,2,2,9,5700,0,1,3,,2,022,"SR-113 N/B","W. COVELL BLVD",3696.00,N,N,A,-,Y,YOL,,113,,R,2.781,H,,R,N,1,1,0,2,A,-,11,21954,A,N,G,B,E,A,H,-,A,D,0,Y,,,,Y,,N,60,0,0,0,1,0,0,0,0,0,"- ","- ",38.571048736572266,-121.76748657226562,YOLO,UNINCORPORATED,-121.76753997802734,38.571048736572266
91887597,2022,2022-10-11,9280,2022-10-03,1110,017964,,1,1,9,5700,0,1,1,,2,020,"I-5 N/B","COUNTY ROAD 95",200.00,S,N,A,-,Y,YOL,,5,,R,15.806,H,,R,N,2,0,4,3,A,-,07,21658,A,N,C,C,A,A,H,-,A,A,0,,,,Y,Y,,G,25,1,3,0,0,0,0,0,0,0,"- ","- ",38.774150848388672,-121.85848236083984,YOLO,UNINCORPORATED,-121.85843658447266,38.774177551269531
91892104,2022,2022-10-17,9280,2022-10-02,0010,021204,,7,3,9,5700,0,1,3,,1,024,SR-16,CR-96,0.00,,Y,A,-,Y,YOL,,16,,,38.558,H,,R,Y,2,0,5,3,A,-,01,23152,A,N,D,2,A,A,H,-,D,A,0,,,,,Y,Y,A,01,1,0,4,0,0,0,0,0,0,"- ","- ",38.677928924560547,-121.839599609375,YOLO,UNINCORPORATED,-121.839599609375,38.677898406982422
91911107,2022,2022-11-30,9280,2022-10-24,2100,019377,,1,2,9,5700,0,1,3,,2,022,"SR-113 S/B",CR-27,4473.00,S,N,A,-,Y,YOL,,113,,R,5.232,H,,L,Y,2,0,3,2,A,-,01,23152,A,N,A,C,A,A,H,-,D,D,0,,,,,Y,Y,A,01,2,0,1,0,0,0,0,0,0,"- ","- ",38.606559753417969,-121.76708984375,YOLO,UNINCORPORATED,-121.76713562011719,38.606559753417969
91920545,2022,2022-11-17,9280,2022-11-08,0540,015128,,2,3,4,5704,0,1,2,,2,011,"US-50 E/B","HARBOR BLVD",1584.00,E,N,B,C,Y,YOL,,50,,,1.716,H,,R,Y,2,0,1,1,A,-,03,22350,,N,E,I,A,A,H,-,A,D,0,,,,,Y,,A,01,1,0,0,0,0,0,0,0,0,"- ","- ",38.574771881103516,-121.53919982910156,YOLO,"WEST SACRAMENTO",-121.53919982910156,38.574932098388672
9195490,2020,2021-03-15,5703,2020-12-04,1443,2070,32,5,5,4,5703,0,0,0,,0,003,"CLEVELAND ST","LINCOLN AV",4.00,S,N,A,-,N,,,,,,,,,,N,2,0,2,3,A,-,10,21950,A,N,G,B,B,A,H,-,A,A,0,Y,,,,Y,,D,22,1,1,0,0,2,0,0,0,0,"- ","- ",38.675708770751953,-121.77942657470703,YOLO,WOODLAND,-121.77935028076172,38.6756591796875
91967084,2022,2023-01-12,9280,2022-10-21,2010,018352,,5,2,9,5700,0,2,4,,2,025,"COUNTY ROAD 27","COUNTY ROAD 98",0.00,,Y,A,-,N,,,,,,,,,,Y,1,1,2,2,A,-,12,22450,A,N,D,C,A,A,H,-,D,A,0,,,,,Y,,A,07,1,0,1,0,0,0,0,0,0,"- ","- ",38.619659423828125,-121.80288696289062,YOLO,UNINCORPORATED,-121.80288696289062,38.619621276855469
91974579,2023,2023-01-23,9280,2023-01-14,"137 ",019986,,6,3,4,5704,0,1,1,,2,010,"I-80 E/B","WEST CAPITOL AVE",38.00,E,N,B,-,Y,YOL,,80," ",R,10.195,H,,R,Y,2,0,3,3,A,-,03,22350,,N,A,C,E,B,C,-,D,D,0,Y,,,,Y,Y,-,"- ",1,1,1,0,1,0,0,0,0,"- ","- ",38.578739166259766,-121.56098937988281,YOLO,"WEST SACRAMENTO",-121.56096649169922,38.578731536865234
9197721,2020,2021-01-14,5704,2020-11-19,0550,06194,,4,5,4,5704,0,0,0,,0,001,"F ST","5TH ST",0.00,,Y,A,-,N,,,,,,,,,,Y,2,0,2,2,A,-,12,22450,A,N,-,C,A,A,H,-,C,A,0,,,,,Y,,A,01,2,0,0,0,0,0,0,0,0,"- ","- ",38.584911346435547,-121.51344299316406,YOLO,"WEST SACRAMENTO",-121.5135498046875,38.584880828857422
91991996,2022,2023-02-10,9280,2022-12-03,2120,018205,,6,2,9,5700,0,3,5,,2,003,"COUNTY ROAD 89","COUNTY ROAD 27",23.00,N,N,C,-,N,,,,,,,,,,Y,1,1,0,2,A,-,01,23152,A,N,C,C,A,A,H,-,D,A,0,,,,,Y,Y,A,01,0,0,0,0,0,0,0,0,0,"- ","- ",38.620609283447266,-121.97142028808594,YOLO,UNINCORPORATED,-121.97144317626953,38.620582580566406
92018845,2023,2023-03-15,9280,2023-03-06,"725 ",016042,,1,1,9,5700,0,3,5,,2,003,"COUNTY ROAD 13","COUNTY ROAD 99W",0.00,,Y,C,-,N,,,,,,,,,,N,2,0,4,2,A,-,09,21802,A,N,D,C,A,B,H,-,A,A,0,,,,,Y,,D,22,1,1,2,0,0,0,0,0,0,"- ","- ",38.794239044189453,-121.87718963623047,YOLO,UNINCORPORATED,-121.87718200683594,38.794239044189453
92029788,2023,2023-03-27,9280,2023-03-19,1150,017964,,7,1,4,5704,0,1,1,,2,010,"US-50 W/B TO I-80 E/B","WEST CAPITOL AVE U/C",28.00,S,N,B,-,Y,YOL,,80," ",R,10.168,H,,R,Y,2,0,2,1,A,-,03,22350,,N,E,I,A,A,H,-,A,A,0,,,,,Y,,D,22,1,1,0,0,0,0,0,0,0,"- ","- ",38.578338623046875,-121.56108856201172,YOLO,"WEST SACRAMENTO",-121.56119537353516,38.578376770019531
92036759,2023,2023-04-04,9280,2023-03-30,2215,019377,,4,3,9,5700,0,1,1,,2,010,"I-80 E/B","MACE BLVD",604.00,W,N,B,-,Y,YOL,,80," "," ",2.555,H,,R,Y,2,0,1,2,A,-,03,22350,,N,C,C,A,A,H,-,D,D,0,,,Y,,Y,,A,01,1,0,0,0,0,0,0,0,1,"- ","- ",38.552078247070312,-121.69660186767578,YOLO,UNINCORPORATED,-121.69660186767578,38.552104949951172
92075368,2023,2023-05-23,9280,2023-05-18,"9   ",019927,,4,3,9,5700,0,1,3,,2,034,SR-16,"COUNTY ROAD 23A",125.00,E,N,A,-,Y,YOL,,16," "," ",36.527,H,,R,Y,2,0,2,1,A,-,01,23152,A,N,F,A,A,A,H,-,D,A,0,,,,,Y,Y,A,01,1,1,0,0,0,0,0,0,0,"- ","- ",38.668659210205078,-121.87384033203125,YOLO,UNINCORPORATED,-121.87384796142578,38.668704986572266
92081381,2023,2023-05-30,9280,2023-04-21,1217,016793,,5,1,9,5700,0,1,1,,2,010,"COUNTY ROAD 36","COUNTY ROAD 105",2640.00,E,N,A,-,N,,,,,,,,,,Y,1,1,0,1,A,-,01,23152,A,N,F,A,A,A,H,-,A,D,0,,,,,Y,Y,A,01,0,0,0,0,0,0,0,0,0,"- ","- ",38.487289428710938,-121.66774749755859,YOLO,UNINCORPORATED,-121.66796875,38.487289428710938
92102160,2023,2023-06-26,9280,2023-06-18,"340 ",021277,,7,3,9,5700,0,3,5,,2,002,"COUNTY ROAD 98","COUNTY ROAD 31",2376.00,N,N,A,-,N,,,,,,,,,,N,2,0,2,1,A,-,01,23152,A,N,E,8,A,A,H,-,D,D,0,,,,,Y,Y,A,01,1,1,0,0,0,0,0,0,0,"- ","- ",38.568260192871094,-121.80322265625,YOLO,UNINCORPORATED,-121.80327606201172,38.568023681640625
9211709,2020,2021-03-11,5704,2020-12-26,1720,00165,,6,5,4,5704,0,0,0,,0,003,"JEFFERSON BL","HARMON RD",150.00,S,N,A,-,N,,,,,,,,,,Y,1,1,0,2,A,-,09,21801,A,N,D,C,A,A,H,-,C,D,0,,,Y,,Y,,D,22,0,0,0,0,0,0,0,1,0,"- ","- ",38.538078308105469,-121.55088043212891,YOLO,"WEST SACRAMENTO",-121.55124664306641,38.537757873535156