CASE_ID,ACCIDENT_YEAR,PROC_DATE,JURIS,COLLISION_DATE,COLLISION_TIME,OFFICER_ID,REPORTING_DISTRICT,DAY_OF_WEEK,CHP_SHIFT,POPULATION,CNTY_CITY_LOC,SPECIAL_COND,BEAT_TYPE,CHP_BEAT_TYPE,CITY_DIVISION_LAPD,CHP_BEAT_CLASS,BEAT_NUMBER,PRIMARY_RD,SECONDARY_RD,DISTANCE,DIRECTION,INTERSECTION,WEATHER_1,WEATHER_2,STATE_HWY_IND,CALTRANS_COUNTY,CALTRANS_DISTRICT,STATE_ROUTE,ROUTE_SUFFIX,POSTMILE_PREFIX,POSTMILE,LOCATION_TYPE,RAMP_INTERSECTION,SIDE_OF_HWY,TOW_AWAY,COLLISION_SEVERITY,NUMBER_KILLED,NUMBER_INJURED,PARTY_COUNT,PRIMARY_COLL_FACTOR,PCF_CODE_OF_VIOL,PCF_VIOL_CATEGORY,PCF_VIOLATION,PCF_VIOL_SUBSECTION,HIT_AND_RUN,TYPE_OF_COLLISION,MVIW,PED_ACTION,ROAD_SURFACE,ROAD_COND_1,ROAD_COND_2,LIGHTING,CONTROL_DEVICE,CHP_ROAD_TYPE,PEDESTRIAN_ACCIDENT,BICYCLE_ACCIDENT,MOTORCYCLE_ACCIDENT,TRUCK_ACCIDENT,NOT_PRIVATE_PROPERTY,ALCOHOL_INVOLVED,STWD_VEHTYPE_AT_FAULT,CHP_VEHTYPE_AT_FAULT,COUNT_SEVERE_INJ,COUNT_VISIBLE_INJ,COUNT_COMPLAINT_PAIN,COUNT_PED_KILLED,COUNT_PED_INJURED,COUNT_BICYCLIST_KILLED,COUNT_BICYCLIST_INJURED,COUNT_MC_KILLED,COUNT_MC_INJURED,PRIMARY_RAMP,SECONDARY_RAMP,LATITUDE,LONGITUDE,COUNTY,CITY,POINT_X,POINT_Y
92140750,2023,2024-06-25,9280,2023-07-15,2145,022667,,6,2,9,5700,0,2,4,,1,021,"COUNTY ROAD 102","COUNTY ROAD 14",4224.00,S,N,A,-,N,,,,,,,,,,Y,2,0,1,2,A,-,06,21751,,N,A,2,A,A,H,-,D,D,0,,,Y,,Y,,A,01,1,0,0,0,0,0,0,0,1,"- ","- ",38.766490936279297,-121.72891235351562,YOLO,UNINCORPORATED,-121.72887420654297,38.766269683837891
92147392,2023,2023-08-18,9280,2023-08-16,2120,019377,,3,2,9,5700,0,3,5,,2,003,"COUNTY ROAD 93A","COUNTY ROAD 31",1140.00,S,N,A,-,N,,,,,,,,,,Y,2,0,2,2,A,-,01,23152,A,N,A,C,A,A,H,-,D,D,0,,,,,Y,Y,A,08,1,0,1,0,0,0,0,0,0,"- ","- ",38.558479309082031,-121.90120697021484,YOLO,UNINCORPORATED,-121.89980316162109,38.560295104980469
92150107,2023,2023-08-22,9280,2023-08-10,"635 ",018316,,4,1,4,5704,0,1,1,,2,010,"I-80 E/B","ENTERPRISE BLVD.",1478.00,W,N,A,-,Y,YOL,,80," "," ",8.888,H,,R,Y,2,0,1,1,A,-,03,22350,,N,E,I,A,A,C,D,B,D,0,,,Y,,Y,,C,02,1,0,0,0,0,0,0,0,1,"- ","- ",38.573329925537109,-121.58283996582031,YOLO,"WEST SACRAMENTO",-121.58284759521484,38.573348999023438
92192994,2023,2023-10-06,9280,2023-10-02,2200,021248,,1,3,9,5700,0,1,3,,2,023,SR-113,"LOCUST ST",64.00,N,N,A,-,Y,YOL,,113," ",R,21.487,H,,R,Y,2,0,1,1,A,-,08,22107,,N,E,8,A,A,H,-,C,D,0,,,,,Y,,A,07,1,0,0,0,0,0,0,0,0,"- ","- ",38.794589996337891,-121.72309875488281,YOLO,UNINCORPORATED,-121.72320556640625,38.794654846191406
92208291,2023,2023-10-25,9280,2023-10-14,"50  ",022326,,6,3,9,5700,0,3,5,,2,001,"SOUTH RIVER RD","BABEL SLOUGH RD",4950.00,N,N,A,-,N,,,,,,,,,,Y,2,0,4,1,A,-,08,22107,,N,F,I,A,A,H,-,D,D,0,,,,,Y,Y,A,01,1,1,2,0,0,0,0,0,0,"- ","- ",38.492321014404297,-121.55684661865234,YOLO,UNINCORPORATED,-121.55696105957031,38.492275238037109
92234681,2023,2023-11-13,9280,2023-11-02,2326,022326,,4,3,9,5700,0,1,1,,2,030,"I-5 N/B","ROAD 12",2310.00,N,N,A,-,Y,YOL,,5," ",R,19.396,H,,R,Y,2,0,1,1,A,-,01,23152,F,N,E,8,A,A,H,-,D,D,0,,,,,Y,,A,01,1,0,0,0,0,0,0,0,0,"- ","- ",38.814338684082031,-121.89959716796875,YOLO,UNINCORPORATED,-121.89967346191406,38.814311981201172
9224658,2021,2021-03-10,5702,2021-01-23,1600,544,5702,6,5,2,5702,0,0,0,,0,00A,"GRANT AV","RAILROAD AV",0.00,,Y,A,-,N,,,,,,,,,,Y,2,0,1,2,A,-,06,21755,A,N,D,C,A,A,H,-,A,A,0,,,Y,,Y,,C,02,1,0,0,0,0,0,0,0,1,"- ","- ",,,YOLO,WINTERS,-121.97074890136719,38.525012969970703
92285016,2022,2024-01-11,9280,2022-09-17,2330,013927,,6,3,9,5700,0,3,5,,2,003,CR-90A,"COUNTY ROAD 19",0.00,,Y,A,-,N,,,,,,,,,,N,2,0,1,1,A,-,12,22450,A,M,E,I,A,A,H,-,D,A,0,,,,,Y,Y,A,01,1,0,0,0,0,0,0,0,0,"- ","- ",38.719341278076172,-121.95652770996094,YOLO,UNINCORPORATED,-121.95637512207031,38.719402313232422
92300763,2024,2024-01-30,9280,2024-01-24,2500,023616,,3,4,9,5700,0,3,5,,2,002,"COUNTY ROAD 102","COUNTY ROAD 29",4752.00,S,N,B,C,N,,,,,,,,,,N,2,0,1,2,A,-,08,22107,,F,G,B,E,B,H,-,D,D,0,Y,,,,Y,,-,99,1,0,0,0,1,0,0,0,0,"- ","- ",38.575611114501953,-121.73050689697266,YOLO,UNINCORPORATED,-121.73054504394531,38.575969696044922
92339322,2024,2024-03-15,9280,2024-03-11,1625,016144,,1,2,9,5700,0,3,5,,2,002,"RUSSELL BLVD","COUNTY ROAD 97",0.00,,Y,B,-,N,,,,,,,,,,N,2,0,1,2,A,-,09,21802,A,N,D,G,A,A,H,-,A,A,0,,Y,,,Y,,L,04,1,0,0,0,0,0,1,0,0,"- ","- ",38.547000885009766,-121.82180786132812,YOLO,UNINCORPORATED,-121.82171630859375,38.546981811523438
92365266,2024,2024-04-16,9280,2024-04-12,"135 ",022215,,5,3,4,5704,0,1,1,,2,010,"I-80 W/B","ENTERPRISE BLVD",80.00,W,N,A,-,Y,YOL,,80," "," ",9.172,H,,L,Y,2,0,1,2,A,-,01,23152,A,N,C,C,A,A,D,-,D,D,0,,,,,Y,Y,A,01,1,0,0,0,0,0,0,0,0,"- ","- ",38.574321746826172,-121.57778930664062,YOLO,"WEST SACRAMENTO",-121.57779693603516,38.574344635009766
92368726,2024,2024-04-19,9280,2024-03-06,2340,021248,,3,3,4,5704,0,1,1,,2,010,"I-80 E/B","ENTERPRISE BLVD",800.00,W,N,A,-,Y,YOL,,80," "," ",8.913,H,,R,N,2,0,2,3,A,-,01,23152,A,F,B,C,A,A,D,-,C,A,0,,,,Y,Y,Y,-,99,1,0,1,0,0,0,0,0,0,"- ","- ",38.573371887207031,-121.58236694335938,YOLO,"WEST SACRAMENTO",-121.58238983154297,38.573429107666016
92397374,2024,2024-05-23,9280,2024-01-18,1045,013927,,4,1,9,5700,0,3,5,,2,003,"COUNTY ROAD 27","COUNTY ROAD 94",356.00,E,N,B,-,N,,,,,,,,,,Y,1,1,1,2,A,-,08,22107,,N,A,C,A,A,H,-,A,D,0,,,,Y,Y,,F,25,0,1,0,0,0,0,0,0,0,"- ","- ",38.619781494140625,-121.87563323974609,YOLO,UNINCORPORATED,-121.87565612792969,38.619770050048828
92399878,2024,2024-05-28,9280,2024-05-14,"945 ",015128,,2,1,4,5704,0,1,2,,2,011,"US-50 W/B","HARBOR BL",2985.00,W,N,A,-,Y,YOL,,50," "," ",0.628,H,,L,Y,2,0,3,5,A,-,03,22350,,N,C,C,A,A,D,-,A,D,0,,,Y,,Y,,C,02,1,0,2,0,0,0,0,0,1,"- ","- ",38.57537841796875,-121.55935668945312,YOLO,"WEST SACRAMENTO",-121.55936431884766,38.575359344482422
92399985,2024,2024-08-14,9280,2024-05-17,1910,021510,,5,2,9,5700,0,3,5,,2,002,"6TH STREET","RAILROAD STREET",0.00,,Y,A,-,N,,,,,,,,,,Y,2,0,1,1,A,-,01,23152,A,N,E,8,A,A,H,-,A,D,0,,,,,Y,Y,A,01,1,0,0,0,0,0,0,0,0,"- ","- ",38.798179626464844,-121.7186279296875,YOLO,UNINCORPORATED,-121.71858215332031,38.798198699951172
92440533,2024,2024-08-05,9280,2024-06-28,1611,016114,,5,2,9,5700,0,1,1,,2,020,"I-5 N/B",SR-16,3290.00,N,N,A,-,Y,YOL,,5," ",R,11.434,H,,R,Y,1,1,0,1,A,-,08,22107,,N,E,I,A,A,H,-,A,D,0,,,,,Y,,A,01,0,0,0,0,0,0,0,0,0,"- ","- ",38.726558685302734,-121.80632781982422,YOLO,UNINCORPORATED,-121.806396484375,38.726520538330078
9250212,2021,2021-04-23,5701,2021-04-08,2045,106,1,4,5,5,5701,0,0,0,,0,001,"RUSSELL BL","ARTHUR ST",0.00,,Y,A,-,N,,,,,,,,,,N,2,0,1,2,A,-,10,21950,A,N,G,B,B,A,H,-,C,A,0,Y,,,,Y,,A,01,1,0,0,0,1,0,0,0,0,"- ","- ",38.546501159667969,-121.77057647705078,YOLO,DAVIS,-121.77058410644531,38.546371459960938
9251374,2021,2021-04-21,5704,2021-03-29,1809,06093,,1,5,4,5704,0,0,0,,0,001,"C ST","CALIFORNIA ST",333.00,S,N,A,-,N,,,,,,,,,,Y,2,0,2,2,A,-,05,21460,A,N,A,C,A,A,H,-,A,D,0,,,,,Y,,A,01,1,0,1,0,0,0,0,0,0,"- ","- ",38.588539123535156,-121.51419067382812,YOLO,"WEST SACRAMENTO",-121.51423645019531,38.5885009765625
9283451,2021,2021-07-20,5704,2021-06-25,0045,06604,,5,5,4,5704,0,0,0,,0,003,"VILLAGE PKWY","LOCKS DR",735.00,S,N,A,-,N,,,,,,,,,,Y,2,0,1,1,A,-,05,21651,A,N,E,I,A,A,H,-,C,D,0,,,,,Y,,A,01,1,0,0,0,0,0,0,0,0,"- ","- ",38.5601806640625,-121.52333831787109,YOLO,"WEST SACRAMENTO",-121.52340698242188,38.558330535888672
9289032,2021,2021-07-23,5701,2021-06-10,0659,227,1,4,5,5,5701,0,0,0,,0,001,"RUSSELL BL","ARTHUR ST",225.00,W,N,A,-,N,,,,,,,,,,Y,2,0,1,1,A,-,05,21650,,N,A,I,A,A,H,-,A,D,0,,,,,Y,,-,,1,0,0,0,0,0,0,0,0,"- ","- ",38.546501159667969,-121.77057647705078,YOLO,DAVIS,-121.77135467529297,38.546470642089844
9299758,2021,2021-09-03,5703,2021-07-26,0633,2145,64,1,5,4,5703,0,0,0,,0,002,"WEST WOODLAND AV","NEVADA AV",0.00,,Y,A,-,N,,,,,,,,,,N,2,0,1,2,A,-,10,21950,C,N,G,B,B,A,H,-,A,D,0,Y,,,,Y,,A,01,1,0,0,0,1,0,0,0,0,"- ","- ",38.688461303710938,-121.78801727294922,YOLO,WOODLAND,-121.78800964355469,38.68841552734375
9313328,2021,2021-09-09,5701,2021-07-15,1809,121,5,4,5,5,5701,0,0,0,,0,002,"EAST COVELL BL","L ST",290.00,E,N,A,-,N,,,,,,,,,,N,2,0,1,2,A,-,08,22107,,N,H,G,A,A,H,-,A,D,0,,Y,,,Y,,L,04,1,0,0,0,0,0,1,0,0,"- ","- ",38.561111450195312,-121.73898315429688,YOLO,DAVIS,-121.73443603515625,38.561492919921875
9341900,2021,2021-11-30,5704,2021-10-07,1830,06012,,4,5,4,5704,0,0,0,,0,002,"SOUTH RIVER RD","RT 80",0.00,,Y,A,-,N,,,,,,,,,,Y,2,0,1,2,A,-,09,21801,A,N,A,C,A,A,H,-,B,D,0,,,Y,,Y,,A,07,1,0,0,0,0,0,0,0,1,"- ",EO,38.573619842529297,-121.51908874511719,YOLO,"WEST SACRAMENTO",-122.46490478515625,40.620704650878906
9346498,2021,2021-11-06,5701,2021-09-25,0126,120,5,6,5,5,5701,0,0,0,,0,002,"5TH ST","J ST",0.00,,Y,A,-,N,,,,,,,,,,Y,2,0,1,2,A,-,01,23152,A,M,D,C,A,A,H,-,C,A,0,,,Y,,Y,Y,C,02,1,0,0,0,0,0,0,0,1,"- ","- ",38.548080444335938,-121.73663330078125,YOLO,DAVIS,-121.73662567138672,38.548080444335938
9360854,2021,2021-12-06,5703,2021-10-25,1847,2144,15,1,5,4,5703,0,0,0,,0,004,"EAST GIBSON RD","WASHINGTON DR",121.00,E,N,A,-,N,,,,,,,,,,N,2,0,1,2,A,-,11,21955,,F,G,B,D,A,H,-,B,A,0,Y,,,,Y,,N,60,1,0,0,0,1,0,0,0,0,"- ","- ",38.662899017333984,-121.75908660888672,YOLO,WOODLAND,-121.75875854492188,38.662803649902344
9365031,2021,2021-12-29,5704,2021-11-24,0258,06197,,3,5,4,5704,0,0,0,,0,001,"4TH ST","G ST",120.00,S,N,A,-,N,,,,,,,,,,Y,2,0,1,2,A,-,01,23152,A,N,E,I,A,A,H,-,C,D,0,,,Y,,Y,Y,C,02,1,0,0,0,0,0,0,0,1,"- ","- ",38.58380126953125,-121.51232147216797,YOLO,"WEST SACRAMENTO",-121.51242828369141,38.583423614501953
9369735,2021,2022-01-05,5701,2021-12-03,0835,229,3,5,5,5,5701,0,0,0,,0,001,"SYCAMORE LN","ALVARADO AV",6.00,N,N,B,-,N,,,,,,,,,,N,2,0,1,2,A,-,10,21950,A,N,G,B,B,B,H,-,A,D,0,Y,,,,Y,,A,01,1,0,0,0,1,0,0,0,0,"- ","- ",38.561729431152344,-121.76393127441406,YOLO,DAVIS,-121.76393127441406,38.561763763427734
93764135,2024,2024-08-06,9280,2024-07-30,2500,016042,,2,4,9,5700,0,3,5,,2,002,"COUNTY ROAD 105","COUNTY ROAD 29",35.00,W,N,A,-,N,,,,,,,,,,Y,2,0,1,1,A,-,03,22350,,F,E,8,A,A,H,-,A,D,0,,,,,Y,,A,01,1,0,0,0,0,0,0,0,0,"- ","- ",38.589370727539062,-121.67484283447266,YOLO,UNINCORPORATED,-121.67489624023438,38.589633941650391
9379183,2021,2022-01-07,5704,2021-12-09,1128,06017,,4,5,4,5704,0,0,0,,0,003,"SOUTHPORT PKWY","RAMCO ST",335.00,,N,A,-,N,,,,,,,,,,Y,2,0,1,1,A,-,05,21650,,N,A,I,A,A,H,-,A,A,0,,,,,Y,,A,01,1,0,0,0,0,0,0,0,0,"- ","- ",38.555419921875,-121.56349182128906,YOLO,"WEST SACRAMENTO",-121.56343078613281,38.555450439453125
94019136,2024,2024-09-09,9280,2024-07-27,"159 ",021248,,6,3,9,5700,0,1,1,,2,010,"I-80 W/B","COUNTY ROAD 32A",7920.00,E,N,A,-,Y,YOL,,80," "," ",7.346,H,,L,Y,2,0,5,3,A,-,03,22350,,N,A,C,A,A,D,E,D,D,0,,,,,Y,Y,A,01,4,1,0,0,0,0,0,0,0,"- ","- ",38.568500518798828,-121.61068725585938,YOLO,UNINCORPORATED,-121.61069488525391,38.568519592285156
9411574,2022,2022-02-24,5704,2022-01-27,0832,06698,,4,5,4,5704,0,0,0,,0,002,"WEST CAPITOL AV","JEFFERSON BL",0.00,,Y,A,-,N,,,,,,,,,,N,2,0,1,2,A,-,12,21453,A,N,D,C,A,A,D,-,A,A,0,,,Y,,Y,,A,01,1,0,0,0,0,0,0,0,1,"- ","- ",38.580818176269531,-121.52687835693359,YOLO,"WEST SACRAMENTO",-121.52664947509766,38.580722808837891
94404625,2024,2024-09-23,9280,2024-09-19,1610,018352,,4,2,9,5700,0,3,5,,2,001,"S. RIVER ROAD","COUNTY ROAD 143",3696.00,N,N,A,-,N,,,,,,,,,,N,2,0,1,2,A,-,03,22350,,N,C,C,A,A,H,-,A,D,0,,,Y,,Y,,C,02,1,0,0,0,0,0,0,0,1,"- ","- ",38.347011566162109,-121.5472412109375,YOLO,UNINCORPORATED,-121.54876708984375,38.34686279296875
9440486,2022,2022-05-05,5701,2022-04-08,1300,229,6,5,5,5,5701,0,0,0,,0,003,"EAST COVELL BL","MONARCH LN",0.00,,Y,A,-,N,,,,,,,,,,Y,2,0,2,2,A,-,09,21802,A,N,D,C,A,A,H,-,A,A,0,,,,,Y,,A,01,1,1,0,0,0,0,0,0,0,"- ","- ",38.56365966796875,-121.71457672119141,YOLO,DAVIS,-121.71459197998047,38.563793182373047
9447667,2022,2022-10-06,5701,2022-08-29,1312,237,7,1,5,5,5701,0,0,0,,0,003,"POLE LINE RD","BIRCH LN",170.00,S,N,A,-,N,,,,,,,,,,Y,2,0,1,1,A,-,03,22350,,N,H,A,A,A,H,-,A,D,0,,,Y,,Y,,C,02,1,0,0,0,0,0,0,0,1,"- ","- ",38.558399200439453,-121.72853088378906,YOLO,DAVIS,-121.72812652587891,38.558055877685547
94491972,2024,2024-12-04,9280,2024-11-28,1055,024073,,4,1,9,5700,0,1,3,,2,023,"STATE ROUTE 113","COUNTY ROAD 17",1500.00,N,N,A,-,Y,YOL,,113," "," ",14.405,H,,R,N,2,0,1,1,C,-,18,,,N,E,H,A,A,H,-,A,D,0,,,Y,,Y,,-,"- ",1,0,0,0,0,0,0,0,1,"- ","- ",38.735248565673828,-121.77055358886719,YOLO,UNINCORPORATED,-121.77055358886719,38.735240936279297
94500507,2024,2024-12-13,9280,2024-11-29,1600,016114,,5,2,9,5700,0,3,5,,2,003,"COUNTY ROAD 40",SR-16,3432.00,S,N,A,-,N,,,,,,,,,,N,2,0,1,1,A,-,08,22107,,N,F,A,A,A,A,-,A,D,0,,,Y,,Y,,C,02,1,0,0,0,0,0,0,0,1,"- ","- ",38.899169921875,-122.31333160400391,YOLO,UNINCORPORATED,-122.31112670898438,38.905384063720703
94545834,2025,2025-01-22,9280,2025-01-14,"435 ",024236,,2,3,9,5700,0,3,5,,2,002,"COUNTY ROAD 100A","23355 CR 100A",34.00,S,N,A,-,N,,,,,,,,,,Y,2,0,2,1,A,-,01,23152,A,N,E,8,A,A,H,-,D,A,0,,,,,Y,Y,A,01,2,0,0,0,0,0,0,0,0,"- ","- ",38.593978881835938,-121.76661682128906,YOLO,UNINCORPORATED,-121.76517486572266,38.735084533691406
9463874,2022,2022-09-20,5702,2022-08-08,2045,543,5702,1,5,2,5702,0,0,0,,0,,"EAST GRANT AV","EAST MAIN ST",0.00,,Y,A,-,Y,YOL,3,128,-,-,8.123,I,5,E,Y,1,1,1,2,A,-,09,21801,A,N,D,C,A,A,H,-,D,D,0,,,Y,,Y,Y,A,01,0,0,1,0,0,0,0,1,0,"- ","- ",,,YOLO,WINTERS,-121.98194122314453,38.520999908447266
9464259,2022,2023-04-13,5703,2022-07-09,0003,2865,72,6,5,4,5703,0,0,0,,0,003,"W CROSS ST","CONNOR LN",48.00,E,N,A,-,N,,,,,,,,,,Y,1,1,1,3,A,-,01,23152,A,F,B,C,A,A,H,-,C,D,0,,,Y,,Y,Y,C,02,0,1,0,0,0,0,0,1,1,"- ","- ",38.67218017578125,-121.79653930664062,YOLO,WOODLAND,-121.79634094238281,38.67218017578125
94649055,2025,2025-04-14,9280,2025-04-02,1445,022445,,3,2,9,5700,0,2,4,,2,025,"RUSSELL BLVD","COUNTY ROAD 98",0.00,,Y,A,-,N,,,,,,,,,,N,2,0,1,2,A,-,09,21802,A,F,D,C,A,A,H,-,A,A,0,,,,,Y,,-,"- ",1,0,0,0,0,0,0,0,0,"- ","- ",38.546939849853516,-121.80329895019531,YOLO,UNINCORPORATED,-121.80326080322266,38.54693603515625
94649073,2025,2025-04-14,9280,2025-04-08,1610,024427,,2,2,4,5704,0,1,2,,2,011,"US 50 E/B","JEFFERSON BLVD",1373.00,W,N,A,-,Y,YOL,,50," "," ",2.772,H,,R,Y,2,0,1,2,A,-,07,21658,A,N,C,C,A,A,H,-,A,D,0,,,Y,,Y,,C,02,1,0,0,0,0,0,0,0,1,"- ","- ",38.575439453125,-121.52062225341797,YOLO,"WEST SACRAMENTO",-121.52066802978516,38.575412750244141
94697577,2025,2025-05-22,9280,2025-03-26,"814 ",018316,,3,1,9,5700,0,3,5,,2,002,"COUNTY ROAD 29","SILVERADO DRIVE",252.00,E,N,A,-,N,,,,,,,,,,Y,1,1,0,2,A,-,03,22350,,N,C,G,A,A,H,-,A,D,0,,Y,,,Y,,M,46,0,0,0,0,0,1,0,0,0,"- ","- ",38.59027099609375,-121.7786865234375,YOLO,UNINCORPORATED,-121.77871704101562,38.590324401855469
94727529,2025,2025-06-16,9280,2025-05-31,1116,022445,,6,1,9,5700,0,2,4,,2,025,"COUNTY ROAD 98","COUNTY ROAD 25A",0.00,,Y,A,-,N,,,,,,,,,,N,2,0,1,2,A,-,09,21802,A,N,D,C,A,A,H,-,A,A,0,,,,,Y,,A,01,1,0,0,0,0,0,0,0,0,"- ","- ",38.641368865966797,-121.80265808105469,YOLO,UNINCORPORATED,-121.80270385742188,38.641410827636719
94737350,2025,2025-06-24,9280,2025-06-19,1810,023170,,4,2,4,5703,0,1,1,,2,020,"I-5 S/B",CR-102,2320.00,N,N,A,-,Y,YOL,,5," "," ",5.971,H,,L,Y,2,0,3,1,C,-,18,,,N,F,0,A,A,H,-,A,D,0,,,,,Y,,-,"- ",1,2,0,0,0,0,0,0,0,"- ","- ",38.673671722412109,-121.73677062988281,YOLO,WOODLAND,-121.73677062988281,38.673683166503906
94746601,2025,2025-07-07,9280,2025-06-28,1930,024134,,6,2,9,5700,0,1,1,,2,010,"I-80 E/B","CHILES RD",780.00,E,N,A,-,Y,YOL,,80," "," ",5.944,H,,R,Y,2,0,1,2,A,-,01,23152,A,N,C,C,A,A,D,-,A,A,0,,,Y,,Y,Y,C,02,1,0,0,0,0,0,0,0,1,"- ","- ",38.563831329345703,-121.63588714599609,YOLO,UNINCORPORATED,-121.63589477539062,38.5638427734375
94770185,2025,2025-07-21,9280,2025-06-16,"330 ",024133,,1,3,4,5704,0,1,1,,2,010,"I-80 W/B","ENTERPRISE BLVD",3168.00,E,N,A,-,Y,YOL,,80," ",R,9.873,H,,L,Y,1,1,0,2,A,-,08,22107,,N,E,8,A,A,D,-,D,A,0,,,,,Y,,D,22,0,0,0,0,0,0,0,0,0,"- ","- ",38.575771331787109,-121.56558227539062,YOLO,"WEST SACRAMENTO",-121.56564331054688,38.57598876953125
9496039,2022,2022-08-23,5701,2022-07-14,1715,222,4,4,5,5,5701,0,0,0,,0,002,"5TH ST","L ST",0.00,,Y,A,-,N,,,,,,,,,,N,2,0,1,2,A,-,03,22350,,N,C,C,A,A,H,-,A,A,0,,,,,Y,,A,01,1,0,0,0,0,0,0,0,0,"- ","- ",38.547279357910156,-121.74105834960938,YOLO,DAVIS,-121.73448181152344,38.548450469970703
9508693,2022,2022-11-18,5701,2022-10-11,1158,106,5,2,5,5,5701,0,0,0,,0,002,"5TH ST","J ST",0.00,,Y,A,-,N,,,,,,,,,,N,2,0,1,2,A,-,09,21800,A,N,H,C,A,A,H,-,A,A,0,,,Y,,Y,,C,03,1,0,0,0,0,0,0,0,1,"- ","- ",38.548080444335938,-121.73663330078125,YOLO,DAVIS,-121.73662567138672,38.548080444335938
9513722,2022,2022-11-22,5704,2022-08-25,2029,06469,,4,5,4,5704,0,0,0,,0,002,"JEFFERSON BL","TOWER BRIDGE GATEWAY",23.00,W,N,A,-,N,,,,,,,,,,N,2,0,1,2,A,-,11,21954,A,F,G,B,D,A,H,-,C,A,0,Y,,,,Y,,N,60,1,0,0,0,1,0,0,0,0,"- ","- ",38.57794189453125,-121.52533721923828,YOLO,"WEST SACRAMENTO",,
9539675,2022,2023-02-02,5701,2022-12-15,1200,247,3,4,5,5,5701,0,0,0,,0,001,"CARIBOU PL","QUAIL ST",0.00,,Y,A,-,N,,,,,,,,,,N,2,0,1,2,A,-,09,21800,A,N,H,G,A,A,H,-,A,D,0,,Y,,,Y,,A,01,1,0,0,0,0,0,1,0,0,"- ","- ",38.565048217773438,-121.76405334472656,YOLO,DAVIS,-121.76406097412109,38.565036773681641
9546962,2023,2023-03-01,5701,2023-02-07,1404,110,1,2,5,5,5701,0,0,0,,0,001,"SHASTA DR","COVELL BL",5.00,S,N,A,-,N,,,,,,,,,,N,2,0,1,2,A,-,03,22350,,N,C,C,A,A,H,-,A,A,0,,,,,Y,,A,01,1,0,0,0,0,0,0,0,0,"- ","- ",38.560848236083984,-121.77268981933594,YOLO,DAVIS,-121.77259826660156,38.560874938964844
9558690,2023,2023-03-20,5701,2023-02-10,1600,110,3,5,5,5,5701,0,0,0,,0,001,"WEST COVELL BL","OAK AV",0.00,E,N,A,-,N,,,,,,,,,,N,2,0,1,3,-,-,"- ",,,N,C,C,A,A,H,-,A,A,0,,,,,Y,,-,"- ",1,0,0,0,0,0,0,0,0,"- ","- ",38.560848236083984,-121.75222015380859,YOLO,DAVIS,-121.75223541259766,38.560752868652344
9582694,2023,2023-06-27,5702,2023-03-23,"753 ",532,5702,4,5,2,5702,0,0,0,,0,,"ANDERSON AV","APRICOT AV",0.00,,Y,A,-,N,,,,,,,,,,N,2,0,1,2,A,-,10,21950,A,N,G,B,D,A,H,-,A,D,0,Y,,,,Y,,N,60,1,0,0,0,1,0,0,0,0,"- ","- ",,,YOLO,WINTERS,-121.97739410400391,38.527225494384766
9583729,2023,2023-08-01,5703,2023-06-27,2059,2865,51,2,5,4,5703,0,0,0,,0,001,"EAST MAIN ST","HAZEL CT",0.00,,Y,A,-,N,,,,,,,,,,Y,2,0,1,2,A,-,11,21954,A,N,G,B,D,A,H,-,B,D,0,Y,,,,Y,,N,60,1,0,0,0,1,0,0,0,0,"- ","- ",38.677131652832031,-121.74302673339844,YOLO,WOODLAND,-121.74298858642578,38.677158355712891
9597806,2023,2023-08-02,5701,2023-06-26,1124,226,3,1,5,5,5701,0,0,0,,0,001,"OAK AV","WEST COVELL BL",24.00,S,N,A,-,N,,,,,,,,,,N,2,0,1,2,A,-,03,22350,,N,C,C,A,A,H,-,A,A,0,,,,,Y,,D,22,1,0,0,0,0,0,0,0,0,"- ","- ",38.560848236083984,-121.75222015380859,YOLO,DAVIS,-121.75224304199219,38.560684204101562
9611922,2023,2023-09-21,5701,2023-06-01,1000,110,9,4,5,5,5701,0,0,0,,0,004,"MACE BL","RT 80",0.00,,Y,A,-,Y,YOL,3,80,-,-,20.475,R,3,W,Y,2,0,2,2,C,-,18,,,N,D,C,A,A,H,-,A,A,0,,,,,Y,,-,"- ",2,0,0,0,0,0,0,0,0,"- ",WO,38.550331115722656,-121.69389343261719,YOLO,DAVIS,-121.6944580078125,38.552722930908203
9635629,2023,2024-02-27,5701,2023-12-01,1752,237,2,5,5,5,5701,0,0,0,,0,001,"ANDERSON RD","AMHERST DR",274.00,S,N,A,-,N,,,,,,,,,,N,2,0,1,2,A,-,08,22103,,N,E,J,A,A,H,-,C,D,0,,,Y,,Y,,A,01,1,0,0,0,0,0,0,0,1,"- ","- ",38.550788879394531,-121.7586669921875,YOLO,DAVIS,-121.75868988037109,38.551536560058594
9641021,2023,2024-10-21,5704,2023-12-11,2120,06675,,1,5,4,5704,0,0,0,,0,002,"WEST CAPITOL AV","WESTACRE RD",0.00,,Y,A,-,N,,,,,,,,,,Y,1,1,3,3,A,-,01,23152,A,N,D,C,F,A,H,-,C,A,0,Y,,,,Y,Y,A,01,2,1,0,0,1,0,0,0,0,"- ","- ",38.580268859863281,-121.53073120117188,YOLO,"WEST SACRAMENTO",-121.5306396484375,38.580425262451172