CASE_ID,ACCIDENT_YEAR,PROC_DATE,JURIS,COLLISION_DATE,COLLISION_TIME,OFFICER_ID,REPORTING_DISTRICT,DAY_OF_WEEK,CHP_SHIFT,POPULATION,CNTY_CITY_LOC,SPECIAL_COND,BEAT_TYPE,CHP_BEAT_TYPE,CITY_DIVISION_LAPD,CHP_BEAT_CLASS,BEAT_NUMBER,PRIMARY_RD,SECONDARY_RD,DISTANCE,DIRECTION,INTERSECTION,WEATHER_1,WEATHER_2,STATE_HWY_IND,CALTRANS_COUNTY,CALTRANS_DISTRICT,STATE_ROUTE,ROUTE_SUFFIX,POSTMILE_PREFIX,POSTMILE,LOCATION_TYPE,RAMP_INTERSECTION,SIDE_OF_HWY,TOW_AWAY,COLLISION_SEVERITY,NUMBER_KILLED,NUMBER_INJURED,PARTY_COUNT,PRIMARY_COLL_FACTOR,PCF_CODE_OF_VIOL,PCF_VIOL_CATEGORY,PCF_VIOLATION,PCF_VIOL_SUBSECTION,HIT_AND_RUN,TYPE_OF_COLLISION,MVIW,PED_ACTION,ROAD_SURFACE,ROAD_COND_1,ROAD_COND_2,LIGHTING,CONTROL_DEVICE,CHP_ROAD_TYPE,PEDESTRIAN_ACCIDENT,BICYCLE_ACCIDENT,MOTORCYCLE_ACCIDENT,TRUCK_ACCIDENT,NOT_PRIVATE_PROPERTY,ALCOHOL_INVOLVED,STWD_VEHTYPE_AT_FAULT,CHP_VEHTYPE_AT_FAULT,COUNT_SEVERE_INJ,COUNT_VISIBLE_INJ,COUNT_COMPLAINT_PAIN,COUNT_PED_KILLED,COUNT_PED_INJURED,COUNT_BICYCLIST_KILLED,COUNT_BICYCLIST_INJURED,COUNT_MC_KILLED,COUNT_MC_INJURED,PRIMARY_RAMP,SECONDARY_RAMP,LATITUDE,LONGITUDE,COUNTY,CITY,POINT_X,POINT_Y
9652658,2024,2024-03-28,5704,2024-01-15,1735,06225,,1,5,4,5704,0,0,0,,0,002,"WEST CAPITOL AV","MAPLE ST",0.00,,Y,A,-,N,,,,,,,,,,N,2,0,1,2,A,-,08,22107,,F,G,B,D,A,H,-,C,D,0,Y,,,,Y,,-,99,1,0,0,0,1,0,0,0,0,"- ","- ",35.579910278320312,-121.53816986083984,YOLO,"WEST SACRAMENTO",-121.53819274902344,38.579795837402344
9662650,2024,2024-03-01,5701,2024-01-17,1743,246,8,3,5,5,5701,0,0,0,,0,004,"COWELL BL","DREW AV",46.00,W,N,A,-,N,,,,,,,,,,N,2,0,1,2,A,-,08,22107,,N,H,G,A,A,H,-,C,A,0,,Y,,,Y,Y,A,01,1,0,0,0,0,0,1,0,0,"- ","- ",,,YOLO,DAVIS,-121.72730255126953,38.539894104003906
9671719,2024,2024-07-03,5701,2024-03-05,"930 ",122,9,2,5,5,5701,0,0,0,,0,004,"CHILES RD","EL CEMONTE AV",867.00,E,N,B,-,N,,,,,,,,,,Y,2,0,1,2,A,-,03,22350,,N,E,J,A,A,H,-,A,D,0,,,,,Y,,A,01,1,0,0,0,0,0,0,0,0,"- ","- ",38.553451538085938,-121.69007110595703,YOLO,DAVIS,-121.68949890136719,38.553382873535156
9702754,2024,2024-07-31,5701,2024-05-17,"859 ",1039,,5,5,5,5701,0,0,0,,0,UCD,"REGAN HALL CIR","CALIFORNIA AV",86.00,W,N,A,-,N,,,,,,,,,,N,2,0,1,1,A,-,03,22350,,N,E,I,A,A,H,-,A,D,0,,Y,,,Y,,L,04,1,0,0,0,0,0,1,0,0,"- ","- ",38.543731689453125,-121.75359344482422,YOLO,DAVIS,-121.75360107421875,38.543651580810547
9723558,2024,2024-10-09,5701,2024-08-21,2100,240,2,3,5,5,5701,0,0,0,,0,001,"WAKE FOREST DR","GUAVA LN",65.00,E,N,A,-,N,,,,,,,,,,N,2,0,1,2,A,-,09,21804,A,N,H,G,A,A,H,-,C,D,0,,Y,,,Y,,A,01,1,0,0,0,0,0,1,0,0,"- ","- ",38.548599243164062,-121.76634216308594,YOLO,DAVIS,-121.76612854003906,38.548515319824219
9739684,2024,2024-10-02,5701,2024-09-04,1031,226,1,3,5,5,5701,0,0,0,,0,001,"RUSSELL BL","LAKE BL",0.00,,Y,A,-,N,,,,,,,,,,N,2,0,1,2,A,-,09,21804,A,N,H,G,A,A,H,-,A,A,0,,Y,,,Y,,A,01,1,0,0,0,0,0,1,0,0,"- ","- ",38.546699523925781,-121.78928375244141,YOLO,DAVIS,-121.7894287109375,38.546710968017578
9765012,2025,2025-02-20,5701,2025-01-12,1919,256,4,7,5,5,5701,0,0,0,,0,002,"RUSSELL BL","A ST",0.00,,Y,A,-,N,,,,,,,,,,Y,2,0,2,2,A,-,09,21801,,N,D,C,A,A,H,-,C,A,0,,,,,Y,,A,01,1,1,0,0,0,0,0,0,0,"- ","- ",38.546169281005859,-121.74774932861328,YOLO,DAVIS,-121.74776458740234,38.546180725097656
9786346,2024,2025-07-16,5704,2024-10-28,1425,00165,,1,5,4,5704,0,0,0,,0,002,"INDUSTRIAL BL","TERMINAL ST",650.00,E,N,A,-,N,,,,,,,,,,N,1,1,0,2,A,-,08,22107,,N,C,G,A,A,H,-,A,D,0,,Y,,Y,Y,,L,04,0,0,0,0,0,1,0,0,0,"- ","- ",38.565391540527344,-121.54340362548828,YOLO,"WEST SACRAMENTO",-121.54150390625,38.564121246337891
6290265,2014,2015-12-16,9280,2014-01-07,0605,15485,,2,1,4,5704,0,1,2,,2,011,"RT 50","RT 80",510.00,W,N,A,-,Y,YOL,3,50,-,-,0.260,H,-,W,N,1,1,1,5,A,-,11,21954,A,N,G,B,E,A,H,-,D,D,1,Y,,,,Y,,N,60,0,1,0,1,0,0,0,0,0,"- ","- ",38.575530000000001,-121.56586,YOLO,"WEST SACRAMENTO",-121.56489664999999,38.575702909999997
6291950,2014,2015-02-06,5704,2014-12-31,2134,00173,WSPD,3,5,4,5704,0,0,0,,0,002,"INDUSTRIAL BL","BEACON BL",300.00,W,N,A,-,N,,,,,,,,,,Y,1,1,0,1,A,-,05,21650,,N,E,I,A,A,H,-,C,D,0,,,Y,,Y,,C,02,0,0,0,0,0,0,0,1,0,"- ","- ",,,YOLO,"WEST SACRAMENTO",-121.55540648,38.573171809999998
6292122,2014,2016-01-12,5701,2014-02-01,1402,96,7,6,5,5,5701,0,0,0,,0,003,"EAST COVELL BL","BAYWOOD LN",300.00,E,N,A,-,N,,,,,,,,,,Y,1,1,0,2,A,-,03,22350,,N,C,C,A,A,H,-,A,D,0,,,,,Y,,A,01,0,0,0,0,0,0,0,0,0,"- ","- ",38.551380000000002,-121.71244,YOLO,DAVIS,-121.72315706000001,38.563021329999998
6292217,2015,2015-06-02,9280,2015-03-29,0837,17800,,7,1,9,5700,0,3,5,,2,002,"COUNTY ROAD 98","COUNTY ROAD 30",381.00,S,N,A,-,N,,,,,,,,,,Y,1,1,0,1,A,-,01,23152,A,N,E,I,A,A,H,-,A,D,0,,,,,Y,Y,A,01,0,0,0,0,0,0,0,0,0,"- ","- ",38.575240000000001,-121.80301,YOLO,UNINCORPORATED,-121.80323004,38.575033619999999
6336985,2014,2016-02-22,9280,2014-01-13,1152,017763,,1,1,9,5700,0,1,3,,2,013,"RT 84","BABEL SLOUGH RD",1056.00,S,N,A,-,Y,YOL,3,84,-,-,11.570,H,-,S,Y,2,0,2,2,A,-,03,22350,,N,C,C,A,A,H,-,A,D,0,,,Y,Y,Y,,C,02,1,0,1,0,0,0,0,0,2,"- ","- ",38.444330000000001,-121.58296,YOLO,UNINCORPORATED,-121.58288546999999,38.443943359999999
6345122,2014,2016-02-22,9280,2014-01-11,0409,017874,,6,3,9,5700,0,3,5,,2,002,"RT 16","COUNTY ROAD 97E",528.00,E,N,A,-,Y,YOL,3,16,-,-,40.200,H,-,E,N,2,0,1,2,A,-,11,21954,A,N,B,B,E,A,H,-,D,D,0,Y,,,,Y,Y,N,60,1,0,0,0,1,0,0,0,0,"- ","- ",38.404000000000003,-121.48309999999999,YOLO,UNINCORPORATED,-121.81051681,38.677702289999999
6372503,2014,2014-06-03,9280,2014-01-31,2330,017874,,5,3,9,5700,0,3,5,,2,003,"COUNTY ROAD 17","COUNTY ROAD 95A",8976.00,W,N,A,-,N,,,,,,,,,,Y,2,0,3,1,A,-,01,23152,A,N,F,I,A,A,H,-,D,D,0,,,,,Y,Y,D,22,3,0,0,0,0,0,0,0,0,"- ","- ",38.736150000000002,-121.88334999999999,YOLO,UNINCORPORATED,-121.88049045,38.736068150000001
6418971,2014,2015-11-10,9280,2014-03-16,2150,15128,,7,2,9,5700,0,1,1,,2,010,"RT 80","MACE BL",13200.00,E,N,A,-,Y,YOL,3,80,-,-,5.180,H,-,E,Y,2,0,1,1,A,-,01,23152,A,N,E,I,A,A,H,-,D,D,1,,,,,Y,Y,A,01,1,0,0,0,0,0,0,0,0,"- ","- ",38.342799999999997,-121.31529999999999,YOLO,UNINCORPORATED,-121.64975462,38.56132891
6424173,2014,2014-06-26,5703,2014-02-07,2110,2850,35,5,5,4,5703,0,0,0,,0,004,"MATMOR RD","EAST GIBSON RD",0.00,,Y,C,-,N,,,,,,,,,,Y,2,0,4,2,-,-,"- ",,,N,D,C,A,B,H,-,C,A,0,,,,,Y,Y,-,"- ",1,2,1,0,0,0,0,0,0,"- ","- ",,,YOLO,WOODLAND,-121.75646994,38.662779999999998
6439349,2014,2014-07-08,5703,2014-03-10,1744,2850,51,1,5,4,5703,0,0,0,,0,004,"FARNHAM AV","PIONEER AV",7.00,E,N,A,-,N,,,,,,,,,,N,2,0,1,2,A,-,12,21453,A,N,D,G,A,-,H,-,A,A,0,,Y,,,Y,,L,04,1,0,0,0,0,0,1,0,0,"- ","- ",,,YOLO,WOODLAND,-121.74366302999999,38.672083880000002
6450464,2014,2016-04-05,9280,2014-04-12,0930,015492,,6,1,4,5704,0,1,1,,2,010,"RT 80","REED AV",3168.00,W,N,A,-,Y,YOL,3,80,-,R,11.610,H,-,W,Y,2,0,9,4,A,-,03,22350,,N,C,C,A,A,H,-,A,D,1,,,,,Y,,A,01,2,1,6,0,0,0,0,0,0,"- ","- ",38.584000000000003,-121.55771,YOLO,"WEST SACRAMENTO",-121.54904925,38.596985449999998
6451794,2014,2014-07-25,9280,2014-04-02,1600,16292,,3,2,9,5700,0,3,5,,2,002,"OLD RIVER RD","COUNTY ROAD 124",7920.00,S,N,A,B,N,,,,,,,,,,Y,2,0,2,1,A,-,08,22107,,N,E,J,A,A,H,-,A,D,0,,,,Y,Y,,F,27,1,1,0,0,0,0,0,0,0,"- ","- ",38.647019999999998,-121.57785,YOLO,UNINCORPORATED,-121.59650976,38.644316349999997
6496906,2014,2014-07-30,9280,2014-05-12,1527,017763,,1,2,9,5700,0,3,5,,2,001,"COUNTY ROAD 105","COUNTY ROAD 36",0.00,,Y,A,-,N,,,,,,,,,,Y,2,0,4,2,A,-,12,22450,A,N,D,C,A,A,H,-,A,A,0,,,,,Y,,A,01,1,2,1,0,0,0,0,0,0,"- ","- ",38.487450000000003,-121.67740999999999,YOLO,UNINCORPORATED,-121.67718988,38.487399969999998
6511048,2014,2014-08-04,9280,2014-05-24,1450,17883,,6,2,9,5700,0,3,5,,2,003,"COUNTY ROAD 95","COUNTY ROAD 29",0.00,,Y,A,-,N,,,,,,,,,,N,2,0,1,2,A,-,12,22450,A,N,D,G,A,A,H,-,A,A,0,,Y,,,Y,,L,04,1,0,0,0,0,0,1,0,0,"- ","- ",38.59066,-121.85863000000001,YOLO,UNINCORPORATED,-121.85864997,38.590669949999999
6584453,2014,2014-08-15,5701,2014-05-18,0143,112,2,7,5,5,5701,0,0,0,,0,001,"ANDERSON RD","RUTGERS DR",0.00,S,N,A,-,N,,,,,,,,,,N,2,0,1,3,A,-,08,22107,,N,B,G,A,A,H,-,C,D,0,,Y,,,Y,Y,L,04,1,0,0,0,0,0,1,0,0,"- ","- ",,,YOLO,DAVIS,-121.75864987999999,38.554749919999999
6592152,2014,2016-05-09,9280,2014-07-20,1400,017629,,7,2,4,5704,0,1,2,,2,011,"RT 80","REED AV",30.00,E,N,A,-,Y,YOL,3,80,-,R,11.250,H,-,W,Y,2,0,1,2,A,-,03,22350,,N,C,C,A,A,H,-,A,D,1,,,Y,,Y,,C,02,1,0,0,0,0,0,0,0,1,"- ","- ",38.59196,-121.55253999999999,YOLO,"WEST SACRAMENTO",-121.55214396,38.592339559999999
6592252,2014,2016-05-06,9280,2014-07-25,1140,16214,,5,1,4,5704,0,1,2,,2,011,"RT 50","HARBOR BL",2640.00,W,N,A,-,Y,YOL,3,50,-,-,0.700,H,-,W,Y,2,0,4,3,A,-,03,22350,,N,C,C,A,A,H,-,A,D,1,,,,,Y,,A,08,1,0,3,0,0,0,0,0,0,"- ","- ",38.57544,-121.56134,YOLO,"WEST SACRAMENTO",-121.55735865,38.575252310000003
6605909,2014,2016-04-25,9280,2014-08-15,1840,17351,,5,2,9,5700,0,1,3,,2,034,"RT 505","COUNTY ROAD 14",2376.00,S,N,A,-,Y,YOL,3,505,-,-,17.000,H,-,N,Y,2,0,1,2,A,-,03,22350,,N,C,C,A,A,H,-,A,D,1,,,,Y,Y,,D,22,1,0,0,0,0,0,0,0,0,"- ","- ",38.770339999999997,-121.94731,YOLO,UNINCORPORATED,-121.94728245,38.770948830000002
6606098,2014,2014-09-22,9280,2014-05-23,0214,13837,,5,3,5,5701,0,1,3,,2,022,"RT 113","RUSSELL BL",1164.00,N,N,A,-,Y,YOL,3,113,-,R,1.300,H,-,N,N,1,1,0,2,A,-,11,21954,A,N,G,B,E,A,H,-,D,A,1,Y,,,Y,Y,Y,N,60,0,0,0,1,0,0,0,0,0,"- ","- ",38.549669999999999,-121.76769,YOLO,DAVIS,-121.76779109,38.549552740000003
6606225,2014,2014-10-02,9280,2014-03-06,1020,17629,,4,1,4,5703,0,2,4,,2,025,"COUNTY ROAD 31","COUNTY ROAD 96",926.00,W,N,A,-,N,,,,,,,,,,Y,1,1,1,2,A,-,01,23152,A,N,A,C,A,A,H,-,A,D,0,,,,Y,Y,,G,25,0,0,1,0,0,0,0,0,0,"- ","- ",38.561630000000001,-121.84166,YOLO,WOODLAND,-121.84358918,38.561580169999999
6611635,2014,2016-05-05,5701,2014-08-20,1600,116,9,3,5,5,5701,0,0,0,,0,004,"CHILES RD","MACE BL",100.00,W,N,A,-,Y,YOL,3,80,-,-,2.492,R,4,E,N,2,0,1,2,A,-,09,21801,A,N,H,G,A,A,H,-,A,D,0,,Y,,,Y,,-,"- ",1,0,0,0,0,0,1,0,0,"- ",EF,,,YOLO,DAVIS,-121.69767197,38.551980180000001
6616687,2014,2014-12-22,5704,2014-08-03,2118,00171,,7,5,4,5704,0,0,0,,0,001,"SACRAMENTO AV","SUNSET AV",56.00,E,N,A,-,N,,,,,,,,,,Y,2,0,1,2,A,-,05,21650,1,N,A,G,A,-,H,-,C,D,0,,Y,,,Y,,L,04,1,0,0,0,0,0,1,0,0,"- ","- ",,,YOLO,"WEST SACRAMENTO",-121.54191693999999,38.591233670000001
6617397,2014,2014-09-16,5703,2014-08-14,0723,2863,12,4,5,4,5703,0,0,0,,0,001,"LINCOLN AV","1ST ST",0.00,,Y,A,-,N,,,,,,,,,,N,2,0,1,2,A,-,12,22450,A,N,H,G,A,A,H,-,A,A,0,,Y,,,Y,,L,04,1,0,0,0,0,0,1,0,0,"- ","- ",,,YOLO,WOODLAND,-121.77314998,38.675579970000001
6623011,2014,2016-05-06,9280,2014-09-03,1810,016929,,3,2,9,5700,0,1,3,,2,034,"RT 16","RD 43",150.00,W,N,A,-,Y,YOL,3,16,-,-,9.680,H,-,E,Y,2,0,2,1,A,-,08,22107,,N,H,A,A,A,H,-,A,D,0,,,Y,,Y,,C,02,1,1,0,0,0,0,0,0,2,"- ","- ",38.857399999999998,-121.21496,YOLO,UNINCORPORATED,-122.21382718,38.857487130000003
6624562,2014,2016-05-05,9280,2014-09-03,0510,017933,,3,3,9,5700,0,1,1,,2,010,"RT 80","ENTERPRISE BL",1530.00,E,N,A,-,Y,YOL,3,80,-,-,9.520,H,-,W,Y,2,0,1,2,A,-,"- ",,,N,B,C,A,A,H,-,C,D,1,,,,,Y,,A,07,1,0,0,0,0,0,0,0,0,"- ","- ",,,YOLO,UNINCORPORATED,-121.57185985,38.575245099999997
6642394,2014,2014-10-24,9280,2014-09-23,1855,017800,,2,2,9,5700,0,3,5,,2,003,"COUNTY ROAD 41A","COUNTY ROAD 88B",169.00,E,N,A,-,N,,,,,,,,,,Y,2,0,1,1,A,-,01,23152,A,N,E,I,A,A,H,-,B,D,0,,,,,Y,Y,D,22,1,0,0,0,0,0,0,0,0,"- ","- ",38.89622,-121.9828,YOLO,UNINCORPORATED,-121.9828,38.89622
6645955,2014,2014-10-08,5704,2014-09-03,0720,00158,WSPD,3,5,4,5704,0,0,0,,0,002,"WEST CAPITOL AV","JEFFERSON BL",184.00,E,N,A,-,N,,,,,,,,,,N,2,0,1,2,A,-,03,22350,,N,C,G,A,A,H,-,A,A,0,,Y,,,Y,,A,01,1,0,0,0,0,0,1,0,0,"- ","- ",,,YOLO,"WEST SACRAMENTO",-121.52602405,38.58083757
6666896,2014,2014-10-28,5703,2014-09-29,0730,2826,62,1,5,4,5703,0,0,0,,0,002,"W BEAMER ST","CALIFORNIA ST",19.00,W,N,A,-,N,,,,,,,,,,N,2,0,1,2,A,-,09,21804,A,N,D,G,A,A,H,-,A,D,0,,Y,,,Y,,-,"- ",1,0,0,0,0,0,1,0,0,"- ","- ",,,YOLO,WOODLAND,-121.78863656999999,38.684789309999999
6673033,2014,2016-01-12,9280,2014-10-29,2244,14492,,3,3,9,5700,0,3,5,,2,002,"OLD RIVER RD","COUNTY ROAD 126",101.00,N,N,B,-,N,,,,,,,,,,Y,1,2,0,1,A,-,01,23152,A,N,F,A,A,A,H,-,D,D,0,,,Y,,Y,Y,C,02,0,0,0,0,0,0,0,2,0,"- ","- ",38.607700000000001,-121.56019999999999,YOLO,UNINCORPORATED,-121.56018019,38.607554440000001
6678146,2015,2016-02-19,5704,2015-12-16,1715,00165,,3,5,4,5704,0,0,0,,0,001,"SACRAMENTO AV","YOLO ST",0.00,,Y,A,-,N,,,,,,,,,,Y,1,1,0,2,A,-,10,21950,,N,G,B,B,A,H,-,D,D,0,Y,,,,Y,,A,01,0,0,0,1,0,0,0,0,0,"- ","- ",,,YOLO,"WEST SACRAMENTO",-121.53867989,38.590809900000004
6688323,2014,2016-02-18,9280,2014-10-21,1533,017883,,2,2,9,5700,0,3,5,,2,002,"COUNTY ROAD 2","COUNTY ROAD 29",0.00,,Y,A,-,N,,,,,,,,,,Y,2,0,1,2,A,-,09,21802,A,N,D,C,A,A,H,-,A,A,0,,,,Y,Y,,G,25,1,0,0,0,0,0,0,0,0,"- ","- ",38.588799999999999,-121.7303,YOLO,UNINCORPORATED,,
6700906,2014,2014-12-04,9280,2014-10-28,1316,15128,,2,1,9,5700,0,3,5,,2,002,"GIBSON RD","COUNTY ROAD 98",121.00,W,N,A,-,N,,,,,,,,,,Y,2,0,1,1,C,-,18,,,N,E,I,A,A,H,-,A,D,0,,,,,Y,,-,"- ",1,0,0,0,0,0,0,0,0,"- ","- ",38.663159999999998,-121.80334000000001,YOLO,UNINCORPORATED,-121.8027,38.663170000000001
6718129,2014,2015-03-11,9280,2014-07-11,0958,11706,,5,1,9,5700,0,1,3,,2,013,"RT 84","CENTRAL AV",3432.00,S,N,A,-,Y,YOL,3,84,-,-,7.490,H,-,S,Y,1,2,1,1,A,-,08,22107,,N,E,J,A,A,H,-,A,D,0,,,,,Y,,A,01,1,0,0,0,0,0,0,0,0,"- ","- ",38.38467,-121.58295,YOLO,UNINCORPORATED,-121.58303923,38.384738370000001
6718487,2014,2016-01-05,5703,2014-11-01,1845,2863,62,6,5,4,5703,0,0,0,,0,002,"CALIFORNIA ST","W ELLIOTT ST",181.00,S,N,A,-,N,,,,,,,,,,Y,1,1,1,2,A,-,03,22350,,N,G,B,D,A,H,-,C,D,0,Y,,,,Y,,D,22,0,0,1,1,0,0,0,0,0,"- ","- ",,,YOLO,WOODLAND,-121.78859014,38.680692960000002
6720289,2014,2016-04-25,5702,2014-08-18,1223,531,5702,1,5,2,5702,0,0,0,,0,00B,"EAST GRANT AV","MATSUMOTO LN",62.00,W,N,A,-,Y,YOL,3,128,-,-,9.650,H,-,E,Y,2,0,1,2,A,-,03,22350,,N,C,C,A,A,H,-,A,A,0,,,,,Y,,-,,1,0,0,0,0,0,0,0,0,"- ","- ",,,YOLO,WINTERS,-121.95605163,38.530325019999999
6727805,2014,2015-01-14,9280,2014-11-18,1720,17883,,2,2,9,5700,0,3,5,,2,002,"COUNTY ROAD 105","COUNTY ROAD 32A",23.00,S,N,B,-,N,,,,,,,,,,N,2,0,1,1,A,-,08,22107,,N,E,I,A,A,H,-,D,A,0,,Y,,,Y,,L,04,1,0,0,0,0,0,1,0,0,"- ","- ",38.55789,-121.67758000000001,YOLO,UNINCORPORATED,-121.67561963,38.557898889999997
6731476,2014,2016-07-05,9280,2014-11-27,1625,016144,,4,2,9,5700,0,1,3,,2,034,"RT 16","COUNTY ROAD 71",2640.00,W,N,A,-,Y,YOL,3,16,-,-,16.200,H,-,E,Y,2,0,1,1,A,-,08,22107,,N,E,I,A,A,H,-,A,D,0,,,,,Y,,A,01,1,0,0,0,0,0,0,0,0,"- ","- ",38.7727,-122.16979000000001,YOLO,UNINCORPORATED,-122.16926847000001,38.77179718
6750126,2014,2015-01-06,9280,2014-10-28,1431,015128,,2,2,9,5700,0,3,5,,2,002,"GIBSON RD","COUNTY ROAD 98",121.00,W,N,A,-,N,,,,,,,,,,Y,2,0,1,1,C,-,18,,,N,E,I,A,A,H,-,A,D,0,,,,,Y,,-,"- ",1,0,0,0,0,0,0,0,0,"- ","- ",38.663159999999998,-121.80334000000001,YOLO,UNINCORPORATED,-121.8027,38.663170000000001
6755250,2014,2015-02-05,5704,2014-12-24,1728,00169,,3,5,4,5704,0,0,0,,0,001,"JEFFERSON BL","SACRAMENTO AV",325.00,S,N,B,-,N,,,,,,,,,,N,2,0,1,2,A,-,08,22107,,N,D,C,A,A,H,-,B,D,0,,Y,,,Y,,L,04,1,0,0,0,0,0,1,0,0,"- ","- ",,,YOLO,"WEST SACRAMENTO",-121.52692012999999,38.588622469999997
6770444,2014,2016-06-23,9280,2014-11-07,1250,017629,,5,1,9,5700,0,1,3,,2,023,"RT 113","COUNTY ROAD 14",0.00,,Y,A,-,Y,YOL,3,113,-,-,17.685,I,5,S,Y,2,0,3,2,A,-,12,22450,A,N,D,C,A,A,H,-,A,A,0,,,,,Y,,A,01,1,2,0,0,0,0,0,0,0,"- ","- ",38.778669999999998,-121.7749,YOLO,UNINCORPORATED,-121.77495399999999,38.778649000000001
6797550,2015,2015-03-30,9280,2015-01-01,1200,016632,,4,1,9,5700,0,3,5,,2,002,"OLD RIVER RD","OLD RIVER RD 20508",528.00,S,N,A,-,N,,,,,,,,,,Y,2,0,3,1,A,-,08,22107,,N,E,I,A,A,H,-,A,D,0,,,,,Y,,A,07,1,1,1,0,0,0,0,0,0,"- ","- ",38.643749999999997,-121.56712,YOLO,UNINCORPORATED,,
6854110,2014,2015-04-06,9280,2014-10-16,0450,13399,,4,3,9,5700,0,1,3,,2,023,"RT 113","COUNTY ROAD 18C",20.00,S,N,A,-,Y,YOL,3,113,-,-,12.330,I,5,N,Y,1,1,1,2,A,-,09,21802,A,N,D,C,A,A,H,-,D,A,0,,,,Y,Y,,A,01,0,1,0,0,0,0,0,0,0,"- ","- ",38.709449999999997,-121.76524000000001,YOLO,UNINCORPORATED,-121.76522486,38.709435059999997
6863004,2015,2015-03-27,5704,2015-03-20,0140,00141,,5,5,4,5704,0,0,0,,0,001,"LIGHTHOUSE DR","WATERCOLOR LN",0.00,,Y,A,-,N,,,,,,,,,,N,2,0,1,1,A,-,05,21651,A,N,E,I,A,A,H,-,C,A,0,,,,,Y,,A,01,1,0,0,0,0,0,0,0,0,"- ","- ",,,YOLO,"WEST SACRAMENTO",-121.51480986,38.595259910000003
6877392,2015,2015-04-13,5703,2015-03-04,1343,832,S1,3,5,4,5703,0,0,0,,0,001,"FARNHAM AV","EAKLE LN",168.00,E,N,A,-,N,,,,,,,,,,Y,2,0,2,2,A,-,00,23103,,N,E,E,A,A,H,-,A,A,0,,,,,Y,,A,01,1,1,0,0,0,0,0,0,0,"- ","- ",,,YOLO,WOODLAND,-121.74247713,38.673022629999998
6884741,2015,2015-04-22,9280,2015-03-15,0430,014492,,7,3,9,5700,0,3,5,,2,003,"COUNTY ROAD 92E","COUNTY ROAD 29A",1056.00,S,N,A,-,N,,,,,,,,,,Y,2,0,1,1,A,-,01,23152,A,N,F,I,A,A,H,-,D,A,0,,,,,Y,Y,A,01,1,0,0,0,0,0,0,0,0,"- ","- ",38.581000000000003,-121.90505,YOLO,UNINCORPORATED,-121.90500372,38.580914290000003
6905627,2015,2017-05-09,5704,2015-04-03,0207,00161,WSPD,5,5,4,5704,0,0,0,,0,002,"WEST CAPITOL AV","ENTERPRISE BL",2000.00,E,N,A,-,N,,,,,,,,,,N,1,1,0,2,A,-,11,21954,A,N,G,B,D,A,H,-,D,D,0,Y,,,Y,Y,,N,60,0,0,0,1,0,0,0,0,0,"- ","- ",,,YOLO,"WEST SACRAMENTO",-121.57038213,38.577231640000001
6928657,2015,2015-06-25,9280,2015-05-09,0550,012272,,6,3,9,5700,0,3,5,,2,003,"COUNTY ROAD 27","COUNTY ROAD 94",3168.00,W,N,A,-,N,,,,,,,,,,Y,2,0,2,1,A,-,08,22107,,N,E,I,A,A,H,-,B,D,0,,,,,Y,,A,07,1,1,0,0,0,0,0,0,0,"- ","- ",38.619700000000002,-121.88890000000001,YOLO,UNINCORPORATED,-121.88799065000001,38.619810020000003
6931062,2015,2015-06-04,5704,2015-02-13,0248,00139,,5,5,4,5704,0,0,0,,0,001,"CUMMINS WY","GREENWOOD AV",30.00,W,N,A,-,N,,,,,,,,,,Y,2,0,2,2,A,-,11,21954,A,N,G,B,E,A,H,-,C,D,0,Y,,Y,,Y,Y,N,60,1,0,1,0,1,0,0,0,1,"- ","- ",,,YOLO,"WEST SACRAMENTO",-121.52244356,38.593973509999998
6959121,2015,2015-07-01,5704,2015-06-02,1749,00165,,2,5,4,5704,0,0,0,,0,002,"POPLAR AV","WEST CAPITOL AV",0.00,,Y,A,-,N,,,,,,,,,,Y,2,0,1,2,A,-,11,21456,B,N,G,B,B,A,H,-,A,A,0,Y,,,,Y,,N,60,1,0,0,0,1,0,0,0,0,"- ","- ",,,YOLO,"WEST SACRAMENTO",-121.53397996,38.580229959999997
6980457,2015,2016-10-31,9280,2015-05-29,0850,15168,,5,1,9,5700,0,1,3,,2,013,"RT 84","CENTRAL AV",190080.00,S,N,A,-,Y,YOL,3,84,-,-,7.730,H,-,S,Y,2,0,1,2,A,-,05,21650,,N,A,C,A,A,H,-,A,D,0,,,,Y,Y,,D,22,1,0,0,0,0,0,0,0,0,"- ","- ",38.392009999999999,-121.58289000000001,YOLO,UNINCORPORATED,-121.58296769,38.388226080000003
7001202,2015,2015-07-23,5701,2015-05-21,1222,72,2,4,5,5,5701,0,0,0,,0,001,"HANOVER DR","WEST COVELL BL",190.00,S,N,A,-,N,,,,,,,,,,Y,2,0,1,3,A,-,03,22350,,N,C,E,E,A,H,-,A,D,0,Y,,,,Y,,A,01,1,0,0,0,1,0,0,0,0,"- ","- ",,,YOLO,DAVIS,-121.75626037000001,38.560387179999999
7006414,2015,2016-01-26,5703,2015-11-12,0334,2863,64,4,5,4,5703,0,0,0,,0,002,"MARIPOSA ST","UTAH AV",20.00,N,N,A,-,N,,,,,,,,,,N,1,1,0,2,A,-,03,22350,,F,G,B,D,A,H,-,C,A,0,Y,,,,Y,,-,"- ",0,0,0,1,0,0,0,0,0,"- ","- ",,,YOLO,WOODLAND,-121.79024557,38.690021139999999