CASE_ID,ACCIDENT_YEAR,PROC_DATE,JURIS,COLLISION_DATE,COLLISION_TIME,OFFICER_ID,REPORTING_DISTRICT,DAY_OF_WEEK,CHP_SHIFT,POPULATION,CNTY_CITY_LOC,SPECIAL_COND,BEAT_TYPE,CHP_BEAT_TYPE,CITY_DIVISION_LAPD,CHP_BEAT_CLASS,BEAT_NUMBER,PRIMARY_RD,SECONDARY_RD,DISTANCE,DIRECTION,INTERSECTION,WEATHER_1,WEATHER_2,STATE_HWY_IND,CALTRANS_COUNTY,CALTRANS_DISTRICT,STATE_ROUTE,ROUTE_SUFFIX,POSTMILE_PREFIX,POSTMILE,LOCATION_TYPE,RAMP_INTERSECTION,SIDE_OF_HWY,TOW_AWAY,COLLISION_SEVERITY,NUMBER_KILLED,NUMBER_INJURED,PARTY_COUNT,PRIMARY_COLL_FACTOR,PCF_CODE_OF_VIOL,PCF_VIOL_CATEGORY,PCF_VIOLATION,PCF_VIOL_SUBSECTION,HIT_AND_RUN,TYPE_OF_COLLISION,MVIW,PED_ACTION,ROAD_SURFACE,ROAD_COND_1,ROAD_COND_2,LIGHTING,CONTROL_DEVICE,CHP_ROAD_TYPE,PEDESTRIAN_ACCIDENT,BICYCLE_ACCIDENT,MOTORCYCLE_ACCIDENT,TRUCK_ACCIDENT,NOT_PRIVATE_PROPERTY,ALCOHOL_INVOLVED,STWD_VEHTYPE_AT_FAULT,CHP_VEHTYPE_AT_FAULT,COUNT_SEVERE_INJ,COUNT_VISIBLE_INJ,COUNT_COMPLAINT_PAIN,COUNT_PED_KILLED,COUNT_PED_INJURED,COUNT_BICYCLIST_KILLED,COUNT_BICYCLIST_INJURED,COUNT_MC_KILLED,COUNT_MC_INJURED,PRIMARY_RAMP,SECONDARY_RAMP,LATITUDE,LONGITUDE,COUNTY,CITY,POINT_X,POINT_Y
7025323,2015,2015-08-29,5703,2015-07-18,1655,2831,61,6,5,4,5703,0,0,0,,0,004,"EAST MAIN ST","PIONEER AV",160.00,W,N,A,-,N,,,,,,,,,,Y,2,0,1,2,A,-,03,22350,,N,C,C,A,A,H,-,A,A,0,,,,,Y,Y,A,01,1,0,0,0,0,0,0,0,0,"- ","- ",,,YOLO,WOODLAND,-121.74748056999999,38.677259999999997
7041914,2015,2015-09-11,5704,2015-08-21,1918,00142,,5,5,4,5704,0,0,0,,0,002,"ENTERPRISE BL","RT 80",450.00,N,N,A,-,N,,,,,,,,,,N,2,0,2,2,A,-,05,21650,,N,G,B,F,A,H,-,A,D,0,Y,,Y,,Y,,C,02,2,0,0,0,1,0,0,0,1,"- ",EO,,,YOLO,"WEST SACRAMENTO",-121.57732,38.574449999999999
7045938,2015,2015-09-19,5703,2015-08-02,1840,2859,52,7,5,4,5703,0,0,0,,0,003,"WEST LINCOLN AV","COMMUNITY LN",160.00,W,N,A,-,N,,,,,,,,,,N,2,0,1,2,A,-,21,22106,,N,D,D,A,A,H,-,A,D,0,,,Y,,Y,,D,22,1,0,0,0,0,0,0,0,1,"- ","- ",,,YOLO,WOODLAND,-121.79228841,38.675828510000002
7074759,2015,2016-06-08,5701,2015-06-06,1500,100,9,6,5,5,5701,0,0,0,,0,004,"COWELL BL","OHLONE ST",560.00,W,N,A,-,N,,,,,,,,,,N,2,0,3,2,A,-,05,21460,A,N,A,C,A,A,H,-,A,D,0,,,,,Y,,D,22,1,2,0,0,0,0,0,0,0,"- ","- ",,,YOLO,DAVIS,-121.70861189999999,38.547844410000003
7171768,2016,2016-02-23,5703,2016-01-30,0700,2927,51,6,5,4,5703,0,0,0,,0,004,"PIONEER AV","FARNHAM AV",336.00,S,N,A,-,N,,,,,,,,,,Y,2,0,3,1,A,-,05,21650,,N,E,I,A,B,H,-,A,D,0,,,,,Y,,A,01,3,0,0,0,0,0,0,0,0,"- ","- ",,,YOLO,WOODLAND,-121.74283862,38.67142561
7190301,2016,2018-09-26,5704,2016-06-10,2259,00174,,5,5,4,5704,0,0,0,,0,002,"WEST CAPITOL AV","JEFFERSON BL",356.00,W,N,A,-,N,,,,,,,,,,Y,1,1,0,2,A,-,11,21954,A,N,G,B,D,A,H,-,C,D,0,Y,,,,Y,,N,60,0,0,0,1,0,0,0,0,0,"- ","- ",,,YOLO,"WEST SACRAMENTO",-121.52788393,38.580587420000001
7199786,2016,2016-08-12,5704,2016-05-19,1826,173,,4,5,4,5704,0,0,0,,0,002,"TOWER BRIDGE GATEWAY","5TH ST",25.00,W,N,B,-,N,,,,,,,,,,Y,1,1,0,1,C,-,18,,,N,E,I,A,A,H,-,A,A,0,,,,,Y,,-,"- ",0,0,0,0,0,0,0,0,0,"- ","- ",,,YOLO,"WEST SACRAMENTO",-121.51436698000001,38.581947249999999
7200213,2017,2017-07-06,5703,2017-03-02,1554,2854,,4,5,4,5703,0,0,0,,0,901,"WOODLAND AV","PALM AV",506.00,E,N,A,-,N,,,,,,,,,,Y,1,1,2,2,A,-,01,23152,F,N,D,C,A,A,H,-,A,A,0,,,,,Y,,A,01,1,0,1,0,0,0,0,0,0,"- ","- ",38.688310000000001,-121.76864,YOLO,WOODLAND,-121.76870701999999,38.688299999999998
7204520,2016,2016-03-11,5703,2016-02-23,0805,2891,22,2,5,4,5703,0,0,0,,0,005,"COURT ST","3RD ST",0.00,,Y,A,-,N,,,,,,,,,,Y,2,0,3,3,A,-,12,21453,A,N,D,C,A,A,H,-,A,A,0,,,,,Y,,A,08,1,0,2,0,0,0,0,0,0,"- ","- ",,,YOLO,WOODLAND,-121.77057997999999,38.678739919999998
8003085,2016,2016-03-24,5704,2016-03-15,0605,158,,2,5,4,5704,0,0,0,,0,001,"SACRAMENTO AV","KEGLE DR",100.00,W,N,A,-,N,,,,,,,,,,Y,2,0,1,2,A,-,00,23153,E,F,G,B,D,A,H,-,C,A,0,Y,,,,Y,,A,01,1,0,0,0,1,0,0,0,0,"- ","- ",,,YOLO,"WEST SACRAMENTO",-121.52714501,38.589555799999999
8003117,2016,2016-03-24,5704,2016-03-18,2133,00107,,5,5,4,5704,0,0,0,,0,002,"JEFFERSON BL","11TH ST",0.00,,Y,A,-,N,,,,,,,,,,N,2,0,1,2,A,-,11,21954,A,N,G,B,E,A,H,-,D,D,0,Y,,,,Y,,N,60,1,0,0,0,1,0,0,0,0,"- ","- ",,,YOLO,"WEST SACRAMENTO",-121.52366988999999,38.572739900000002
8023829,2016,2016-04-26,5701,2016-03-28,1150,120,5,1,5,5,5701,0,0,0,,0,002,"J ST","E 8TH ST",739.00,N,N,A,-,N,,,,,,,,,,Y,2,0,2,2,A,-,08,22107,,N,D,C,A,A,H,-,A,D,0,,,,,Y,,A,01,1,0,1,0,0,0,0,0,0,"- ","- ",38.552489999999999,-121.73904,YOLO,DAVIS,-121.73960866,38.553629559999997
8024360,2016,2016-05-02,5701,2016-03-26,2125,121,7,6,5,5,5701,0,0,0,,0,003,"5TH ST","POLE LINE RD",350.00,W,N,A,-,N,,,,,,,,,,N,2,0,1,1,A,-,01,23152,A,N,F,I,A,A,H,-,C,D,0,,,,,Y,Y,A,01,1,0,0,0,0,0,0,0,0,"- ","- ",38.548789999999997,-121.72649,YOLO,DAVIS,-121.72777275999999,38.548702679999998
8027841,2016,2017-02-24,5702,2016-04-06,2103,537,B,3,5,2,5702,0,0,0,,0,00B,"EAST GRANT AV","MORGAN ST",0.00,,Y,A,-,Y,YOL,3,128,-,-,9.149,I,5,E,Y,2,0,2,3,A,-,09,21801,,N,A,C,A,A,H,-,C,D,0,,,,,Y,,A,01,1,0,1,0,0,0,0,0,0,"- ","- ",,,YOLO,WINTERS,-121.96474428000001,38.527205889999998
8033511,2016,2016-05-05,5701,2016-03-20,0152,109,5,7,5,5,5701,0,0,0,,0,002,"K ST","4TH ST",100.00,N,N,A,-,N,,,,,,,,,,N,2,0,1,2,A,-,01,21200,5,N,D,E,A,A,H,-,C,D,0,,Y,,,Y,Y,L,04,1,0,0,0,0,0,1,0,0,"- ","- ",38.546970000000002,-121.73518,YOLO,DAVIS,-121.73525432,38.547238370000002
8093099,2016,2016-07-29,5704,2016-07-05,1259,00158,,2,5,4,5704,0,0,0,,0,002,"HARBOR BL","WEST CAPITOL AV",450.00,N,N,A,-,N,,,,,,,,,,N,2,0,1,2,A,-,11,21955,,N,G,B,D,A,H,-,A,A,0,Y,,,Y,Y,Y,N,60,1,0,0,0,1,0,0,0,0,"- ","- ",,,YOLO,"WEST SACRAMENTO",-121.54871211,38.579947420000003
8093511,2016,2016-09-27,5704,2016-07-21,0857,06072,,4,5,4,5704,0,0,0,,0,001,"HARBOR BL","REED AV",550.00,N,N,A,-,N,,,,,,,,,,N,2,0,3,1,A,-,00,23103,A,N,E,I,A,A,G,-,A,A,0,,,,,Y,,A,01,2,1,0,0,0,0,0,0,0,"- ","- ",,,YOLO,"WEST SACRAMENTO",-121.54531565000001,38.590283040000003
8155595,2016,2016-11-04,5701,2016-08-24,2121,116,4,3,5,5,5701,0,0,0,,0,002,"OAK AV","COVELL BL",50.00,S,N,A,-,N,,,,,,,,,,N,2,0,1,1,A,-,03,22350,,N,E,J,A,A,B,C,C,A,0,,Y,,,Y,,L,04,1,0,0,0,0,0,1,0,0,"- ","- ",38.560850000000002,-121.75221999999999,YOLO,DAVIS,-121.75224,38.560702679999999
8157000,2016,2016-11-02,5701,2016-10-15,0109,103,2,6,5,5,5701,0,0,0,,0,001,"ANDERSON RD",RADCLIFFE,80.00,S,N,C,-,N,,,,,,,,,,N,2,0,1,1,A,-,03,22350,,N,H,-,A,B,H,-,C,D,0,,Y,,,Y,,L,04,1,0,0,0,0,0,1,0,0,"- ","- ",38.557299999999998,-121.75855,YOLO,DAVIS,-121.75858176,38.557750290000001
8166640,2016,2017-01-31,5704,2016-08-27,1041,00138,,6,5,4,5704,0,0,0,,0,,"JEFFERSON BL","BLACKER RD",25.00,S,N,A,-,N,,,,,,,,,,Y,1,1,0,2,A,-,17,21208,B,N,C,G,A,A,H,-,A,D,0,,Y,,,Y,,A,01,0,0,0,0,0,1,0,0,0,"- ","- ",,,YOLO,"WEST SACRAMENTO",-121.54835165999999,38.54086461
8166657,2016,2017-01-31,5704,2016-08-31,0754,00173,,3,5,4,5704,0,0,0,,0,002,"WEST CAPITOL AV","POPLAR AV",520.00,W,N,A,-,N,,,,,,,,,,Y,1,1,0,2,A,-,08,22107,,N,D,G,A,A,H,-,A,D,0,,Y,,Y,Y,,F,27,0,0,0,0,0,1,0,0,0,"- ","- ",,,YOLO,"WEST SACRAMENTO",-121.53579295,38.580110759999997
8166932,2016,2018-09-24,5704,2016-10-08,1926,06067,,6,5,4,5704,0,0,0,,0,002,"WEST CAPITOL AV","RT 80",1000.00,E,N,A,-,N,,,,,,,,,,N,1,1,0,2,A,-,11,21954,A,N,G,B,E,A,H,-,D,D,0,Y,,,,Y,Y,N,60,0,0,0,1,0,0,0,0,0,"- ",WF,,,YOLO,"WEST SACRAMENTO",-121.55753328,38.578755700000002
8174939,2016,2016-11-28,5704,2016-11-19,1836,06067,,6,5,4,5704,0,0,0,,0,002,"GLIDE DR","WEST CAPITOL AV",300.00,N,N,C,-,N,,,,,,,,,,N,2,0,1,2,A,-,11,21954,A,N,G,B,E,B,H,-,D,D,0,Y,,,,Y,Y,N,60,1,0,0,0,1,0,0,0,0,"- ","- ",,,YOLO,"WEST SACRAMENTO",-121.54510506,38.580312220000003
8176675,2016,2016-12-12,5704,2016-10-14,2235,00171,,5,5,4,5704,0,0,0,,0,002,"WEST CAPITOL AV","JEFFERSON BL",390.00,W,N,B,-,N,,,,,,,,,,N,2,0,1,2,A,-,11,21954,A,N,G,B,E,B,H,-,C,D,0,Y,,,,Y,,N,60,1,0,0,0,1,0,0,0,0,"- ","- ",,,YOLO,"WEST SACRAMENTO",-121.52800255,38.580580439999999
8187113,2016,2017-01-03,5703,2016-11-17,1552,2807,53,4,5,4,5703,0,0,0,,0,,"GIBSON RD",PIONEER,110.00,W,N,A,-,N,,,,,,,,,,N,2,0,1,1,A,-,08,22107,,N,E,-,A,A,H,-,A,D,0,,,,,Y,,D,22,1,0,0,0,0,0,0,0,0,"- ","- ",,,YOLO,WOODLAND,-121.74258531,38.662811310000002
8187236,2016,2016-12-23,5703,2016-12-07,0600,2893,23,3,5,4,5703,0,0,0,,0,001,"BEAMER ST","NORTH EAST ST",0.00,,Y,A,-,N,,,,,,,,,,Y,2,0,1,2,A,-,01,23152,A,N,A,C,A,A,H,-,C,A,0,,,,,Y,Y,A,07,1,0,0,0,0,0,0,0,0,"- ","- ",,,YOLO,WOODLAND,-121.76534992000001,38.684659930000002
82380677,2024,2024-05-02,5704,2024-01-28,1140,06216,,7,5,4,5704,0,0,0,,0,,"TOWER BRIDGE GATEWAY","FIFTH ST",0.00,,Y,A,-,N,,,,,,,,,,N,2,0,2,2,A,-,12,21453,A,N,D,C,A,A,H,-,A,A,0,,,Y,,Y,Y,C,03,1,0,1,0,0,0,0,0,1,"- ","- ",38.582069396972656,-121.51415252685547,YOLO,"WEST SACRAMENTO",-121.51421356201172,38.582065582275391
82380688,2024,2024-05-02,5704,2024-02-16,"322 ",06257,,5,5,4,5704,0,0,0,,0,003,"SOUTHPORT PKWY","RAMCO ST",3191.00,E,N,A,-,N,,,,,,,,,,Y,1,1,0,1,A,-,01,23152,A,N,E,I,A,A,H,-,D,D,0,,,,,Y,,A,01,0,0,0,0,0,0,0,0,0,"- ","- ",38.555309295654297,-121.56334686279297,YOLO,"WEST SACRAMENTO",-121.55239105224609,38.556087493896484
82415269,2024,2024-06-17,5703,2024-05-15,1540,2865,,3,5,4,5703,0,0,0,,0,004,"PIONEER AVE","FARNHAM AVE",0.00,,Y,A,-,N,,,,,,,,,,N,2,0,1,2,A,-,09,21801,A,N,D,G,A,A,H,-,A,A,0,,Y,,,Y,,D,22,1,0,0,0,0,0,1,0,0,"- ","- ",38.67205810546875,-121.74371337890625,YOLO,WOODLAND,-121.74368286132812,38.672073364257812
82416787,2024,2024-06-18,5703,2024-05-31,1426,2178,,5,5,4,5703,0,0,0,,0,003,"ELM ST","BARTLETT AVE",0.00,,Y,A,-,N,,,,,,,,,,Y,2,0,1,2,A,-,01,23152,A,F,D,C,A,A,H,-,A,A,0,,,,,Y,Y,A,07,1,0,0,0,0,0,0,0,0,"- ","- ",38.669120788574219,-121.77715301513672,YOLO,WOODLAND,-121.77713775634766,38.669113159179688
82426964,2024,2024-07-01,5703,2024-06-06,1317,2891,,4,5,4,5703,0,0,0,,0,003,"MAIN ST","FOURTH ST",0.00,,Y,A,-,N,,,,,,,,,,N,2,0,1,2,A,-,10,21950,A,N,G,B,B,A,H,-,A,A,0,Y,,,,Y,,D,22,1,0,0,0,1,0,0,0,0,"- ","- ",38.677421569824219,-121.76937103271484,YOLO,WOODLAND,-121.76943206787109,38.67742919921875
82601971,2023,2024-07-25,5704,2023-12-31,2242,06675,,7,5,4,5704,0,0,0,,0,,"JEFFERSON BLVD","MERKLEY AVE",0.00,,Y,A,-,N,,,,,,,,,,N,2,0,1,2,A,-,11,21956,A,N,G,B,D,A,H,-,C,A,0,Y,,,,Y,,N,60,1,0,0,0,1,0,0,0,0,"- ","- ",38.579311370849609,-121.52596282958984,YOLO,"WEST SACRAMENTO",-121.52608489990234,38.579311370849609
82601986,2024,2024-07-25,5704,2024-04-17,1158,06700,,3,5,4,5704,0,0,0,,0,001,"STILLWATER RD","REED AVE",1420.00,S,N,A,-,N,,,,,,,,,,N,2,0,1,2,A,-,09,21804,A,N,D,C,A,A,H,-,A,D,0,,,Y,,Y,,A,01,1,0,0,0,0,0,0,0,1,"- ","- ",38.592128753662109,-121.55538177490234,YOLO,"WEST SACRAMENTO",-121.55783843994141,38.588764190673828
82602020,2024,2024-07-25,5704,2024-05-21,1534,06700,,2,5,4,5704,0,0,0,,0,002,"WEST CAPITOL AVE","NORTHPORT DR",0.00,,Y,A,-,N,,,,,,,,,,Y,2,0,1,2,A,-,09,21801,A,N,D,C,A,A,A,-,A,D,0,,,Y,Y,Y,,F,26,1,0,0,0,0,0,0,0,1,"- ","- ",38.578399658203125,-121.56266784667969,YOLO,"WEST SACRAMENTO",-121.56265258789062,38.578445434570312
82602054,2024,2024-07-25,5704,2024-06-08,"206 ",06259,,6,5,4,5704,0,0,0,,0,003,"SOUTHPORT PKWY","RAMCO ST",2942.00,E,N,A,-,N,,,,,,,,,,Y,2,0,3,1,A,-,05,21650,,N,E,I,A,A,H,-,D,D,0,,,,,Y,Y,A,07,1,2,0,0,0,0,0,0,0,"- ","- ",38.555309295654297,-121.56334686279297,YOLO,"WEST SACRAMENTO",-121.55320739746094,38.555858612060547
8336199,2017,2018-04-24,5702,2017-04-04,1340,533,5702,2,5,2,5702,0,0,0,,0,00L,"RT 128","MAIN ST",489.00,E,N,A,-,Y,YOL,3,128,-,-,8.210,H,-,E,Y,2,0,1,3,A,-,17,21658,,N,A,D,A,A,H,-,A,D,0,,,,,Y,,-,,1,0,0,0,0,0,0,0,0,"- ","- ",,,YOLO,WINTERS,-121.98031521,38.521556250000003
8341524,2017,2017-04-20,5704,2017-04-07,1130,00173,,5,5,4,5704,0,0,0,,0,002,"INDUSTRIAL BL","TERMINAL ST",1528.00,S,N,C,-,N,,,,,,,,,,Y,2,0,1,1,A,-,03,22350,,N,E,I,A,B,H,-,A,D,0,,,,,Y,,A,01,1,0,0,0,0,0,0,0,0,"- ","- ",,,YOLO,"WEST SACRAMENTO",-121.54098999999999,38.563769999999998
8341862,2017,2017-04-24,5701,2017-04-06,1652,118,7,4,5,5,5701,0,0,0,,0,003,"2ND ST","POLE LINE",30.00,W,N,A,-,N,,,,,,,,,,Y,2,0,1,2,A,-,17,21208,B,N,H,G,A,A,H,-,A,D,0,,Y,,,Y,,L,04,1,0,0,0,0,0,1,0,0,"- ","- ",38.557690000000001,-121.7278,YOLO,DAVIS,-121.72634911,38.54648297
8354260,2017,2017-05-04,5704,2017-04-10,0704,00157,,1,5,4,5704,0,0,0,,0,0B3,"LINDEN RD","BRIDGE PL",250.00,W,N,A,-,N,,,,,,,,,,N,2,0,1,2,A,-,08,22107,,N,C,C,A,A,H,-,A,D,0,,Y,,,Y,,L,04,1,0,0,0,0,0,1,0,0,"- ","- ",,,YOLO,"WEST SACRAMENTO",-121.54450881,38.551191170000003
8357884,2017,2018-04-24,5702,2017-04-29,2040,540,5702,6,5,2,5702,0,0,0,,0,00A,"RAILROAD AV","GRANT AV",0.00,,Y,A,-,Y,YOL,3,128,-,-,8.770,I,5,W,Y,2,0,2,1,A,-,03,22350,,N,E,I,A,A,H,-,C,A,0,,,,,Y,Y,-,,2,0,0,0,0,0,0,0,0,"- ","- ",,,YOLO,WINTERS,-121.97085656,38.524976459999998
8426449,2017,2017-08-14,5703,2017-08-04,1815,2097,21,5,5,4,5703,0,0,0,,0,001,"EAST ST","COURT ST",20.00,S,N,A,-,N,,,,,,,,,,Y,2,0,1,2,A,-,08,22107,,F,D,C,A,A,H,-,A,D,0,,,Y,,Y,,D,22,1,0,0,0,0,0,0,0,1,"- ","- ",38.678699999999999,-121.76539,YOLO,WOODLAND,-121.76543083,38.678655069999998
8429243,2017,2017-09-13,5704,2017-08-29,2013,00170,,2,5,4,5704,0,0,0,,0,002,"WEST CAPITOL AV","HOUSTON ST",59.00,E,N,A,-,N,,,,,,,,,,N,2,0,1,2,A,-,11,21950,B,N,G,B,D,A,H,-,C,D,0,Y,,,,Y,,N,60,1,0,0,0,1,0,0,0,0,"- ","- ",,,YOLO,"WEST SACRAMENTO",-121.55087429,38.579123420000002
84377847,2024,2024-09-02,5703,2024-08-12,"545 ",2145,,1,5,4,5703,0,0,0,,0,001,"LEMEN AVE","DONNELLY CIR (1)",64.00,W,N,A,-,N,,,,,,,,,,N,2,0,1,2,A,-,03,22350,,F,G,B,E,A,H,-,B,D,0,Y,,,,Y,,-,99,1,0,0,0,1,0,0,0,0,"- ","- ",38.680450439453125,-121.75826263427734,YOLO,WOODLAND,-121.76124572753906,38.680389404296875
84451820,2024,2024-10-31,5703,2024-10-05,"26  ",2059,,6,5,4,5703,0,0,0,,0,001,"N EAST ST","KENTUCKY AVE",176.00,N,N,A,-,Y,,,,,,,,,,N,2,0,1,2,A,-,11,21956,A,N,G,B,E,A,H,-,C,A,0,Y,,,,Y,,N,60,1,0,0,0,1,0,0,0,0,"- ","- ",38.691951751708984,-121.76528167724609,YOLO,WOODLAND,-121.7652587890625,38.692394256591797
84495456,2024,2025-01-27,5703,2024-10-20,2145,2157,,7,5,4,5703,0,0,0,,0,001,"EAST MAIN ST","QUALITY CIR",379.00,E,N,A,-,N,,,,,,,,,,Y,1,1,0,2,A,-,03,22350,,N,C,C,A,A,H,-,C,D,0,,,,Y,Y,,A,01,0,0,0,0,0,0,0,0,0,"- ","- ",38.677169799804688,-121.71913146972656,YOLO,WOODLAND,-121.71776580810547,38.677066802978516
84577433,2025,2025-02-13,5703,2025-01-26,1438,2874,,7,5,4,5703,0,0,0,,0,004,"EAST GIBSON RD","EAST ST",382.00,E,N,A,-,N,,,,,,,,,,N,2,0,1,2,A,-,09,21804,A,N,D,G,A,A,H,-,A,D,0,,Y,,,Y,,A,01,1,0,0,0,0,0,1,0,0,"- ","- ",38.662849426269531,-121.76566314697266,YOLO,WOODLAND,-121.76434326171875,38.662811279296875
84628662,2024,2025-03-27,5704,2024-08-11,1813,06225,,7,5,4,5704,0,0,0,,0,002,"ENTERPRISE BLVD","LAKE RD",0.00,,Y,A,-,N,,,,,,,,,,Y,2,0,1,2,A,-,12,21453,A,N,D,C,A,A,H,-,A,A,0,,,Y,,Y,,A,07,1,0,0,0,0,0,0,0,1,"- ","- ",38.572158813476562,-121.57830047607422,YOLO,"WEST SACRAMENTO",-121.57833862304688,38.572189331054688
84628777,2024,2025-03-28,5704,2024-11-22,1029,06700,,5,5,4,5704,0,0,0,,0,003,"JEFFERSON BLVD","HARMON RD",0.00,,Y,B,C,N,,,,,,,,,,Y,1,1,0,1,A,-,03,22350,,N,E,I,A,B,H,-,A,D,0,,,,,Y,,A,01,0,0,0,0,0,0,0,0,0,"- ","- ",38.538078308105469,-121.55088043212891,YOLO,"WEST SACRAMENTO",-121.55093383789062,38.538089752197266
84628801,2024,2025-03-27,5704,2024-12-11,1917,06263,,3,5,4,5704,0,0,0,,0,003,"JEFFERSON BLVD","STONE BLVD",0.00,,Y,A,-,N,,,,,,,,,,Y,2,0,1,2,A,-,12,21453,A,N,D,C,A,B,H,-,C,A,0,,,,,Y,,-,"- ",1,0,0,0,0,0,0,0,0,"- ","- ",38.563259124755859,-121.52790069580078,YOLO,"WEST SACRAMENTO",-121.52780151367188,38.563045501708984
84628814,2024,2025-03-27,5704,2024-12-29,1702,06264,,7,5,4,5704,0,0,0,,0,003,"VILLAGE PKWY","CHICORY LOOP (E)",202.00,S,N,A,-,N,,,,,,,,,,N,2,0,1,2,A,-,05,21460,A,N,H,A,A,A,H,-,A,D,0,,,Y,,Y,,D,22,1,0,0,0,0,0,0,0,1,"- ","- ",38.547939300537109,-121.52281188964844,YOLO,"WEST SACRAMENTO",-121.52988433837891,38.535079956054688
84631155,2025,2025-03-31,5703,2025-03-08,1900,2163,,6,5,4,5703,0,0,0,,0,004,"EAST GIBSON RD","MATMOR RD",0.00,,Y,A,-,N,,,,,,,,,,N,2,0,2,2,A,-,12,21453,A,N,D,C,A,A,H,-,C,A,0,,,,,Y,,D,22,1,0,1,0,0,0,0,0,0,"- ","- ",38.662799835205078,-121.7564697265625,YOLO,WOODLAND,-121.7564697265625,38.662776947021484
8465624,2018,2019-02-15,5704,2018-09-06,1949,06072,,4,5,4,5704,0,0,0,,0,003,"JEFFERSON BL","MARSHALL RD",740.00,N,N,A,-,N,,,,,,,,,,Y,1,1,0,2,A,-,09,21801,A,N,A,C,A,A,H,-,B,D,0,,,Y,,Y,,D,22,0,0,0,0,0,0,0,1,0,"- ","- ",,,YOLO,"WEST SACRAMENTO",-121.55224609375,38.536689758300781
8465823,2019,2019-05-29,5704,2019-04-04,1752,06682,5704,4,5,4,5704,0,0,0,,0,001,"SACRAMENTO AV","TODHUNTER AV",60.00,E,N,A,-,N,,,,,,,,,,N,1,1,0,2,A,-,11,21954,A,N,G,B,D,A,H,-,A,A,0,Y,,,,Y,,N,60,0,0,0,1,0,0,0,0,0,"- ","- ",38.5902099609375,-121.53341674804688,YOLO,"WEST SACRAMENTO",-121.53321075439453,38.590225219726562
8465946,2018,2019-07-22,5703,2018-11-25,0230,2891,12,7,5,4,5703,0,0,0,,0,001,"MAIN ST","4TH ST",0.00,,Y,B,-,N,,,,,,,,,,N,1,1,0,2,D,-,00,,,N,G,B,E,A,H,-,C,A,0,Y,,,,Y,Y,-,"- ",0,0,0,1,0,0,0,0,0,"- ","- ",38.677421569824219,-121.76937103271484,YOLO,WOODLAND,-121.76943206787109,38.67742919921875
8466285,2017,2018-04-03,5703,2017-09-15,1635,2891,76,5,5,4,5703,0,0,0,,0,003,"HARVARD BEND","YALE DR",0.00,,Y,A,-,N,,,,,,,,,,N,1,1,0,1,A,-,08,22107,,N,H,A,A,A,H,-,A,D,0,,,Y,,Y,,C,06,0,0,0,0,0,0,0,1,0,"- ","- ",38.656889999999997,-121.79548,YOLO,WOODLAND,-121.79549992,38.656929890000001
84674180,2025,2025-05-05,5703,2025-03-30,"612 ",2171,,7,5,4,5703,0,0,0,,0,003,"COTTONWOOD ST","WEST GIBSON RD",0.00,,Y,B,C,N,,,,,,,,,,N,2,0,1,2,A,-,10,21950,A,N,G,B,B,B,H,-,C,A,0,Y,,,,Y,,A,07,1,0,0,0,1,0,0,0,0,"- ","- ",38.663070678710938,-121.79341888427734,YOLO,WOODLAND,-121.79338836669922,38.663101196289062
84682863,2025,2025-05-12,5701,2025-04-16,"850 ",221,,3,5,5,5701,0,0,0,,0,002,"5TH ST","J ST",0.00,N,-,A,-,Y,,,,,,,,,,N,2,0,1,1,B,-,22,,,N,F,A,A,A,H,-,A,D,0,,Y,,,Y,,L,04,1,0,0,0,0,0,1,0,0,"- ","- ",,,YOLO,DAVIS,-121.73662567138672,38.548080444335938
8471290,2017,2017-10-19,5703,2017-09-18,1506,2876,73,1,5,4,5703,0,0,0,,0,004,"HILLER ST","BRANIGAN AV",0.00,,Y,A,-,N,,,,,,,,,,N,2,0,1,2,A,-,12,22450,A,F,H,G,A,A,H,-,A,A,0,,Y,,,Y,,A,01,1,0,0,0,0,0,1,0,0,"- ","- ",38.664619999999999,-121.73721,YOLO,WOODLAND,-121.73719998,38.66463993
84743099,2025,2025-06-30,5703,2025-06-04,"838 ",2891,,3,5,4,5703,0,0,0,,0,004,"HERITAGE PKWY","MIEKLE AVE",692.00,E,N,A,-,N,,,,,,,,,,N,2,0,1,2,A,-,10,21950,A,N,G,B,C,A,H,-,A,A,0,Y,,,,Y,,A,01,1,0,0,0,1,0,0,0,0,"- ","- ",38.648029327392578,-121.73603057861328,YOLO,WOODLAND,-121.73360443115234,38.647975921630859
84759501,2025,2025-07-14,5701,2025-05-14,"905 ",221,,3,5,5,5701,0,0,0,,0,004,"OLIVE DR","SOUTH CURB OF OLIVE DRIVE",13.00,N,-,A,-,Y,,,,,,,,,,N,2,0,1,2,A,-,09,21804,A,N,H,G,A,A,H,-,A,D,0,,Y,,,Y,,L,04,1,0,0,0,0,0,1,0,0,"- ","- ",,,YOLO,DAVIS,-119.45616149902344,35.130619049072266
8541243,2017,2018-02-27,5701,2017-01-12,1816,121,3,4,5,5,5701,0,0,0,,0,001,"COVELL BL","SYCAMORE LN",150.00,W,N,A,-,N,,,,,,,,,,N,2,0,2,2,A,-,11,21954,A,N,G,B,D,B,H,-,C,D,0,Y,,,,Y,,N,60,1,1,0,0,1,0,0,0,0,"- ","- ",38.56091,-121.76382,YOLO,DAVIS,-121.76435452,38.56092039
8591425,2018,2018-04-11,5703,2018-03-12,1524,2858,42,1,5,4,5703,0,0,0,,0,004,"EAST GIBSON RD","PIONEER AV",330.00,W,N,A,-,N,,,,,,,,,,Y,2,0,1,3,A,-,03,22350,,N,C,C,A,A,H,-,A,A,0,,,,,Y,,A,01,1,0,0,0,0,0,0,0,0,"- ","- ",,,YOLO,WOODLAND,-121.74335479736328,38.662815093994141