CASE_ID,ACCIDENT_YEAR,PROC_DATE,JURIS,COLLISION_DATE,COLLISION_TIME,OFFICER_ID,REPORTING_DISTRICT,DAY_OF_WEEK,CHP_SHIFT,POPULATION,CNTY_CITY_LOC,SPECIAL_COND,BEAT_TYPE,CHP_BEAT_TYPE,CITY_DIVISION_LAPD,CHP_BEAT_CLASS,BEAT_NUMBER,PRIMARY_RD,SECONDARY_RD,DISTANCE,DIRECTION,INTERSECTION,WEATHER_1,WEATHER_2,STATE_HWY_IND,CALTRANS_COUNTY,CALTRANS_DISTRICT,STATE_ROUTE,ROUTE_SUFFIX,POSTMILE_PREFIX,POSTMILE,LOCATION_TYPE,RAMP_INTERSECTION,SIDE_OF_HWY,TOW_AWAY,COLLISION_SEVERITY,NUMBER_KILLED,NUMBER_INJURED,PARTY_COUNT,PRIMARY_COLL_FACTOR,PCF_CODE_OF_VIOL,PCF_VIOL_CATEGORY,PCF_VIOLATION,PCF_VIOL_SUBSECTION,HIT_AND_RUN,TYPE_OF_COLLISION,MVIW,PED_ACTION,ROAD_SURFACE,ROAD_COND_1,ROAD_COND_2,LIGHTING,CONTROL_DEVICE,CHP_ROAD_TYPE,PEDESTRIAN_ACCIDENT,BICYCLE_ACCIDENT,MOTORCYCLE_ACCIDENT,TRUCK_ACCIDENT,NOT_PRIVATE_PROPERTY,ALCOHOL_INVOLVED,STWD_VEHTYPE_AT_FAULT,CHP_VEHTYPE_AT_FAULT,COUNT_SEVERE_INJ,COUNT_VISIBLE_INJ,COUNT_COMPLAINT_PAIN,COUNT_PED_KILLED,COUNT_PED_INJURED,COUNT_BICYCLIST_KILLED,COUNT_BICYCLIST_INJURED,COUNT_MC_KILLED,COUNT_MC_INJURED,PRIMARY_RAMP,SECONDARY_RAMP,LATITUDE,LONGITUDE,COUNTY,CITY,POINT_X,POINT_Y
8613967,2018,2018-04-27,5701,2018-04-02,0908,1050,UCD,1,5,5,5701,0,0,0,,0,,"ORCHARD RD","ORCHARD PARK DR",200.00,E,N,A,-,N,,,,,,,,,,N,2,0,1,2,A,-,03,22350,,N,H,E,A,A,H,-,A,D,0,,Y,,Y,Y,,L,04,1,0,0,0,0,0,1,0,0,"- ","- ",,,YOLO,DAVIS,-121.76337432861328,38.543827056884766
8626625,2018,2018-06-06,5704,2018-05-03,2109,06018,,4,5,4,5704,0,0,0,,0,003,"JEFFERSON BL","MARSHALL RD",725.00,N,N,A,-,N,,,,,,,,,,Y,2,0,1,2,A,-,09,21801,A,N,D,C,A,A,H,-,C,D,0,,,Y,,Y,,A,01,1,0,0,0,0,0,0,0,1,"- ","- ",,,YOLO,"WEST SACRAMENTO",-121.55228424072266,38.536655426025391
8629782,2018,2018-06-06,5701,2018-04-29,0430,35,8,7,5,5,5701,0,0,0,,0,004,"OLIVE DR","RICHARDS BL",94.00,E,N,A,-,N,,,,,,,,,,N,2,0,1,2,A,-,06,21760,B,F,H,G,A,A,H,-,C,D,0,,Y,,,Y,,A,01,1,0,0,0,0,0,1,0,0,"- ","- ",38.540809631347656,-121.73863220214844,YOLO,DAVIS,-121.73834991455078,38.540985107421875
8638458,2018,2018-06-21,5703,2018-06-09,2303,2858,32,6,5,4,5703,0,0,0,,0,003,"MAIN ST","CLEVELAND ST",275.00,E,N,A,-,N,,,,,,,,,,Y,2,0,1,2,A,-,11,21950,B,F,G,B,C,A,H,-,C,A,0,Y,,,,Y,Y,N,60,1,0,0,0,1,0,0,0,0,"- ","- ",38.677520751953125,-121.77903747558594,YOLO,WOODLAND,-121.77836608886719,38.677490234375
8646011,2018,2018-07-18,5704,2018-06-09,1630,06091,,6,5,4,5704,0,0,0,,0,002,"HARBOR BL","EVERGREEN AV",0.00,,Y,A,-,N,,,,,,,,,,N,2,0,1,2,A,-,12,21453,A,N,C,G,A,A,H,-,A,A,0,,Y,,,Y,,L,04,1,0,0,0,0,0,1,0,0,"- ","- ",,,YOLO,"WEST SACRAMENTO",-121.54871368408203,38.576919555664062
8646404,2018,2018-07-02,5703,2018-06-08,1701,2098,31,5,5,4,5703,0,0,0,,0,001,"EAST MAIN ST","PIONEER AV",235.00,W,N,A,-,N,,,,,,,,,,Y,2,0,2,3,A,-,09,21801,A,N,D,C,A,A,H,-,A,A,0,,,Y,,Y,,A,01,1,1,0,0,0,0,0,0,2,"- ","- ",38.677158355712891,-121.74691772460938,YOLO,WOODLAND,-121.74774169921875,38.677261352539062
8648287,2018,2018-10-25,5704,2018-10-04,0512,00173,,4,5,4,5704,0,0,0,,0,002,"HARBOR BL","WEST CAPITOL AV",0.00,,Y,B,-,N,,,,,,,,,,Y,1,1,0,2,A,-,10,21950,A,N,G,B,B,A,H,-,C,A,0,Y,,,Y,Y,,G,25,0,0,0,1,0,0,0,0,0,"- ","- ",,,YOLO,"WEST SACRAMENTO",-121.54904174804688,38.579250335693359
8687063,2018,2018-10-09,5703,2018-08-04,0140,2840,23,6,5,4,5703,0,0,0,,0,001,"EAST BEAMER ST","BEE JAY WY",95.00,W,N,A,-,N,,,,,,,,,,Y,2,0,1,1,A,-,03,22350,,N,F,A,A,A,H,-,C,A,0,,,Y,,Y,,C,02,1,0,0,0,0,0,0,0,1,"- ","- ",38.684650421142578,-121.76235961914062,YOLO,WOODLAND,-121.76267242431641,38.684623718261719
8703790,2018,2018-10-03,5701,2018-09-21,0854,222,6,5,5,5,5701,0,0,0,,0,003,"MOORE BL","POLE LINE RD",25.00,E,N,A,-,N,,,,,,,,,,N,2,0,1,1,A,-,03,22350,,N,H,A,A,A,H,-,A,D,0,,Y,,,Y,,L,04,1,0,0,0,0,0,1,0,0,"- ","- ",38.570388793945312,-121.73068237304688,YOLO,DAVIS,-121.73065948486328,38.570369720458984
8730715,2018,2019-01-12,5704,2018-10-24,1813,06091,,3,5,4,5704,0,0,0,,0,002,"INDUSTRIAL BL","ENTERPRISE BL",112.00,E,N,A,-,N,,,,,,,,,,N,2,0,1,2,A,-,08,22100,A,N,B,G,A,A,H,-,B,D,0,,Y,,Y,Y,,F,26,1,0,0,0,0,0,1,0,0,"- ","- ",,,YOLO,"WEST SACRAMENTO",-121.57805633544922,38.570209503173828
8737573,2018,2019-01-11,5704,2018-10-19,1813,6091,,5,5,4,5704,0,0,0,,0,002,"INDUSTRIAL BL","ENTERPRISE BL",112.00,E,N,A,-,N,,,,,,,,,,N,2,0,1,2,A,-,08,22100,A,N,B,G,A,A,H,-,B,D,0,,Y,,Y,Y,,F,26,1,0,0,0,0,0,1,0,0,"- ","- ",,,YOLO,"WEST SACRAMENTO",-121.57805633544922,38.570209503173828
8803664,2019,2019-02-27,5704,2019-02-18,1842,06052,WSPD,1,5,4,5704,0,0,0,,0,002,"EVERGREEN AV","HARBOR BL",530.00,E,N,A,-,N,,,,,,,,,,N,2,0,1,2,A,-,11,21954,A,N,G,B,E,A,H,-,C,D,0,Y,,,,Y,,N,60,1,0,0,0,1,0,0,0,0,"- ","- ",,,YOLO,"WEST SACRAMENTO",-121.54685974121094,38.576972961425781
8806512,2019,2019-03-05,5701,2019-01-19,1605,106,5,6,5,5,5701,0,0,0,,0,002,"L ST","DUKE DR",75.00,S,N,A,-,N,,,,,,,,,,N,2,0,3,3,A,-,08,22107,,N,E,I,F,A,B,-,A,D,0,Y,,Y,,Y,,C,02,2,1,0,0,2,0,0,0,1,"- ","- ",38.548999786376953,-121.73500061035156,YOLO,DAVIS,-121.73470306396484,38.550006866455078
8808183,2019,2019-05-23,5704,2019-05-03,2136,06017,,5,5,4,5704,0,0,0,,0,002,"WEST CAPITOL AV","WALNUT AV",0.00,,Y,A,-,N,,,,,,,,,,N,1,1,0,2,A,-,10,21950,A,N,G,B,B,A,H,-,C,A,0,Y,,,,Y,,A,01,0,0,0,1,0,0,0,0,0,"- ","- ",38.579799652099609,-121.54065704345703,YOLO,"WEST SACRAMENTO",-121.54071044921875,38.579769134521484
8827414,2019,2019-04-03,5703,2019-02-28,1131,2807,23,4,5,4,5703,0,0,0,,0,001,"E BEAMER ST","MATMOR RD",0.00,,Y,A,-,N,,,,,,,,,,Y,2,0,1,2,A,-,05,21460,A,N,D,C,A,A,H,-,A,A,0,,,Y,,Y,,C,02,1,0,0,0,0,0,0,0,1,"- ","- ",38.684608459472656,-121.75618743896484,YOLO,WOODLAND,-121.75615692138672,38.684589385986328
8848225,2019,2019-04-29,5704,2019-04-13,0724,06091,,6,5,4,5704,0,0,0,,0,002,"WEST CAPITOL AV","HARBOR BL",244.00,W,N,A,-,N,,,,,,,,,,N,2,0,1,2,A,-,08,22107,,N,G,G,A,A,H,-,A,D,0,,Y,,Y,Y,Y,F,26,1,0,0,0,0,0,1,0,0,"- ","- ",38.579261779785156,-121.54868316650391,YOLO,"WEST SACRAMENTO",-121.54988861083984,38.579181671142578
8848377,2019,2019-05-31,5701,2019-04-13,1847,118,4,6,5,5,5701,0,0,0,,0,002,"14TH ST","BEECH LN",170.00,E,-,A,-,N,,,,,,,,,,N,2,0,1,1,A,-,03,22350,,N,G,B,A,A,H,-,A,D,0,,,,,Y,,A,01,1,0,0,0,0,0,0,0,0,"- ","- ",38.557498931884766,-121.7509765625,YOLO,DAVIS,-121.75066375732422,38.555850982666016
8848896,2019,2019-05-01,5701,2019-04-17,1018,222,2,3,5,5,5701,0,0,0,,0,001,"ANDERSON RD","RUSSELL BL",328.00,S,N,A,-,N,,,,,,,,,,N,2,0,1,2,A,-,08,22107,,N,G,B,D,A,H,-,A,D,0,Y,,,,Y,,A,01,1,0,0,0,1,0,0,0,0,"- ","- ",38.547580718994141,-121.75908660888672,YOLO,DAVIS,-121.75875854492188,38.546409606933594
8852061,2019,2019-05-03,5701,2019-04-25,2145,106,3,4,5,5,5701,0,0,0,,0,001,"RUSSELL BL","SOUTH CAMPUS WY",34.00,W,N,A,-,N,,,,,,,,,,Y,2,0,2,4,A,-,00,21352,A,N,B,C,A,A,H,-,C,D,0,,,,,Y,Y,A,01,1,1,0,0,0,0,0,0,0,"- ","- ",38.546340942382812,-121.75769805908203,YOLO,DAVIS,-121.75672149658203,38.546333312988281
8855288,2019,2019-06-03,5701,2019-04-19,1136,222,2,5,5,5,5701,0,0,0,,0,001,"ANDERSON RD","SUNSET ST",109.00,N,N,A,-,N,,,,,,,,,,N,2,0,1,2,A,-,17,22517,,N,H,G,A,A,H,-,A,A,0,,Y,,,Y,,A,01,1,0,0,0,0,0,1,0,0,"- ","- ",38.549289703369141,-121.75901031494141,YOLO,DAVIS,-121.75871276855469,38.549228668212891
8858173,2019,2019-05-22,5704,2019-04-10,1635,00165,,3,5,4,5704,0,0,0,,0,001,"NORTH HARBOR BL","RIVERBANK RD",120.00,N,N,A,-,N,,,,,,,,,,Y,2,0,4,2,A,-,05,21460,A,N,A,C,A,A,H,-,A,D,0,,,,,Y,,A,01,3,1,0,0,0,0,0,0,0,"- ","- ",38.596218109130859,-121.54712677001953,YOLO,"WEST SACRAMENTO",-121.54745483398438,38.596469879150391
8870133,2019,2019-08-28,5703,2019-05-02,1627,2858,41,4,5,4,5703,0,0,0,,0,001,"EAST MAIN ST","INDUSTRIAL WY",0.00,,Y,A,-,Y,YOL,3,113,-,R,10.150,R,4,S,Y,2,0,3,2,C,-,18,,,N,D,C,A,A,H,-,A,A,0,,,,,Y,,-,"- ",2,1,0,0,0,0,0,0,0,"- ","- ",38.677341461181641,-121.7529296875,YOLO,WOODLAND,-121.75121307373047,38.675971984863281
8884858,2019,2019-06-26,5703,2019-05-31,1958,2891,52,5,5,4,5703,0,0,0,,0,003,"CALIFORNIA ST","WEST CROSS ST",694.00,N,N,A,-,N,,,,,,,,,,N,2,0,1,2,A,-,11,21954,A,N,G,B,D,A,H,-,B,D,0,Y,,,,Y,,N,60,1,0,0,0,1,0,0,0,0,"- ","- ",,,YOLO,WOODLAND,-121.78962707519531,38.672119140625
8910930,2020,2020-04-10,5703,2020-02-02,0001,2070,53,7,5,4,5703,0,0,0,,0,004,"E GUM AV","BOURN DR",74.00,E,N,A,-,N,,,,,,,,,,Y,1,2,0,1,A,-,01,23152,A,N,E,I,A,A,H,-,C,A,0,,,,,Y,Y,D,22,0,0,0,0,0,0,0,0,0,"- ","- ",38.668190002441406,-121.7470703125,YOLO,WOODLAND,-121.74679565429688,38.668266296386719
8911140,2020,2020-06-09,5704,2020-03-29,1500,00165,,7,5,4,5704,0,0,0,,0,003,"JEFFERSON BL","DAVIS RD",2625.00,S,N,A,-,N,,,,,,,,,,Y,1,1,0,2,A,-,08,22107,,N,D,G,A,A,H,-,A,D,0,,Y,,,Y,,L,04,0,0,0,0,0,1,0,0,0,"- ","- ",38.5323486328125,-121.55635833740234,YOLO,"WEST SACRAMENTO",-121.56179046630859,38.526439666748047
8911299,2020,2022-06-13,5701,2020-06-07,0430,106,7,7,5,5,5701,0,0,0,,0,003,"MACE BL","RT 80",0.00,,Y,A,-,Y,YOL,3,80,-,-,2.475,R,4,W,Y,1,1,1,1,A,-,03,22350,,N,E,I,A,A,H,-,C,A,0,,,,,Y,,D,72,1,0,0,0,0,0,0,0,0,"- ","- ",38.551021575927734,-121.69429016113281,YOLO,DAVIS,-121.69798278808594,38.552162170410156
8922986,2019,2020-09-17,5701,2019-08-06,1932,83,1,2,5,5,5701,0,0,0,,0,001,"WEST COVELL BL","RT 113",0.00,,Y,A,-,Y,YOL,3,113,-,R,2.299,R,4,S,Y,2,0,3,2,A,-,12,21453,A,N,D,C,A,A,H,-,B,A,0,,,,,Y,,A,01,2,1,0,0,0,0,0,0,0,"- ","- ",38.561470031738281,-121.74051666259766,YOLO,DAVIS,-121.76798248291016,38.564052581787109
8930106,2019,2019-09-09,5701,2019-08-14,1134,231,9,3,5,5,5701,0,0,0,,0,004,"COWELL BL","DRUMMOND AV",1376.00,W,N,A,-,N,,,,,,,,,,Y,2,0,2,2,A,-,06,21751,,N,D,C,A,A,H,-,A,D,0,,,Y,,Y,,C,02,1,1,0,0,0,0,0,0,1,"- ","- ",38.544910430908203,-121.72190856933594,YOLO,DAVIS,-121.71760559082031,38.547306060791016
8942138,2019,2019-10-04,5701,2019-09-15,1717,226,5,7,5,5,5701,0,0,0,,0,002,"DREXEL DR","CYPRESS LN",95.00,W,N,A,-,N,,,,,,,,,,N,2,0,1,2,A,-,17,22517,,N,H,G,A,A,H,-,A,D,0,,Y,,,Y,,A,01,1,0,0,0,0,0,1,0,0,"- ","- ",38.557510375976562,-121.731689453125,YOLO,DAVIS,-121.73203277587891,38.557468414306641
8967974,2019,2019-11-20,5701,2019-10-20,2114,1066,UCDAV,7,5,5,5701,0,0,0,,0,CAMPUS,"SYCAMORE LN","RUSSELL BL",0.00,,Y,A,-,N,,,,,,,,,,Y,2,0,1,2,A,-,17,21461,A,N,A,I,A,A,H,-,C,A,0,,,,,Y,,A,01,1,0,0,0,0,0,0,0,0,"- ","- ",,,YOLO,DAVIS,-121.76181793212891,38.546398162841797
8972929,2019,2019-12-17,5701,2019-10-20,0945,232,2,7,5,5,5701,0,0,0,,0,001,"ANDERSON RD","RUSSELL BL",150.00,N,N,A,-,N,,,,,,,,,,N,2,0,1,3,A,-,11,21950,B,N,G,B,E,A,H,-,A,D,0,Y,,,Y,Y,,N,60,1,0,0,0,1,0,0,0,0,"- ","- ",38.546379089355469,-121.75882720947266,YOLO,DAVIS,-121.75875854492188,38.546821594238281
8973046,2019,2019-11-19,5701,2019-09-13,1830,227,5,5,5,5,5701,0,0,0,,0,002,"CYPRESS LN","DREXEL DR",0.00,,Y,A,-,N,,,,,,,,,,N,2,0,1,2,D,-,00,,,N,H,G,A,A,H,-,A,A,0,,Y,,,Y,,-,"- ",1,0,0,0,0,0,1,0,0,"- ","- ",38.562850952148438,-121.77130126953125,YOLO,DAVIS,-121.73171234130859,38.557518005371094
8987501,2019,2020-01-21,5704,2019-11-01,0919,00166,,5,5,4,5704,0,0,0,,0,002,"ENTERPRISE BL","LAKE RD",177.00,S,N,A,-,N,,,,,,,,,,Y,2,0,1,2,A,-,03,22350,,N,C,C,A,A,C,-,A,D,0,,,Y,,Y,,C,02,1,0,0,0,0,0,0,0,1,"- ","- ",38.572158813476562,-121.57830047607422,YOLO,"WEST SACRAMENTO",-121.57844543457031,38.571735382080078
8993875,2019,2019-12-20,5701,2019-10-25,2257,119,6,5,5,5,5701,0,0,0,,0,003,"POLE LINE RD","LOYOLA DR",275.00,S,N,A,-,N,,,,,,,,,,Y,2,0,1,3,B,-,22,,,N,C,E,A,A,H,-,C,D,0,,,,,Y,,A,01,1,0,0,0,0,0,0,0,0,"- ","- ",38.556598663330078,-121.72715759277344,YOLO,DAVIS,-121.72750091552734,38.556758880615234
90005621,2015,2015-10-19,9280,2015-07-03,1613,016214,,5,2,9,5700,0,3,5,,2,002,"COUNTY ROAD 102","COUNTY ROAD 17",0.00,,Y,A,-,N,,,,,,,,,,Y,2,0,4,2,A,-,09,21802,A,N,D,D,A,A,H,-,A,D,0,,,,,Y,,D,22,1,0,3,0,0,0,0,0,0,"- ","- ",38.734490000000001,-121.72951999999999,YOLO,UNINCORPORATED,-121.72959999,38.734609929999998
90006345,2015,2015-10-19,9280,2015-07-18,2040,017800,,6,2,9,5700,0,1,3,,2,022,"SR-113 N/B","I-5 N/B",1210.00,S,N,A,-,Y,,,,,,,,,,Y,2,0,1,1,A,-,01,23152,A,N,E,I,A,A,H,-,B,D,0,,,,,Y,Y,A,01,1,0,0,0,0,0,0,0,0,"- ","- ",38.68797,-121.75266999999999,YOLO,UNINCORPORATED,,
90011499,2015,2015-10-19,9280,2015-07-05,0815,017763,,7,1,9,5700,0,1,1,,2,030,"I-5 N/B","COUNTY LINE RD.",1584.00,S,N,A,-,Y,,,5,,,,,,N,Y,1,1,1,1,A,-,08,22107,,N,E,I,A,A,H,-,A,D,0,,,,,Y,,A,07,0,1,0,0,0,0,0,0,0,"- ","- ",38.920389999999998,-121.99659,YOLO,UNINCORPORATED,-121.99663183,38.920362220000001
90012401,2015,2015-10-19,9280,2015-08-10,1640,018034,,1,2,9,5700,0,1,1,,2,020,"COUNTY ROAD 117","COUNTY ROAD 16",5280.00,N,N,A,-,N,,,,,,,,,,Y,2,0,4,1,A,-,08,22107,,N,F,A,A,A,H,-,A,D,0,,,,,Y,,A,08,2,1,1,0,0,0,0,0,0,"- ","- ",38.673490000000001,-121.86364,YOLO,UNINCORPORATED,-121.59470455,38.762968479999998
90013230,2015,2015-11-23,9280,2015-06-16,1030,017883,,2,1,4,5704,0,1,1,,2,010,"I-80 W/B","WEST CAPITOL U/C",55.00,E,N,A,-,Y,,,80,,,,,,W,Y,2,0,5,9,A,-,03,22350,,N,C,C,A,A,H,-,A,D,0,,,,Y,Y,,G,25,1,1,3,0,0,0,0,0,0,"- ","- ",38.578780000000002,-121.56134,YOLO,"WEST SACRAMENTO",-121.56132339,38.578768689999997
90014551,2015,2015-10-19,9280,2015-08-25,1100,017763,,2,1,9,5700,0,1,1,,2,020,"I-5 S/B","COUNTY ROAD 22",8976.00,N,N,A,-,Y,,,5,,,,,,S,Y,2,0,1,1,A,-,08,22107,,N,E,I,A,A,H,-,A,D,0,,,Y,,Y,,C,02,1,0,0,0,0,0,0,0,1,"- ","- ",38.673389999999998,-121.66652999999999,YOLO,UNINCORPORATED,-121.66653015,38.673362599999997
90036801,2015,2015-10-22,9280,2015-10-12,1635,015079,,1,2,9,5700,0,3,5,,2,001,"OLD RIVER RD","COUNTY ROAD 126",70.00,S,N,A,-,N,,,,,,,,,,Y,2,0,1,1,A,-,08,22107,,N,F,A,A,A,H,-,A,D,0,,,Y,,Y,,C,02,1,0,0,0,0,0,0,0,1,"- ","- ",38.3626,-121.3336,YOLO,UNINCORPORATED,-121.55985296,38.607166679999999
90061734,2015,2015-11-30,9280,2015-09-27,0933,016144,,7,1,9,5700,0,3,5,,2,003,"COUNTY ROAD 19","GOTTLOB MAST WAY",306.00,W,N,A,-,N,,,,,,,,,,Y,1,1,0,2,A,-,06,21751,,N,A,G,A,A,H,-,A,A,0,,Y,,,Y,,A,01,0,0,0,0,0,1,0,0,0,"- ","- ",38.728459999999998,-121.97738,YOLO,UNINCORPORATED,-121.97734008,38.728413809999999
90066611,2015,2015-12-07,9280,2015-12-05,2020,018205,,6,2,9,5700,0,3,5,,2,001,"STATE ROUTE 16","TUTT STREET",528.00,W,N,A,-,Y,,,,,,,,,,Y,2,0,3,1,A,-,01,23152,A,N,F,I,A,A,H,-,D,D,0,,,,,Y,Y,D,22,2,1,0,0,0,0,0,0,0,"- ","- ",38.405700000000003,-121.5827,YOLO,UNINCORPORATED,-121.97455927999999,38.682813619999997
90083368,2015,2015-12-28,9280,2015-10-02,1806,016929,,5,2,9,5700,0,1,1,,2,010,"I-80 W/B","WEBSTER U/C",5808.00,W,N,A,-,Y,,,80,,,,,,W,Y,1,1,1,3,A,-,08,22107,,N,G,B,E,A,H,-,A,D,0,Y,,,Y,Y,,A,01,0,1,0,1,0,0,0,0,0,"- ","- ",38.560229999999997,-121.65922,YOLO,UNINCORPORATED,-121.65920216000001,38.56010285
90083388,2015,2015-12-28,9280,2015-12-11,1320,015128,,5,1,9,5700,0,1,3,,2,034,SR-16,CR-82B,400.00,W,N,A,-,Y,,,16,,,,,,,Y,2,0,1,1,A,-,01,23152,E,N,E,I,A,A,H,-,A,D,0,,,,,Y,,A,01,1,0,0,0,0,0,0,0,0,"- ","- ",38.704360000000001,-122.08811,YOLO,UNINCORPORATED,-122.08809343999999,38.704292219999999
90084149,2015,2015-12-29,9280,2015-10-27,0535,016042,,2,3,4,5703,0,3,5,,2,002,"HARRY LORENZO DR.","COUNTY ROAD 25A",4588.00,N,N,B,-,N,,,,,,,,,,Y,2,0,2,1,A,-,03,22350,,N,E,J,A,A,A,D,D,D,0,,,Y,,Y,,C,02,2,0,0,0,0,0,0,0,2,"- ","- ",38.653919999999999,-121.74724000000001,YOLO,WOODLAND,-121.74724549,38.65353459
90091313,2015,2016-01-08,9280,2015-07-21,1720,013837,,2,2,4,5704,0,1,1,,2,010,"I-80 E/B","REED AVE",1056.00,W,N,A,-,Y,,,80,,,,,,E,Y,2,0,5,5,A,-,03,22350,,N,C,C,A,A,H,-,A,D,0,,,,Y,Y,,G,25,2,2,1,0,0,0,0,0,0,"- ","- ",38.588850000000001,-121.55412,YOLO,"WEST SACRAMENTO",-121.55411973,38.58884982
90091387,2015,2016-01-08,9280,2015-10-30,0637,016042,,5,1,9,5700,0,3,5,,2,002,"COUNTY ROAD 99","COVELL BLVD.",836.00,N,N,A,-,N,,,,,,,,,,N,1,1,0,2,A,-,03,22350,,N,C,G,A,A,H,-,D,D,0,,Y,,,Y,,A,07,0,0,0,0,0,1,0,0,0,"- ","- ",38.563420000000001,-121.78612,YOLO,UNINCORPORATED,-121.78613258999999,38.563426020000001
90098724,2016,2016-01-20,9280,2016-01-15,0530,016254,,5,3,9,5700,0,3,5,,2,001,"COUNTY ROAD 32A FROM I-80 WB","I-80 W/B",125.00,N,N,E,-,Y,,,80,,,,R,,,N,2,0,1,1,A,-,03,22350,,N,B,J,A,B,H,-,D,D,0,,,,,Y,,D,22,1,0,0,0,0,0,0,0,0,"- ","- ",38.563960000000002,-121.64221000000001,YOLO,UNINCORPORATED,-121.64221000000001,38.563960000000002
90102287,2015,2016-01-26,9280,2015-12-10,2315,016214,,4,3,9,5700,0,1,3,,2,013,"STATE ROUTE 84 (JEFFERSON BLVD.)","CLARKSBURG RD",0.00,,Y,B,C,Y,,,,,,,,,,Y,1,1,3,2,A,-,09,21802,A,N,D,C,A,B,H,-,D,A,0,,,,,Y,,A,07,3,0,0,0,0,0,0,0,0,"- ","- ",38.414389999999997,-121.52883,YOLO,UNINCORPORATED,,
90106354,2015,2016-02-01,9280,2015-10-10,1235,016520,,6,1,9,5700,0,3,5,,2,002,"SR-113 N/B (LOCUST ST.)","COUNTY ROAD 116",0.00,,N,A,-,Y,,,113,,,,,,N,Y,1,1,0,2,A,-,01,23152,E,N,A,C,A,A,H,-,A,D,0,,,Y,,Y,,C,02,0,0,0,0,0,0,0,1,0,"- ","- ",38.796419999999998,-121.72225,YOLO,UNINCORPORATED,-121.72224092,38.796415379999999
90109933,2016,2016-02-05,9280,2016-01-24,0105,017874,,7,3,9,5700,0,3,5,,2,002,CR-32A,CR-105,0.00,,Y,A,-,N,,,,,,,,,,Y,2,0,2,1,A,-,01,23152,A,N,E,I,A,A,H,-,C,D,0,,,,,Y,Y,A,07,1,0,1,0,0,0,0,0,0,"- ","- ",38.558,-121.67542,YOLO,UNINCORPORATED,-121.67563989999999,38.557959930000003
90137621,2016,2016-03-16,9280,2016-01-27,1452,016144,,3,2,9,5700,0,1,3,,2,034,SR-16,"COUNTY ROAD 88B",2112.00,W,N,A,-,Y,,,16,,,,,,,Y,1,1,0,1,A,-,08,22107,,N,E,I,A,A,H,-,A,D,0,,,,,Y,,A,01,0,0,0,0,0,0,0,0,0,"- ","- ",38.685360000000003,-121.99136,YOLO,UNINCORPORATED,-121.99137872999999,38.685230650000001
90142068,2016,2016-03-23,9280,2016-03-16,1850,017874,,3,2,9,5700,0,1,3,,2,034,SR-16,"TABERS CORNER",12.00,W,N,A,-,Y,,,16,,,,,,,Y,2,0,1,1,A,-,08,22107,,N,E,I,A,A,H,-,A,D,0,,,Y,,Y,,C,02,1,0,0,0,0,0,0,0,1,"- ","- ",38.704219999999999,-122.11801,YOLO,UNINCORPORATED,-122.11799996000001,38.704253270000002
90149667,2016,2016-04-04,9280,2016-03-10,0830,016144,,4,1,9,5700,0,1,1,,2,030,"I-5 N/B","COUNTY ROAD 91A",2640.00,S,N,B,-,Y,,,5,,,,,,N,Y,1,1,1,2,A,-,08,22107,,N,D,C,A,B,H,-,A,D,0,,,,,Y,,A,01,1,0,0,0,0,0,0,0,0,"- ","- ",38.830170000000003,-121.91504999999999,YOLO,UNINCORPORATED,-121.9152594,38.829949290000002
90149752,2016,2016-04-04,9280,2016-02-28,1440,018205,,7,2,9,5700,0,1,3,,2,034,"STATE ROUTE 16","COUNTY ROAD 86A",1056.00,E,N,A,-,Y,,,16,,,,,,,Y,1,1,1,1,A,-,03,22350,,N,F,I,A,A,H,-,A,D,0,,,Y,,Y,,C,02,0,1,0,0,0,0,0,1,1,"- ","- ",38.687660000000001,-122.00763000000001,YOLO,UNINCORPORATED,-122.0076388,38.687600949999997
90150675,2016,2016-04-19,9280,2016-02-24,1440,015168,,3,2,9,5700,0,3,5,,2,003,"COUNTY ROAD 95","COUNTY ROAD 25",60.00,N,N,A,-,N,,,,,,,,,,Y,1,1,2,1,A,-,08,22107,,N,F,A,A,A,H,-,A,D,0,,,,,Y,,A,07,0,1,1,0,0,0,0,0,0,"- ","- ",38.649039999999999,-121.85813,YOLO,UNINCORPORATED,-121.85816,38.649004789999999
90155197,2016,2016-04-11,9280,2016-03-26,1520,017964,,6,2,4,5704,0,1,2,,2,011,"US-50 W/B","JEFFERSON BLVD",800.00,E,N,A,-,Y,,,50,,,,,,W,Y,2,0,6,2,A,-,01,23152,A,N,C,C,A,A,H,-,A,A,0,,,,,Y,Y,A,01,2,2,2,0,0,0,0,0,0,"- ","- ",38.573990000000002,-121.51863,YOLO,"WEST SACRAMENTO",-121.51865699,38.573958410000003
90174522,2016,2016-12-14,9280,2016-03-01,2337,015353,,2,3,9,5700,0,1,1,,2,020,"INTERSTATE 5 S/B","COUNTY ROAD 91B",4224.00,S,N,A,-,Y,,,5,,,,,,S,Y,1,2,0,2,A,-,01,23152,A,N,A,C,A,A,H,-,D,D,0,,,,,Y,Y,A,01,0,0,0,0,0,0,0,0,0,"- ","- ",38.827570000000001,-121.91304,YOLO,UNINCORPORATED,-121.91311171,38.827494710000003
90202302,2016,2016-06-15,9280,2016-04-03,1505,015079,,7,2,9,5700,0,1,3,,2,034,SR-16,"CACHE CREEK BRIDGE",2680.00,W,N,A,-,Y,,,,,,,,,,Y,1,1,0,2,A,-,08,22107,,N,A,C,A,A,H,-,A,D,0,,,Y,,Y,,C,02,0,0,0,0,0,0,0,1,0,"- ","- ",38.544600000000003,-121.1724,YOLO,UNINCORPORATED,,