CASE_ID,ACCIDENT_YEAR,PROC_DATE,JURIS,COLLISION_DATE,COLLISION_TIME,OFFICER_ID,REPORTING_DISTRICT,DAY_OF_WEEK,CHP_SHIFT,POPULATION,CNTY_CITY_LOC,SPECIAL_COND,BEAT_TYPE,CHP_BEAT_TYPE,CITY_DIVISION_LAPD,CHP_BEAT_CLASS,BEAT_NUMBER,PRIMARY_RD,SECONDARY_RD,DISTANCE,DIRECTION,INTERSECTION,WEATHER_1,WEATHER_2,STATE_HWY_IND,CALTRANS_COUNTY,CALTRANS_DISTRICT,STATE_ROUTE,ROUTE_SUFFIX,POSTMILE_PREFIX,POSTMILE,LOCATION_TYPE,RAMP_INTERSECTION,SIDE_OF_HWY,TOW_AWAY,COLLISION_SEVERITY,NUMBER_KILLED,NUMBER_INJURED,PARTY_COUNT,PRIMARY_COLL_FACTOR,PCF_CODE_OF_VIOL,PCF_VIOL_CATEGORY,PCF_VIOLATION,PCF_VIOL_SUBSECTION,HIT_AND_RUN,TYPE_OF_COLLISION,MVIW,PED_ACTION,ROAD_SURFACE,ROAD_COND_1,ROAD_COND_2,LIGHTING,CONTROL_DEVICE,CHP_ROAD_TYPE,PEDESTRIAN_ACCIDENT,BICYCLE_ACCIDENT,MOTORCYCLE_ACCIDENT,TRUCK_ACCIDENT,NOT_PRIVATE_PROPERTY,ALCOHOL_INVOLVED,STWD_VEHTYPE_AT_FAULT,CHP_VEHTYPE_AT_FAULT,COUNT_SEVERE_INJ,COUNT_VISIBLE_INJ,COUNT_COMPLAINT_PAIN,COUNT_PED_KILLED,COUNT_PED_INJURED,COUNT_BICYCLIST_KILLED,COUNT_BICYCLIST_INJURED,COUNT_MC_KILLED,COUNT_MC_INJURED,PRIMARY_RAMP,SECONDARY_RAMP,LATITUDE,LONGITUDE,COUNTY,CITY,POINT_X,POINT_Y
90209748,2016,2016-06-27,9280,2016-06-05,2105,015079,,7,2,9,5700,0,3,5,,2,001,"JEFFERSON BL (SR-84)","BABEL SLOUGH RD",10560.00,N,N,A,-,Y,,,,,,,,,,Y,2,0,1,1,A,-,01,23152,A,N,F,A,A,A,H,-,D,D,0,,,,,Y,Y,D,22,1,0,0,0,0,0,0,0,0,"- ","- ",38.283200000000001,-121.345,YOLO,UNINCORPORATED,-121.58054778,38.475464049999999
90210497,2016,2016-06-27,9280,2016-06-19,0959,015128,,7,1,4,5704,0,1,1,,2,010,"I-80 W/B","ENTERPRISE BLVD",528.00,E,N,A,-,Y,,,80,,,,,,W,Y,2,0,1,2,A,-,07,21658,A,N,C,C,A,A,H,-,A,D,0,,,Y,,Y,,A,07,1,0,0,0,0,0,0,0,1,"- ","- ",38.574800000000003,-121.57429999999999,YOLO,"WEST SACRAMENTO",-121.57431119,38.574872550000002
90211778,2016,2016-06-29,9280,2016-04-15,0200,017874,,5,3,4,5704,0,1,2,,2,011,"US-50 W/B","HARBOR BLVD O/C",1954.00,E,N,A,-,Y,,,50,,,,,,W,Y,1,1,2,1,A,-,01,23152,A,N,E,I,A,A,H,-,D,D,0,,,,,Y,Y,A,01,2,0,0,0,0,0,0,0,0,"- ","- ",38.575240000000001,-121.54151,YOLO,"WEST SACRAMENTO",-121.5415108,38.5751165
90212135,2016,2016-06-29,9280,2016-03-26,1852,015534,,6,2,9,5700,0,3,5,,2,001,"SOUTH RIVER RD","COUNTY ROAD 142",5280.00,N,N,A,-,N,,,,,,,,,,Y,1,1,2,1,A,-,01,23152,A,N,E,I,A,A,H,-,A,D,0,,,,,Y,Y,A,07,1,1,0,0,0,0,0,0,0,"- ","- ",38.387459999999997,-121.51636999999999,YOLO,UNINCORPORATED,-121.51730884,38.38589004
90212183,2016,2016-07-25,9280,2016-04-05,0730,017279,,2,1,9,5700,0,3,5,,2,001,"SOUTH RIVER ROAD","FREEPORT BRIDGE",5280.00,N,N,A,-,N,,,,,,,,,,Y,1,1,1,2,A,-,01,23152,A,N,A,C,A,A,H,-,A,D,0,,,,,Y,Y,A,01,1,0,0,0,0,0,0,0,0,"- ","- ",38.46978,-121.50660999999999,YOLO,UNINCORPORATED,-121.50656770000001,38.469679579999998
90223636,2016,2016-07-15,9280,2016-07-09,2205,018205,,6,3,9,5700,0,3,5,,2,002,"COUNTY ROAD 25A","COUNTY ROAD 99",0.00,,Y,A,-,N,,,,,,,,,,Y,2,0,2,1,A,-,01,23152,A,N,E,I,A,A,H,-,D,A,0,,,,,Y,Y,A,01,2,0,0,0,0,0,0,0,0,"- ","- ",38.64143,-121.78463000000001,YOLO,UNINCORPORATED,-121.7845899,38.64118998
90245619,2016,2016-08-16,9280,2016-08-14,1534,016351,,7,2,4,5704,0,1,1,,2,010,"I-80 W/B","REED AVE",3168.00,W,N,A,-,Y,,,80,,,,,,W,Y,2,0,4,4,A,-,03,22350,,N,C,C,A,A,H,-,A,D,0,,,,,Y,,D,22,1,0,3,0,0,0,0,0,0,"- ","- ",38.58399,-121.55731,YOLO,"WEST SACRAMENTO",-121.55762312,38.584203530000003
90246777,2016,2016-08-17,9280,2016-08-07,1910,016351,,7,2,9,5700,0,1,3,,2,013,"JEFFERSON BLVD.","BABEL SLOUGH",10560.00,N,N,A,-,N,,,,,,,,,,Y,2,0,2,1,A,-,01,23152,A,N,F,A,A,A,H,-,A,D,0,,,,,Y,Y,A,01,2,0,0,0,0,0,0,0,0,"- ","- ",38.476559999999999,-121.5806,YOLO,UNINCORPORATED,-121.58054778,38.475464049999999
90247758,2016,2016-08-18,9280,2016-08-04,1555,012007,,4,2,9,5700,0,1,3,,2,022,"COUNTY ROAD 29 W/B","CR 29 FROM SR113 N/B",0.00,,Y,A,-,Y,,,,,,,,,,Y,2,0,1,2,A,-,09,21802,A,N,D,C,A,A,H,-,A,D,0,,,,,Y,,A,01,1,0,0,0,0,0,0,0,0,"- ","- ",38.590220000000002,-121.76505,YOLO,UNINCORPORATED,,
90247816,2016,2016-08-18,9280,2016-08-11,1600,015534,,4,2,9,5700,0,1,3,,2,013,"SR-84 S/B (JEFFERSON BLVD)","BABEL SLOUGH RD",10560.00,N,N,A,-,Y,,,84,,,,,,S,Y,2,0,1,1,A,-,03,22350,,N,F,A,A,A,G,-,A,D,0,,,,,Y,,A,01,1,0,0,0,0,0,0,0,0,"- ","- ",38.476469999999999,-121.58055,YOLO,UNINCORPORATED,-121.5805932,38.476467130000003
90252309,2016,2016-08-25,9280,2016-08-11,1905,017874,,4,2,9,5700,0,1,1,,2,020,"I-5 S/B","COUNTY ROAD 103",5966.00,S,N,A,-,Y,,,5,,,,,,S,Y,2,0,2,2,A,-,03,22350,,N,C,C,A,A,H,-,A,D,0,,,,,Y,Y,A,01,1,0,1,0,0,0,0,0,0,"- ","- ",38.67342,-121.68853,YOLO,UNINCORPORATED,-121.6885297,38.673459620000003
90257410,2016,2016-08-30,9280,2016-05-20,1645,012007,,5,2,9,5700,0,2,4,,1,021,"COUNTY ROAD 102","COUNTY ROAD 25",5280.00,S,N,B,-,Y,,,,,,,,,,Y,1,1,3,3,A,-,08,22107,,N,B,C,A,A,H,-,A,D,0,,,,Y,Y,,A,01,1,2,0,0,0,0,0,0,0,"- ","- ",38.634250000000002,-121.67744,YOLO,UNINCORPORATED,-121.72933904999999,38.633401939999999
90265938,2016,2016-09-12,9280,2016-08-27,2028,015128,,6,2,9,5700,0,1,3,,2,034,SR-16,CR-89,695.00,E,N,A,-,Y,,,16,,,,,,,Y,2,0,2,1,A,-,01,23152,A,N,E,I,A,A,H,-,D,D,0,,,,,Y,,A,01,1,1,0,0,0,0,0,0,0,"- ","- ",38.681199999999997,-121.9646,YOLO,UNINCORPORATED,-121.96457529,38.681377380000001
90275811,2016,2016-09-26,9280,2016-06-04,1310,015128,,6,1,9,5700,0,1,1,,2,020,"I-5 N/B","BYPASS BRIDGE / SOUTH EDGE",528.00,E,N,A,-,Y,,,5,,,,,,N,Y,1,1,1,1,A,-,01,23152,E,N,E,I,A,A,H,-,A,D,0,,,,,Y,,A,01,0,1,0,0,0,0,0,0,0,"- ","- ",38.6736,-121.6387,YOLO,UNINCORPORATED,-121.63870095999999,38.673468649999997
90284688,2016,2016-10-05,9280,2016-07-21,0804,016144,,4,1,4,5704,0,1,2,,2,011,"US-50 E/B",SR-275,50.00,W,N,A,-,Y,,,50,,,,,,E,N,1,1,0,4,A,-,08,22107,,N,E,I,A,A,H,-,A,D,0,,,Y,,Y,,C,02,0,0,0,0,0,0,0,1,0,"- ","- ",38.577100000000002,-121.52605,YOLO,"WEST SACRAMENTO",-121.52604703999999,38.577045499999997
90299810,2016,2016-10-24,9280,2016-10-03,0506,015353,,1,3,9,5700,0,1,1,,2,020,"INTERSTATE 5","COUNTY ROAD 124",4064.00,W,N,A,-,Y,,,5,,,,,,,Y,2,0,1,2,A,-,03,22350,,N,C,C,A,A,H,-,D,D,0,,,,Y,Y,,G,27,1,0,0,0,0,0,0,0,0,"- ","- ",38.673389999999998,-121.64202,YOLO,UNINCORPORATED,-121.6420196,38.67348449
90320944,2016,2016-11-16,9280,2016-11-08,0725,017963,,2,1,9,5700,0,3,5,,2,002,"OLD RIVER RD","COUNTY ROAD 117",0.00,,Y,A,-,Y,,,,,,,,,,Y,2,0,1,2,A,-,09,21801,A,N,D,C,A,A,H,-,A,D,0,,,,,Y,,D,22,1,0,0,0,0,0,0,0,0,"- ","- ",38.674469999999999,-121.63122,YOLO,UNINCORPORATED,-121.6312499,38.674379979999998
90347805,2016,2016-12-19,9280,2016-10-01,1227,015485,,6,1,9,5700,0,3,5,,2,001,"OLD RIVER ROAD","COUNTY ROAD 124",3467.00,S,N,A,-,N,,,,,,,,,,Y,1,1,1,2,A,-,01,23152,E,N,A,C,A,A,H,-,A,D,0,,,,,Y,,A,01,1,0,0,0,0,0,0,0,0,"- ","- ",38.654130000000002,-121.60576,YOLO,UNINCORPORATED,-121.60577014,38.654111720000003
90362518,2016,2017-01-23,9280,2016-07-15,1515,012007,,5,2,9,5700,0,1,1,,2,031,"I-505 N/B","COUNTY ROAD 24",3168.00,S,N,A,-,Y,,,,,,,,,,Y,1,1,2,1,A,-,08,22107,,N,F,A,A,A,H,-,A,D,0,,,,,Y,,A,07,2,0,0,0,0,0,0,0,0,"- ","- ",38.65269,-121.89915000000001,YOLO,UNINCORPORATED,-121.95175651,38.65493944
90381396,2017,2017-01-30,9280,2017-01-16,0555,019621,,1,3,4,5703,0,1,1,,2,020,"I-5 S/B","COUNTY ROAD 102",1584.00,S,N,E,-,Y,,,5,,,,,,S,Y,2,0,1,3,A,-,01,23152,A,N,A,C,A,A,H,-,D,A,0,,,,,Y,Y,A,01,1,0,0,0,0,0,0,0,0,"- ","- ",38.67353,-121.72293999999999,YOLO,WOODLAND,-121.7229394,38.673642860000001
90381587,2016,2018-05-01,9280,2016-12-24,0110,016144,,6,3,9,5700,0,1,1,,2,031,"I-505 N/B",SR-16,1597.00,N,N,A,-,Y,,,505,,,,,,N,Y,1,1,3,2,A,-,01,23152,A,N,A,C,A,A,H,-,D,A,0,,,,,Y,Y,A,01,0,1,2,0,0,0,0,0,0,"- ","- ",38.683810000000001,-121.95206,YOLO,UNINCORPORATED,-121.95208866,38.683805820000003
90404927,2017,2017-03-02,9280,2017-02-18,0445,016214,,6,3,5,5701,0,1,1,,2,010,"I-80 E/B","MACE BLVD",1311.00,E,N,C,-,Y,,,80,,,,,,E,Y,2,0,1,1,A,-,08,22107,,N,E,I,A,B,H,-,C,D,0,,,,,Y,,A,01,1,0,0,0,0,0,0,0,0,"- ","- ",38.553609999999999,-121.68992,YOLO,DAVIS,-121.68997204999999,38.553794359999998
90415789,2017,2017-03-20,9280,2017-03-14,1530,012272,,2,2,9,5700,0,1,3,,1,024,"SR-16 (37193 BLK)","COUNTY ROAD 97",1056.00,E,N,A,-,Y,,,16,,,,,,,Y,2,0,1,1,A,-,08,22107,,N,E,I,A,A,H,-,A,D,0,,,,,Y,,A,01,1,0,0,0,0,0,0,0,0,"- ","- ",38.677799999999998,-121.81659999999999,YOLO,UNINCORPORATED,-121.81660015999999,38.677778910000001
90437437,2017,2017-04-19,9280,2017-04-04,0010,019644,,2,3,2,5702,0,1,1,,2,031,"I-505 N/B",SR-128,3696.00,N,N,A,-,Y,,,505,,,,,,N,Y,2,0,7,2,A,-,01,23152,A,N,C,C,A,A,H,-,D,D,0,,,,,Y,Y,A,01,1,2,4,0,0,0,0,0,0,"- ","- ",38.541719999999998,-121.95285,YOLO,WINTERS,-121.9528648,38.541719989999997
90447952,2017,2017-05-03,9280,2017-04-09,0300,019644,,7,3,9,5700,0,3,5,,2,001,"COUNTY ROAD 107","COURTLAND RD",5280.00,S,N,A,-,N,,,,,,,,,,Y,2,0,5,1,A,-,01,23152,A,N,F,I,A,D,H,-,D,D,0,,,,,Y,Y,D,22,2,1,2,0,0,0,0,0,0,"- ","- ",38.330939999999998,-121.64478,YOLO,UNINCORPORATED,-121.64479163999999,38.330853410000003
90458896,2017,2017-05-25,9280,2017-03-20,1138,012272,,1,1,9,5700,0,2,4,,1,021,"COUNTY ROAD 102  (24600 BLK)","COUNTY ROAD 29",3696.00,S,N,B,-,N,,,,,,,,,,Y,1,1,2,2,A,-,08,22107,,N,A,C,A,A,H,-,A,D,0,,,,,Y,Y,D,22,1,0,1,0,0,0,0,0,0,"- ","- ",38.577599999999997,-121.7304,YOLO,UNINCORPORATED,-121.73049059,38.57966141
90460331,2016,2017-05-22,9280,2016-09-26,0250,015128,,1,3,9,5700,0,1,1,,2,010,"I-80 E/B","ENTERPRISE BLVD",3696.00,W,N,A,-,Y,,,80,,,,,,E,Y,2,0,1,2,A,-,03,22350,,N,C,C,A,A,H,-,D,D,0,,,,,Y,,A,01,1,0,0,0,0,0,0,0,0,"- ","- ",38.571599999999997,-121.5917,YOLO,UNINCORPORATED,-121.59173298,38.571782669999997
90497078,2017,2017-07-10,9280,2017-06-24,1720,016042,,6,2,9,5700,0,3,5,,2,003,"RUSSELL BLVD.","COUNTY ROAD 95A",100.00,S,N,A,-,N,,,,,,,,,,Y,2,0,2,1,A,-,08,22107,,N,E,I,A,A,H,-,A,D,0,,,,,Y,,A,01,1,1,0,0,0,0,0,0,0,"- ","- ",38.546770000000002,-121.85457,YOLO,UNINCORPORATED,-121.85598856,38.547729089999997
90497984,2017,2017-07-11,9280,2017-06-12,1910,015128,,1,2,9,5700,0,3,5,,2,001,"CLARKSBURG RD","TULE RD",1056.00,W,N,A,-,N,,,,,,,,,,Y,2,0,2,1,A,-,08,22107,,N,E,I,A,A,H,-,A,D,0,,,,,Y,,A,01,2,0,0,0,0,0,0,0,0,"- ","- ",38.414499999999997,-121.5622,YOLO,UNINCORPORATED,-121.5587261,38.41442
90524163,2017,2017-08-16,9280,2017-08-05,1010,018276,,6,1,9,5700,0,3,5,,2,001,"PUMPHOUSE ROAD","BABEL SLOUGH",1584.00,S,N,A,-,N,,,,,,,,,,Y,2,0,2,1,A,-,08,22107,,N,E,J,A,A,B,-,A,D,0,,,,,Y,,A,01,1,0,1,0,0,0,0,0,0,"- ","- ",38.445169999999997,-121.57068,YOLO,UNINCORPORATED,-121.57199928999999,38.44580947
90524196,2017,2017-08-16,9280,2017-08-04,0230,016289,,5,3,4,5704,0,3,5,,2,001,"SOUTH RIVER ROAD","BURROWS AVENUE",0.00,,N,B,-,N,,,,,,,,,,Y,2,0,1,1,A,-,08,22107,,N,F,J,A,A,H,-,D,D,0,,,,,Y,,A,07,1,0,0,0,0,0,0,0,0,"- ","- ",38.49774,-121.56043,YOLO,"WEST SACRAMENTO",-121.55694993,38.509340000000002
90538141,2017,2017-08-31,9280,2017-06-02,2350,019094,,5,3,4,5704,0,1,1,,2,010,"I-80 E/B","REED AVE.",3960.00,S,N,A,-,Y,,,80,,,,,,E,Y,1,1,0,3,A,-,08,22107,,N,B,C,A,A,H,-,D,D,0,,,,,Y,,D,22,0,0,0,0,0,0,0,0,0,"- ","- ",38.58222,-121.5585,YOLO,"WEST SACRAMENTO",-121.55854687999999,38.582253600000001
90540501,2017,2017-09-05,9280,2017-08-19,1855,013837,,6,2,9,5700,0,3,5,,2,002,"COUNTY ROAD 29","COUNTY ROAD 96",2112.00,E,N,A,-,N,,,,,,,,,,Y,2,0,2,2,A,-,03,22350,,N,D,C,A,A,H,-,A,D,0,,,,,Y,,A,01,1,1,0,0,0,0,0,0,0,"- ","- ",38.590679999999999,-121.8305,YOLO,UNINCORPORATED,-121.83269921999999,38.59064875
90563271,2017,2017-10-04,9280,2017-09-29,0745,016144,,5,1,9,5700,0,1,3,,2,034,SR-16,"I-505 N/B",125.00,E,N,A,-,Y,,,16,,,,,,,Y,2,0,1,1,A,-,08,22107,,N,E,I,A,A,H,-,A,D,0,,,,,Y,,A,01,1,0,0,0,0,0,0,0,0,"- ","- ",38.67915,-121.95005,YOLO,UNINCORPORATED,-121.95002409999999,38.67933661
90573355,2017,2017-10-25,9280,2017-10-05,0855,020830,,4,1,9,5700,0,3,5,,2,003,"COUNTY ROAD 95","COUNTY ROAD 29",0.00,,Y,A,-,N,,,,,,,,,,Y,2,0,2,2,A,-,12,22450,A,N,D,C,A,A,H,-,A,A,0,,,,,Y,,A,01,2,0,0,0,0,0,0,0,0,"- ","- ",38.590629999999997,-121.85865,YOLO,UNINCORPORATED,-121.85864997,38.590669949999999
90574993,2017,2017-10-20,9280,2017-10-13,1703,016144,,5,2,9,5700,0,3,5,,2,003,"COUNTY ROAD 88C","COUNTY ROAD 88B",200.00,E,N,A,-,N,,,,,,,,,,Y,2,0,3,1,A,-,08,22107,,N,E,I,A,A,H,-,A,D,0,,,,,Y,,A,01,1,0,2,0,0,0,0,0,0,"- ","- ",38.896030000000003,-121.98296000000001,YOLO,UNINCORPORATED,-121.9828473,38.896014530000002
90577539,2017,2017-10-24,9280,2017-09-07,1540,016042,,4,2,9,5700,0,3,5,,2,001,"SOUTH RIVER ROAD","COUNTY ROAD 141",8976.00,S,N,A,-,N,,,,,,,,,,Y,1,1,1,2,A,-,09,21804,A,N,D,C,A,A,H,-,A,D,0,,,,,Y,,A,01,0,1,0,0,0,0,0,0,0,"- ","- ",38.382480000000001,-121.52264,YOLO,UNINCORPORATED,-121.51915336,38.384523860000002
90578465,2017,2017-11-06,9280,2017-10-09,1925,015079,,1,2,9,5700,0,1,3,,2,023,"SR-113 N/B","COUNTY ROAD 18C",0.00,,N,A,-,Y,,,113,,,,,,N,N,2,0,1,2,A,-,14,21201,D,N,C,G,A,A,H,-,D,D,0,,Y,,,Y,,L,04,1,0,0,0,0,0,1,0,0,"- ","- ",38.707900000000002,-121.76519999999999,YOLO,UNINCORPORATED,-121.76525322000001,38.707899820000002
90584101,2017,2017-10-31,9280,2017-10-25,1710,013837,,3,2,9,5700,0,3,5,,2,002,"COUNTY ROAD 22","COUNTY ROAD 103",9504.00,E,N,A,-,N,,,,,,,,,,Y,2,0,2,1,A,-,08,22107,,N,F,I,A,A,H,-,A,D,0,,,,,Y,,A,01,1,0,1,0,0,0,0,0,0,"- ","- ",38.676749999999998,-121.67552999999999,YOLO,UNINCORPORATED,-121.67652369,38.676740799999997
90585379,2017,2017-11-02,9280,2017-10-25,1440,016289,,3,2,5,5701,0,1,1,,2,010,"I-80 E/B","MACE BOULEVARD",850.00,W,N,A,-,Y,,,80,,,,,,E,Y,2,0,4,6,A,-,03,22350,,N,C,C,A,A,H,-,A,D,0,,,,,Y,,A,07,1,1,2,0,0,0,0,0,0,"- ","- ",38.54806,-121.71519000000001,YOLO,DAVIS,-121.7152086,38.548141549999997
90592811,2017,2017-11-13,9280,2017-10-29,1723,016929,,7,2,9,5700,0,1,1,,2,010,"I-80 W/B","ENTERPRISE BLVD",6864.00,W,N,A,-,Y,,,80,,,,,,W,Y,2,0,2,3,A,-,07,21658,A,N,B,C,A,A,H,-,A,D,0,,,,,Y,,A,01,1,0,1,0,0,0,0,0,0,"- ","- ",38.57,-121.60263,YOLO,UNINCORPORATED,-121.60262348000001,38.569963540000003
9059531,2020,2020-03-30,5701,2020-02-15,1450,72,7,6,5,5,5701,0,0,0,,0,003,"MACE BL","RT 80",300.00,N,N,A,-,N,,,,,,,,,,Y,2,0,2,2,A,-,03,22350,,N,C,C,A,A,H,-,A,A,0,,,,,Y,,A,01,2,0,0,0,0,0,0,0,0,"- ","- ",38.551021575927734,-121.69429016113281,YOLO,DAVIS,-121.69442749023438,38.552719116210938
90603682,2017,2017-11-28,9280,2017-11-17,0335,019094,,5,3,9,5700,0,3,5,,2,002,"COUNTY RD. 29","COUNTY RD. 100A",1515.00,E,N,A,-,N,,,,,,,,,,Y,2,0,1,1,A,-,01,23152,A,N,E,I,A,A,H,-,D,D,0,,,,,Y,Y,A,01,1,0,0,0,0,0,0,0,0,"- ","- ",38.590139999999998,-121.7581,YOLO,UNINCORPORATED,-121.7581289,38.590146730000001
90608639,2017,2017-12-04,9280,2017-11-24,0644,020830,,5,1,9,5700,0,3,5,,2,002,"COUNTY ROAD 31","COUNTY ROAD 96",2640.00,W,N,A,-,N,,,,,,,,,,Y,2,0,1,2,A,-,08,22107,,N,B,D,A,A,H,-,A,D,0,,,,Y,Y,,A,01,1,0,0,0,0,0,0,0,0,"- ","- ",38.561570000000003,-121.85102000000001,YOLO,UNINCORPORATED,-121.84958483,38.561580239999998
90619943,2017,2017-12-18,9280,2017-12-08,0628,017883,,5,1,9,5700,0,1,3,,2,034,"STATE ROUTE 16 E/B","COUNTY ROAD 82B",4224.00,E,N,A,-,Y,,,16,,,,,,E,Y,2,0,2,2,A,-,05,21460,C,N,A,C,A,A,H,-,D,D,0,,,,,Y,,A,01,2,0,0,0,0,0,0,0,0,"- ","- ",38.70682,-122.07019,YOLO,UNINCORPORATED,-122.07018993,38.706820569999998
90622245,2017,2017-12-21,9280,2017-12-09,0310,019720,,6,3,9,5700,0,1,3,,2,034,"SR-16 W/B","WINNERS WAY",2315.00,E,N,A,-,Y,,,16,,,,,,W,Y,2,0,1,3,A,-,03,22350,,N,D,C,E,A,H,-,D,D,0,Y,,,,Y,,A,01,1,0,0,0,1,0,0,0,0,"- ","- ",38.729430000000001,-122.14205,YOLO,UNINCORPORATED,-122.14205459,38.729427970000003
90630081,2017,2017-12-29,9280,2017-12-23,1435,016042,,6,2,9,5700,0,3,5,,2,002,"EAST STREET","COUNTY ROAD 25A",1490.00,N,N,A,-,N,,,,,,,,,,Y,2,0,1,1,A,-,08,22107,,N,E,I,A,A,H,-,A,D,0,,,,,Y,,A,01,1,0,0,0,0,0,0,0,0,"- ","- ",38.645220000000002,-121.7663,YOLO,UNINCORPORATED,-121.76606551,38.645191730000001
90634825,2017,2018-04-02,9280,2017-10-29,1755,015079,,7,2,4,5704,0,1,2,,2,011,"US-50 W/B","HARBOR BLVD",1342.00,W,N,A,-,Y,,,50,,,,,,W,Y,1,1,0,2,A,-,07,21658,A,N,C,C,A,A,H,-,A,D,0,,,Y,,Y,,C,02,0,0,0,0,0,0,0,1,0,"- ","- ",38.575099999999999,-121.5532,YOLO,"WEST SACRAMENTO",-121.55319967,38.575129910000001
90635521,2018,2018-01-08,9280,2018-01-01,1845,015079,,1,2,9,5700,0,3,5,,2,002,"E. BEAMER ST","COUNTY ROAD 102",1200.00,W,N,A,-,N,,,,,,,,,,Y,2,0,1,1,A,-,08,22107,,N,E,I,A,A,H,-,C,D,0,,,,,Y,,A,01,1,0,0,0,0,0,0,0,0,"- ","- ",38.41400146484375,-121.43579864501953,YOLO,UNINCORPORATED,-121.73259735107422,38.684467315673828
90641981,2018,2018-01-17,9280,2018-01-05,0600,016042,,5,1,9,5700,0,3,5,,2,003,"COUNTY ROAD 14","COUNTY ROAD 89",1000.00,W,N,B,-,N,,,,,,,,,,Y,2,0,1,1,A,-,03,22350,,N,E,I,A,B,H,-,D,D,0,,,,,Y,,A,01,1,0,0,0,0,0,0,0,0,"- ","- ",38.779129028320312,-121.97322082519531,YOLO,UNINCORPORATED,-121.97306060791016,38.779087066650391
90654906,2017,2018-02-05,9280,2017-12-07,0030,018205,,4,3,9,5700,0,3,5,,2,002,"COUNTY ROAD 22","COUNTY ROAD 103",10454.00,E,N,A,-,N,,,,,,,,,,Y,1,1,0,1,A,-,01,23152,A,N,E,I,A,A,H,-,D,D,0,,,,,Y,Y,A,01,0,0,0,0,0,0,0,0,0,"- ","- ",38.676720000000003,-121.67299,YOLO,UNINCORPORATED,-121.67319775,38.676682169999999
90656163,2017,2018-02-06,9280,2017-12-16,1526,018866,,6,2,9,5700,0,1,1,,2,010,"I-80 W/B","ENTERPRISE BLVD",7920.00,W,N,G,-,Y,,,80,,,,,,W,N,1,1,0,1,A,-,03,22350,,N,E,I,A,A,H,-,A,D,0,,,Y,,Y,,C,02,0,0,0,0,0,0,0,1,0,"- ","- ",38.56955,-121.60532000000001,YOLO,UNINCORPORATED,-121.60530808,38.56948336
90663872,2018,2018-02-23,9280,2018-02-03,0110,017874,,6,3,9,5700,0,1,3,,2,022,"SR-113 S/B","COUNTY ROAD 29",1197.00,S,N,A,-,Y,,,113,,,,,,S,Y,2,0,3,2,A,-,08,22107,,N,B,C,A,A,H,-,D,D,0,,,,,Y,Y,D,22,1,2,0,0,0,0,0,0,0,"- ","- ",38.586551666259766,-121.76751708984375,YOLO,UNINCORPORATED,-121.76721954345703,38.586559295654297
90675612,2018,2018-03-06,9280,2018-02-25,1125,017963,,7,1,9,5700,0,1,3,,2,034,SR-16,"JENSEN LN",534.00,E,N,A,B,Y,,,16,,,,,,,Y,2,0,1,2,A,-,03,22350,,N,F,A,A,A,H,-,A,D,0,,,Y,,Y,,C,02,1,0,0,0,0,0,0,0,1,"- ","- ",38.698699951171875,-122.02068328857422,YOLO,UNINCORPORATED,-122.02071380615234,38.698680877685547
90675977,2018,2018-03-16,9280,2018-01-07,0032,019094,,7,3,9,5700,0,1,1,,2,020,"I-5 N/B (WEST SIDE HIGHWAY)","COUNTY RD. 17 O/C",417.00,N,N,A,-,Y,,,5,,,,,,N,Y,1,6,0,2,A,-,01,23152,A,N,A,C,A,A,H,-,D,D,0,,,,,Y,Y,A,07,0,0,0,0,0,0,0,0,0,"- ","- ",38.736549377441406,-121.81912231445312,YOLO,UNINCORPORATED,-121.81909942626953,38.736564636230469
9069826,2020,2020-09-25,5703,2020-02-04,0500,2835,26,2,5,4,5703,0,0,0,,0,002,"NORTH EAST ST","COUNTY ROAD 18C",800.00,S,N,A,-,Y,YOL,3,113,-,-,12.180,H,-,S,Y,2,0,1,1,A,-,05,21650,,F,E,J,A,A,H,-,D,A,0,,,,,Y,,A,07,1,0,0,0,0,0,0,0,0,"- ","- ",,,YOLO,WOODLAND,-121.76877593994141,38.531196594238281
90707144,2018,2018-04-17,9280,2018-04-07,0235,017964,,6,3,9,5700,0,3,5,,2,003,"COUNTY ROAD 8","I-5 SB TO CR-8",75.00,W,N,B,C,N,,,,,,,,,,Y,2,0,1,1,A,-,01,23152,A,N,E,I,A,B,H,-,C,A,0,,,,,Y,Y,A,01,1,0,0,0,0,0,0,0,0,"- ","- ",38.860130310058594,-121.95564270019531,YOLO,UNINCORPORATED,-121.9539794921875,38.860973358154297
90720139,2018,2018-05-04,9280,2018-05-02,0623,017883,,3,1,9,5700,0,3,5,,2,003,"COUNTY ROAD 89","COUNTY ROAD 26",0.00,,Y,A,-,N,,,,,,,,,,Y,2,0,2,2,A,-,09,21802,A,N,D,C,A,A,H,-,B,A,0,,,,,Y,,A,01,1,1,0,0,0,0,0,0,0,"- ","- ",38.635021209716797,-121.97144317626953,YOLO,UNINCORPORATED,-121.97141265869141,38.634990692138672