CASE_ID,ACCIDENT_YEAR,PROC_DATE,JURIS,COLLISION_DATE,COLLISION_TIME,OFFICER_ID,REPORTING_DISTRICT,DAY_OF_WEEK,CHP_SHIFT,POPULATION,CNTY_CITY_LOC,SPECIAL_COND,BEAT_TYPE,CHP_BEAT_TYPE,CITY_DIVISION_LAPD,CHP_BEAT_CLASS,BEAT_NUMBER,PRIMARY_RD,SECONDARY_RD,DISTANCE,DIRECTION,INTERSECTION,WEATHER_1,WEATHER_2,STATE_HWY_IND,CALTRANS_COUNTY,CALTRANS_DISTRICT,STATE_ROUTE,ROUTE_SUFFIX,POSTMILE_PREFIX,POSTMILE,LOCATION_TYPE,RAMP_INTERSECTION,SIDE_OF_HWY,TOW_AWAY,COLLISION_SEVERITY,NUMBER_KILLED,NUMBER_INJURED,PARTY_COUNT,PRIMARY_COLL_FACTOR,PCF_CODE_OF_VIOL,PCF_VIOL_CATEGORY,PCF_VIOLATION,PCF_VIOL_SUBSECTION,HIT_AND_RUN,TYPE_OF_COLLISION,MVIW,PED_ACTION,ROAD_SURFACE,ROAD_COND_1,ROAD_COND_2,LIGHTING,CONTROL_DEVICE,CHP_ROAD_TYPE,PEDESTRIAN_ACCIDENT,BICYCLE_ACCIDENT,MOTORCYCLE_ACCIDENT,TRUCK_ACCIDENT,NOT_PRIVATE_PROPERTY,ALCOHOL_INVOLVED,STWD_VEHTYPE_AT_FAULT,CHP_VEHTYPE_AT_FAULT,COUNT_SEVERE_INJ,COUNT_VISIBLE_INJ,COUNT_COMPLAINT_PAIN,COUNT_PED_KILLED,COUNT_PED_INJURED,COUNT_BICYCLIST_KILLED,COUNT_BICYCLIST_INJURED,COUNT_MC_KILLED,COUNT_MC_INJURED,PRIMARY_RAMP,SECONDARY_RAMP,LATITUDE,LONGITUDE,COUNTY,CITY,POINT_X,POINT_Y
90723357,2018,2018-05-09,9280,2018-05-04,0640,018141,,5,1,9,5700,0,1,1,,2,010,"I-80 W/B","CHILES ROAD",8448.00,E,N,A,-,Y,,,80,,,,,,W,Y,2,0,1,1,A,-,08,22107,,N,E,I,A,A,H,-,A,D,0,,,,,Y,,A,01,1,0,0,0,0,0,0,0,0,"- ","- ",38.568901062011719,-121.60800170898438,YOLO,UNINCORPORATED,-121.60801696777344,38.569000244140625
90725761,2018,2018-05-14,9280,2018-04-20,1900,017964,,5,2,9,5700,0,3,5,,2,001,"COUNTY ROAD 152","COUNTY ROAD 104",1056.00,E,N,A,-,N,,,,,,,,,,Y,2,0,3,1,A,-,08,22107,,N,E,I,A,A,H,-,A,A,0,,,,,Y,,A,01,1,1,1,0,0,0,0,0,0,"- ","- ",38.415840148925781,-121.68949890136719,YOLO,UNINCORPORATED,-121.69008636474609,38.415843963623047
90731045,2018,2018-05-22,9280,2018-05-13,1720,015128,,7,2,9,5700,0,1,3,,1,024,SR-16,CR-19A,4224.00,N,N,A,-,Y,,,16,,,,,,,Y,2,0,2,2,A,-,08,22107,,N,D,C,A,A,H,-,A,D,0,,,,,Y,,A,08,1,0,1,0,0,0,0,0,0,"- ","- ",38.706001281738281,-121.80249786376953,YOLO,UNINCORPORATED,-121.80252075195312,38.705997467041016
90731693,2018,2018-05-22,9280,2018-05-08,1015,017629,,2,1,9,5700,0,1,3,,2,022,SR-113,"GIBSON RD",528.00,N,N,A,-,Y,,,,,,,,,,Y,2,0,2,2,A,-,03,22350,,N,C,C,A,A,H,-,A,D,0,,,,,Y,,D,22,1,1,0,0,0,0,0,0,0,"- ","- ",38.668678283691406,-121.75148010253906,YOLO,UNINCORPORATED,-121.75148010253906,38.664134979248047
90736861,2018,2018-05-30,9280,2018-05-15,0500,018874,,2,3,9,5700,0,1,1,,2,031,"I-505 S/B","COUNTY ROAD 27",200.00,S,N,A,-,Y,,,505,,,,,,S,Y,2,0,1,2,A,-,03,22350,,M,C,C,A,A,H,-,B,D,0,,,Y,,Y,,C,02,1,0,0,0,0,0,0,0,1,"- ","- ",38.619499206542969,-121.95352935791016,YOLO,UNINCORPORATED,-121.95357513427734,38.619499206542969
90747091,2018,2018-06-15,9280,2018-05-24,0755,018141,,4,1,4,5704,0,1,2,,2,011,"US-50 E/B","SOUTH RIVER ROAD",132.00,W,N,A,-,Y,,,50,,,,,,E,Y,2,0,1,2,A,-,08,22107,,N,B,C,A,A,H,-,A,D,0,,,Y,,Y,,A,07,1,0,0,0,0,0,0,0,1,"- ","- ",38.574001312255859,-121.51930236816406,YOLO,"WEST SACRAMENTO",-121.51918029785156,38.574115753173828
90749605,2018,2018-06-18,9280,2018-06-06,2050,020830,,3,2,9,5700,0,1,3,,2,034,"STATE ROUTE 16 (W/B)","INTERSTATE 505",6864.00,E,N,A,-,Y,,,16,,,,,,,Y,2,0,1,1,A,-,08,22107,,N,F,A,A,A,H,-,B,D,0,,,,,Y,,D,22,1,0,0,0,0,0,0,0,0,"- ","- ",38.676200866699219,-121.92859649658203,YOLO,UNINCORPORATED,-121.9285888671875,38.676254272460938
90756046,2018,2018-06-26,9280,2018-05-29,0815,017629,,2,1,9,5700,0,3,5,,2,001,"COUNTY ROAD 32A","LEVEE RD",528.00,S,N,A,-,N,,,,,,,,,,N,2,0,1,2,A,-,08,22107,,N,B,G,A,A,H,-,A,D,0,,Y,,,Y,,L,04,1,0,0,0,0,0,1,0,0,"- ","- ",38.564510345458984,-121.64306640625,YOLO,UNINCORPORATED,-121.64306640625,38.564510345458984
90772068,2018,2018-07-18,9280,2018-07-11,1140,017883,,3,1,9,5700,0,3,5,,2,003,"COUNTY ROAD 89A","MAIN ST",125.00,N,N,A,-,N,,,,,,,,,,N,2,0,1,2,A,-,09,21801,A,N,A,C,A,A,H,-,A,D,0,,,Y,,Y,,A,01,1,0,0,0,0,0,0,0,1,"- ","- ",38.885818481445312,-121.96874237060547,YOLO,UNINCORPORATED,-121.96871185302734,38.885593414306641
90772105,2018,2018-07-18,9280,2018-07-11,1300,017883,,3,1,9,5700,0,3,5,,2,003,"COUNTY ROAD 89","COUNTY ROAD 31",3749.00,N,N,A,-,N,,,,,,,,,,Y,2,0,1,1,A,-,08,22107,,N,E,I,A,A,H,-,A,D,0,,,,Y,Y,,F,25,1,0,0,0,0,0,0,0,0,"- ","- ",38.5718994140625,-121.97129821777344,YOLO,UNINCORPORATED,-121.97132873535156,38.572086334228516
90773477,2018,2018-07-20,9280,2018-07-17,2140,019094,,2,2,9,5700,0,3,5,,2,002,SR-113,"COUNTY RD. 99E",3221.00,E,N,A,-,Y,,,113,,,,,,,Y,2,0,1,1,A,-,08,22107,,N,E,I,A,A,H,-,D,D,0,,,,,Y,,D,22,1,0,0,0,0,0,0,0,0,"- ","- ",38.793128967285156,-121.76383972167969,YOLO,UNINCORPORATED,-121.76383972167969,38.793014526367188
90779008,2018,2018-07-27,9280,2018-04-07,1548,015128,,6,2,9,5700,0,1,3,,2,034,"STATE ROUTE 16",CR-82B,4224.00,E,N,A,-,Y,,,16,,,,,,,Y,1,1,3,3,A,-,08,22107,,N,A,C,A,A,H,-,A,D,0,,,,,Y,,A,01,3,0,0,0,0,0,0,0,0,"- ","- ",38.706699371337891,-122.07769775390625,YOLO,UNINCORPORATED,-122.07770538330078,38.706722259521484
90783779,2018,2018-08-03,9280,2018-07-27,1725,013837,,5,2,9,5700,0,3,5,,2,003,"COUNTY ROAD 89","COUNTY ROAD 31",654.00,S,N,A,-,N,,,,,,,,,,Y,2,0,3,2,A,-,08,22107,,N,A,C,A,A,H,-,A,D,0,,,,,Y,,D,22,1,2,0,0,0,0,0,0,0,"- ","- ",38.554668426513672,-121.97107696533203,YOLO,UNINCORPORATED,-121.97125244140625,38.559993743896484
90803335,2018,2018-08-31,9280,2018-08-09,1730,015492,,4,2,9,5700,0,1,3,,2,023,"STATE ROUE 113 (SR-113)","COUNTY ROAD 102",3168.00,W,N,A,-,Y,,,113,,,,,,,Y,2,0,1,1,A,-,08,22107,,N,E,I,A,A,H,-,A,D,0,,,,,Y,,A,01,1,0,0,0,0,0,0,0,0,"- ","- ",38.792488098144531,-121.73906707763672,YOLO,UNINCORPORATED,-121.73906707763672,38.792648315429688
90803439,2018,2018-09-19,9280,2018-04-09,1118,017629,,1,1,9,5700,0,3,5,,2,002,"OLD RIVER ROAD","COUNTY ROAD 124",528.00,N,N,A,-,N,,,,,,,,,,Y,1,1,0,1,A,-,08,22107,,N,E,I,A,A,H,-,A,D,0,,,,,Y,,A,01,0,0,0,0,0,0,0,0,0,"- ","- ",38.662349700927734,-121.61562347412109,YOLO,UNINCORPORATED,-121.61518859863281,38.661922454833984
90804350,2018,2018-09-03,9280,2018-08-11,0045,015353,,6,3,4,5703,0,3,5,,2,003,"RT 16","WEST BEAMER",1056.00,S,N,A,-,Y,,,16,,,,,,,Y,2,0,1,1,A,-,08,22107,,N,E,I,A,A,H,-,C,D,0,,,,,Y,,A,01,1,0,0,0,0,0,0,0,0,"- ","- ",38.680900573730469,-121.80248260498047,YOLO,WOODLAND,-121.80252838134766,38.680900573730469
90813325,2018,2018-09-14,9280,2018-09-09,0245,019720,,7,3,9,5700,0,3,5,,2,002,"COUNTY ROAD 22","COUNTY ROAD 103",3696.00,E,N,A,-,N,,,,,,,,,,N,2,0,1,2,A,-,11,21954,A,N,B,B,E,A,H,-,D,D,0,Y,,,,Y,,N,60,1,0,0,0,1,0,0,0,0,"- ","- ",38.076831817626953,-121.69529724121094,YOLO,UNINCORPORATED,-121.69697570800781,38.676834106445312
90813705,2018,2018-09-14,9280,2018-05-28,2238,018874,,1,3,9,5700,0,3,5,,2,002,"COUNTY ROAD 99","BARDARD STREET",1637.00,N,N,A,-,N,,,,,,,,,,Y,1,1,0,1,A,-,08,22107,,N,E,I,A,A,H,-,C,D,0,,,,,Y,,A,01,0,0,0,0,0,0,0,0,0,"- ","- ",38.714580535888672,-121.78363037109375,YOLO,UNINCORPORATED,-121.78390502929688,38.704807281494141
90821581,2018,2018-09-26,9280,2018-09-16,0630,017883,,7,1,9,5700,0,1,3,,2,034,"STATE ROUTE 16","WINNERS WAY",2112.00,E,N,A,-,Y,,,,,,,,,,Y,2,0,2,2,A,-,08,22107,,N,B,C,A,A,H,-,B,D,0,,,,,Y,,D,22,1,0,1,0,0,0,0,0,0,"- ","- ",38.729770660400391,-121.14221954345703,YOLO,UNINCORPORATED,-122.1424560546875,38.730308532714844
90830670,2018,2018-10-08,9280,2018-09-17,1400,016929,,1,2,9,5700,0,3,5,,2,003,"COUNTY ROAD 6","COUNTY ROAD 86",365.00,W,N,A,-,N,,,,,,,,,,N,2,0,1,1,A,-,08,22107,,N,E,I,A,A,H,-,A,D,0,,,Y,,Y,,C,02,1,0,0,0,0,0,0,0,1,"- ","- ",38.885448455810547,-122.02562713623047,YOLO,UNINCORPORATED,-122.02458953857422,38.886100769042969
90841841,2018,2018-10-22,9280,2018-10-13,0005,017964,,6,3,9,5700,0,1,1,,2,020,"I-5 S/B","COUNTY ROAD 103",7392.00,S,N,A,-,Y,,,5,,,,,,S,Y,2,0,2,2,A,-,01,23152,A,N,C,C,A,A,H,-,D,A,0,,,,,Y,Y,A,01,1,1,0,0,0,0,0,0,0,"- ","- ",38.673381805419922,-121.68321228027344,YOLO,UNINCORPORATED,-121.68321228027344,38.673419952392578
90853048,2018,2018-12-05,9280,2018-09-16,1612,021276,,7,2,9,5700,0,3,5,,2,002,"COUNTY ROAD 99","BULLARD LANE",312.00,N,N,A,-,N,,,,,,,,,,Y,1,1,0,1,A,-,08,22107,,N,E,I,A,A,H,-,A,D,0,,,,,Y,,A,07,0,0,0,0,0,0,0,0,0,"- ","- ",38.606441497802734,-121.78527069091797,YOLO,UNINCORPORATED,-121.78531646728516,38.606498718261719
90869831,2018,2018-11-29,9280,2018-11-17,0418,017964,,6,3,9,5700,0,3,5,,2,002,"MOORE CANAL","COUNTY ROAD 25",1584.00,N,N,A,-,N,,,,,,,,,,Y,2,0,2,1,A,-,01,23152,A,N,F,A,A,A,H,-,D,D,0,,,,,Y,Y,A,07,1,1,0,0,0,0,0,0,0,"- ","- ",38.653530120849609,-121.84207916259766,YOLO,UNINCORPORATED,-121.84064483642578,38.652439117431641
90875417,2018,2018-12-04,9280,2018-11-21,1640,017963,,3,2,4,5703,0,1,1,,2,020,"I-5 S/B","COUNTY ROAD 102",105.00,N,N,B,-,Y,,,5,,,,,,S,Y,2,0,3,2,A,-,03,22350,,N,D,C,A,B,H,-,A,D,0,,,,Y,Y,,A,01,1,0,2,0,0,0,0,0,0,"- ","- ",38.673679351806641,-121.72924041748047,YOLO,WOODLAND,-121.72924041748047,38.673667907714844
90879741,2018,2018-12-10,9280,2018-12-04,0100,016214,,2,3,4,5704,0,1,2,,2,011,"US-50 E/B","HARBOR BLVD",2640.00,E,N,B,-,Y,,,,,,,,,,Y,2,0,2,2,A,-,01,23152,A,N,C,C,A,A,H,-,D,D,0,,,,Y,Y,Y,A,01,1,1,0,0,0,0,0,0,0,"- ","- ",38.341999053955078,-121.32211303710938,YOLO,"WEST SACRAMENTO",-121.53941345214844,38.574909210205078
9090304,2020,2020-06-29,5701,2020-03-06,0810,226,4,5,5,5,5701,0,0,0,,0,002,"W 8TH ST","OAK AV",0.00,,Y,A,-,N,,,,,,,,,,N,2,0,1,2,A,-,09,21801,A,N,H,G,A,A,H,-,A,A,0,,Y,,,Y,,L,04,1,0,0,0,0,0,1,0,0,"- ","- ",38.55072021484375,-121.75273132324219,YOLO,DAVIS,-121.75270080566406,38.550739288330078
90909841,2018,2019-01-23,9280,2018-12-21,1945,016292,,5,2,9,5700,0,1,3,,2,023,SR-113,CR-17,230.00,N,N,B,-,Y,,,113,,,,,,,Y,2,0,1,1,A,-,08,22107,,N,F,A,A,B,H,-,D,A,0,,,Y,,Y,,C,02,1,0,0,0,0,0,0,0,1,"- ","- ",38.736000061035156,-121.77590179443359,YOLO,UNINCORPORATED,-121.77584075927734,38.736019134521484
90917724,2018,2019-02-13,9280,2018-08-09,2121,015079,,4,2,9,5700,0,1,1,,2,010,"I-80 E/B","WEBSTER U/C",11088.00,E,N,A,-,Y,,,80,,,,,,E,Y,1,1,1,3,A,-,01,23152,A,N,C,E,E,A,H,-,D,D,0,Y,,,,Y,Y,A,01,1,0,0,0,1,0,0,0,0,"- ","- ",38.569801330566406,-121.60220336914062,YOLO,UNINCORPORATED,-121.60221862792969,38.569889068603516
90918829,2018,2019-02-04,9280,2018-10-19,0420,017964,,5,3,9,5700,0,1,1,,2,020,"I-5 N/B","COUNTY ROAD 17",690.00,S,N,A,-,Y,,,5,,,,,,N,Y,2,0,3,2,A,-,01,23152,F,N,A,C,A,A,H,-,D,A,0,,,,,Y,,A,01,3,0,0,0,0,0,0,0,0,"- ","- ",38.733638763427734,-121.81678009033203,YOLO,UNINCORPORATED,-121.81668853759766,38.733737945556641
90930882,2019,2019-02-21,9280,2019-02-15,2315,019986,,5,3,9,5700,0,1,3,,2,013,"JEFFERSON BLVD.","CENTRAL AVE",1256.00,N,N,B,-,N,,,,,,,,,,Y,2,0,1,1,A,-,01,23152,A,N,E,I,A,A,H,-,D,D,0,,,,,Y,Y,D,22,1,0,0,0,0,0,0,0,0,"- ","- ",38.396228790283203,-121.58290100097656,YOLO,UNINCORPORATED,-121.58283233642578,38.396167755126953
90944412,2018,2019-03-13,9280,2018-09-27,1548,020830,,4,2,4,5703,0,1,1,,2,020,"INTERSTATE 5 (S/B)","COUNTY ROAD 102",1426.00,N,N,A,-,Y,,,5,,,,,,,Y,1,1,2,4,A,-,03,22350,,F,C,C,A,A,H,-,A,D,0,,,,,Y,Y,D,22,1,0,1,0,0,0,0,0,0,"- ","- ",38.673709869384766,-121.73374938964844,YOLO,WOODLAND,-121.73374938964844,38.673686981201172
90946181,2019,2019-03-14,9280,2019-03-06,0650,017964,,3,1,4,5704,0,1,2,,2,011,"US-50 W/B","DREVER ST",10.00,W,N,B,C,Y,,,50,,,,,,W,Y,2,0,2,2,A,-,08,22107,,N,E,I,A,B,H,-,A,A,0,,,,,Y,,A,01,1,0,1,0,0,0,0,0,0,"- ","- ",38.576541900634766,-121.52194213867188,YOLO,"WEST SACRAMENTO",-121.52197265625,38.576469421386719
90949826,2018,2019-06-17,9280,2018-09-07,1438,015128,,5,2,9,5700,0,2,4,,2,025,CR-98,CR-25A,2640.00,N,N,A,-,N,,,,,,,,,,Y,1,1,1,3,A,-,01,23152,F,N,A,C,A,A,H,-,A,D,0,,,,Y,Y,,A,01,0,1,0,0,0,0,0,0,0,"- ","- ",38.648178100585938,-121.80261993408203,YOLO,UNINCORPORATED,-121.80266571044922,38.648658752441406
90952564,2019,2019-03-25,9280,2019-03-17,1310,015079,,7,1,9,5700,0,1,3,,2,034,"SR-16 E/B","COUNTY ROAD 95",0.00,,Y,A,-,Y,,,16,,,,,,E,Y,2,0,2,2,A,-,05,21752,D,N,D,C,A,A,H,-,A,A,0,,,Y,,Y,,C,02,1,1,0,0,0,0,0,0,2,"- ","- ",38.676078796386719,-121.85804748535156,YOLO,UNINCORPORATED,-121.85804748535156,38.676082611083984
90960993,2019,2019-04-04,9280,2019-04-02,2310,015353,,2,3,9,5700,0,3,5,,2,002,"COUNTY ROAD 32A","COUNTY ROAD 105",1584.00,E,N,A,-,N,,,80,,,,,,,Y,2,0,2,1,A,-,01,23153,A,N,E,I,A,A,H,-,D,D,0,,,,,Y,Y,A,01,1,1,0,0,0,0,0,0,0,"- ","- ",38.558891296386719,-121.66976165771484,YOLO,UNINCORPORATED,-121.66970062255859,38.558601379394531
90962704,2019,2019-04-08,9280,2019-03-27,1341,016144,,3,1,9,5700,0,1,3,,2,034,SR-16,"COUNTY ROAD 68",1644.00,W,N,A,-,Y,,,16,,,,,,,Y,2,0,3,2,A,-,08,22107,,N,C,C,A,A,H,-,A,D,0,,,,,Y,,A,01,1,0,2,0,0,0,0,0,0,"- ","- ",38.790851593017578,-122.17893218994141,YOLO,UNINCORPORATED,-122.17894744873047,38.790843963623047
90973850,2019,2019-04-24,9280,2019-04-17,0923,019621,,3,1,4,5703,0,1,1,,2,020,"I-5 N/B","COUNTY ROAD 102",4224.00,S,N,A,-,Y,,,5,,,,,,N,Y,2,0,4,4,A,-,03,22350,,N,C,C,A,A,H,-,A,D,0,,,,,Y,,A,01,1,3,0,0,0,0,0,0,0,"- ","- ",38.673259735107422,-121.71437072753906,YOLO,WOODLAND,-121.71437072753906,38.673851013183594
90977366,2019,2019-04-29,9280,2019-04-18,0210,017629,,4,3,9,5700,0,1,1,,2,010,"I-80 W/B","ENTERPRISE BLVD",12672.00,W,N,A,-,Y,,,80,,,,,,W,Y,2,0,4,1,A,-,01,23152,A,N,E,I,A,A,H,-,C,D,0,,,,,Y,Y,A,01,2,2,0,0,0,0,0,0,0,"- ","- ",38.566570281982422,-121.62203216552734,YOLO,UNINCORPORATED,-121.62201690673828,38.566493988037109
90982166,2019,2019-05-06,9280,2019-04-26,1325,019094,,5,1,9,5700,0,3,5,,2,003,"JEFFERSON BLVD.","COURTLAND RD.",0.00,,Y,A,-,N,,,,,,,,,,Y,2,0,1,2,A,-,09,21801,A,N,D,C,A,A,H,-,A,A,0,,,Y,,Y,,A,01,1,0,0,0,0,0,0,0,1,"- ","- ",38.342601776123047,-121.58492279052734,YOLO,UNINCORPORATED,-121.58490753173828,38.34259033203125
90993971,2019,2019-06-03,9280,2019-01-25,0645,017963,,5,1,9,5700,0,3,5,,2,003,"COUNTY ROAD 19","COUNTY ROAD 92C",2165.00,W,N,A,-,N,,,,,,,,,,Y,1,1,4,3,A,-,05,21460,A,N,A,C,A,A,H,-,D,D,0,,,,,Y,,A,01,1,0,3,0,0,0,0,0,0,"- ","- ",38.712329864501953,-121.906982421875,YOLO,UNINCORPORATED,-121.90750122070312,38.712421417236328
90997692,2019,2019-05-29,9280,2019-04-30,1350,018205,,2,1,9,5700,0,3,5,,2,003,"COUNTY ROAD 88B","ROAD 4",0.00,,Y,A,-,N,,,,,,,,,,Y,2,0,1,2,A,-,09,21802,A,F,D,D,A,A,H,-,A,A,0,,,,,Y,,D,22,1,0,0,0,0,0,0,0,0,"- ","- ",38.896240234375,-121.98361206054688,YOLO,UNINCORPORATED,-121.98354339599609,38.896209716796875
91005355,2019,2019-06-07,9280,2019-05-30,1619,016144,,4,2,9,5700,0,3,5,,2,003,"COUNTY ROAD 87","OAKDALE RANCH LN",265.00,S,N,A,-,N,,,,,,,,,,Y,2,0,1,1,A,-,08,22107,,N,F,A,A,A,H,-,A,D,0,,,,,Y,,D,22,1,0,0,0,0,0,0,0,0,"- ","- ",38.708209991455078,-122.01303863525391,YOLO,UNINCORPORATED,-122.01298522949219,38.708599090576172
91011155,2019,2019-06-17,9280,2019-06-09,1750,019919,,7,2,9,5700,0,3,5,,2,002,"GIBSON ROAD (CR-24)","ROAD 94C",418.00,E,N,A,-,N,,,,,,,,,,Y,2,0,2,1,A,-,08,22107,,N,F,A,A,A,H,-,A,D,0,,,,,Y,Y,D,22,1,1,0,0,0,0,0,0,0,"- ","- ",38.663459777832031,-121.86750793457031,YOLO,UNINCORPORATED,-121.86817169189453,38.663372039794922
91025144,2019,2019-08-21,9280,2019-07-01,0625,016245,,1,1,9,5700,0,1,1,,2,010,"I-80 W/B","WEST CAPITOL AVE.",5280.00,W,N,A,-,Y,,,80,,,,,,W,Y,2,0,1,2,A,-,07,21658,A,N,B,C,A,A,H,-,A,D,0,,,Y,,Y,,A,01,1,0,0,0,0,0,0,0,1,"- ","- ",38.569831848144531,-121.60331726074219,YOLO,UNINCORPORATED,-121.60332489013672,38.569839477539062
91041442,2019,2019-07-30,9280,2019-07-21,1400,021276,,7,2,4,5704,0,1,2,,2,011,"US-50 W/B","WB I-80 TO EB US-50 FLYOVER",810.00,E,N,A,-,Y,,,50,,,,,,W,Y,2,0,4,3,A,-,03,22350,,N,C,C,A,A,H,-,A,D,0,,,,,Y,,A,01,1,1,2,0,0,0,0,0,0,"- ","- ",38.575351715087891,-121.5599365234375,YOLO,"WEST SACRAMENTO",-121.5599365234375,38.575393676757812
91050003,2019,2019-08-12,9280,2019-08-01,1545,019919,,4,2,9,5700,0,1,1,,2,010,"I-80 E/B","MACE BLVD.",13200.00,E,N,A,-,Y,,,80,,,,,,E,Y,2,0,1,2,A,-,03,22350,,N,C,C,A,A,H,-,A,D,0,,,Y,,Y,,C,02,1,0,0,0,0,0,0,0,1,"- ","- ",38.561630249023438,-121.64884948730469,YOLO,UNINCORPORATED,-121.64882659912109,38.561492919921875
91057509,2019,2019-09-09,9280,2019-08-15,0925,016289,,4,1,4,5704,0,1,2,,2,011,"US-50 W/B","HARBOR BOULEVARD",900.00,W,N,A,-,Y,,,50,,,,,,W,Y,2,0,2,3,A,-,03,22350,,N,C,C,A,A,H,-,A,D,0,,,,,Y,,A,01,1,0,1,0,0,0,0,0,0,"- ","- ",38.575019836425781,-121.55306243896484,YOLO,"WEST SACRAMENTO",-121.55306243896484,38.575126647949219
91059228,2019,2019-09-30,9280,2019-05-08,1955,019919,,3,2,9,5700,0,3,5,,2,001,"SOUTH RIVER ROAD","COUNTY ROAD 141",6864.00,S,N,A,-,N,,,,,,,,,,Y,1,1,2,1,A,-,01,23152,G,N,E,I,A,A,H,-,C,D,0,,,,,Y,Y,A,01,1,1,0,0,0,0,0,0,0,"- ","- ",38.387641906738281,-121.51606750488281,YOLO,UNINCORPORATED,-121.515380859375,38.38934326171875
91064485,2019,2019-08-30,9280,2019-08-22,0011,017964,,4,3,9,5700,0,3,5,,2,002,"COUNTY ROAD 99","COUNTY ROAD 29",250.00,N,N,A,-,N,,,,,,,,,,Y,2,0,1,1,A,-,01,23152,A,N,F,A,A,A,H,-,D,D,0,,,,,Y,Y,A,01,1,0,0,0,0,0,0,0,0,"- ","- ",38.591091156005859,-121.78563690185547,YOLO,UNINCORPORATED,-121.78564453125,38.591087341308594
91065112,2019,2019-09-02,9280,2019-08-12,1148,018157,,1,1,4,5704,0,1,1,,2,010,"I-80 W/B","REED AVE",1056.00,E,N,A,-,Y,,,80,,,,,,W,Y,2,0,5,6,A,-,03,22350,,N,C,C,A,A,H,-,A,D,0,,,,Y,Y,,A,07,1,1,3,0,0,0,0,0,0,"- ","- ",38.596168518066406,-121.54959106445312,YOLO,"WEST SACRAMENTO",-121.54958343505859,38.596164703369141
91071797,2019,2019-09-10,9280,2019-08-30,1730,019919,,5,2,9,5700,0,1,1,,2,020,"I-5 S/B","COUNTY ROAD 102",2640.00,S,N,A,-,Y,,,5,,,,,,S,Y,2,0,3,2,A,-,03,22350,,N,C,C,A,A,H,-,A,D,0,,,,Y,Y,,G,25,1,2,0,0,0,0,0,0,0,"- ","- ",38.673381805419922,-121.72171783447266,YOLO,UNINCORPORATED,-121.72171783447266,38.673637390136719
91085896,2019,2019-10-03,9280,2019-05-10,2250,018205,,5,3,5,5701,0,1,1,,2,010,"INTERSTATE 80 W/B","DAVE PELZ BICYCLE BRIDGE",2112.00,W,N,A,-,Y,,,80,,,,,,W,Y,1,3,1,1,A,-,08,22107,,N,E,I,A,A,H,-,D,D,0,,,,,Y,,A,01,1,0,0,0,0,0,0,0,0,"- ","- ",38.548660278320312,-121.71421051025391,YOLO,DAVIS,-121.71418762207031,38.548576354980469
91086450,2019,2019-10-01,9280,2019-07-05,0445,017964,,5,3,4,5704,0,1,2,,2,011,"US-50 E/B",I-80,1164.00,E,N,A,-,Y,,,50,,,,,,E,N,1,1,0,3,A,-,11,21954,A,N,G,B,E,A,H,-,D,A,0,Y,,,Y,Y,,N,60,0,0,0,1,0,0,0,0,0,"- ","- ",38.575389862060547,-121.56793975830078,YOLO,"WEST SACRAMENTO",-121.56793975830078,38.575462341308594
91086712,2019,2019-09-30,9280,2019-09-21,1030,015492,,6,1,9,5700,0,3,5,,2,003,"COUNTY ROAD 14","COUNTY ROAD 88",300.00,W,N,A,G,N,,,,,,,,,,N,2,0,1,1,C,-,18,,,N,F,A,A,A,H,-,A,D,0,,Y,,,Y,,-,"- ",1,0,0,0,0,0,1,0,0,"- ","- ",38.780681610107422,-121.98964691162109,YOLO,UNINCORPORATED,-121.98972320556641,38.780719757080078
91086755,2019,2019-09-30,9280,2019-06-19,1120,018352,,3,1,9,5700,0,2,4,,1,021,"COUNTY ROAD 102","COUNTY ROAD 27",0.00,,Y,A,-,N,,,,,,,,,,Y,1,2,1,2,A,-,09,21802,A,N,D,C,A,A,H,-,A,A,0,,,,,Y,,A,01,0,0,1,0,0,0,0,0,0,"- ","- ",38.618839263916016,-121.72968292236328,YOLO,UNINCORPORATED,-121.72969818115234,38.618858337402344
91088470,2019,2019-10-02,9280,2019-09-20,2359,019797,,5,3,9,5700,0,1,3,,2,022,"SR-113 N/B","COUNTY ROAD 27 O/C",5280.00,S,N,A,-,Y,,,113,,,,,,N,Y,2,0,1,1,A,-,08,22107,,N,E,I,A,A,H,-,D,D,0,,,,,Y,,D,22,1,0,0,0,0,0,0,0,0,"- ","- ",38.604698181152344,-121.76670074462891,YOLO,UNINCORPORATED,-121.76683807373047,38.604701995849609