CASE_ID,ACCIDENT_YEAR,PROC_DATE,JURIS,COLLISION_DATE,COLLISION_TIME,OFFICER_ID,REPORTING_DISTRICT,DAY_OF_WEEK,CHP_SHIFT,POPULATION,CNTY_CITY_LOC,SPECIAL_COND,BEAT_TYPE,CHP_BEAT_TYPE,CITY_DIVISION_LAPD,CHP_BEAT_CLASS,BEAT_NUMBER,PRIMARY_RD,SECONDARY_RD,DISTANCE,DIRECTION,INTERSECTION,WEATHER_1,WEATHER_2,STATE_HWY_IND,CALTRANS_COUNTY,CALTRANS_DISTRICT,STATE_ROUTE,ROUTE_SUFFIX,POSTMILE_PREFIX,POSTMILE,LOCATION_TYPE,RAMP_INTERSECTION,SIDE_OF_HWY,TOW_AWAY,COLLISION_SEVERITY,NUMBER_KILLED,NUMBER_INJURED,PARTY_COUNT,PRIMARY_COLL_FACTOR,PCF_CODE_OF_VIOL,PCF_VIOL_CATEGORY,PCF_VIOLATION,PCF_VIOL_SUBSECTION,HIT_AND_RUN,TYPE_OF_COLLISION,MVIW,PED_ACTION,ROAD_SURFACE,ROAD_COND_1,ROAD_COND_2,LIGHTING,CONTROL_DEVICE,CHP_ROAD_TYPE,PEDESTRIAN_ACCIDENT,BICYCLE_ACCIDENT,MOTORCYCLE_ACCIDENT,TRUCK_ACCIDENT,NOT_PRIVATE_PROPERTY,ALCOHOL_INVOLVED,STWD_VEHTYPE_AT_FAULT,CHP_VEHTYPE_AT_FAULT,COUNT_SEVERE_INJ,COUNT_VISIBLE_INJ,COUNT_COMPLAINT_PAIN,COUNT_PED_KILLED,COUNT_PED_INJURED,COUNT_BICYCLIST_KILLED,COUNT_BICYCLIST_INJURED,COUNT_MC_KILLED,COUNT_MC_INJURED,PRIMARY_RAMP,SECONDARY_RAMP,LATITUDE,LONGITUDE,COUNTY,CITY,POINT_X,POINT_Y
91094568,2019,2019-10-10,9280,2019-04-10,0155,021277,,3,3,4,5704,0,1,2,,2,011,"US-50 W/B","I-80 W/B TO US-50 E/B",959.00,E,N,A,-,Y,,,50,,,,,,W,N,1,1,0,2,A,-,03,22350,,F,G,B,E,A,H,-,C,D,0,Y,,,,Y,Y,A,01,0,0,0,1,0,0,0,0,0,"- ","- ",38.575260162353516,-121.55912017822266,YOLO,"WEST SACRAMENTO",-121.55911254882812,38.575347900390625
91095210,2019,2019-10-11,9280,2019-09-23,0015,017351,,1,3,4,5704,0,1,2,,2,011,"US 50 W/B","HARBOR BLVD",3168.00,E,N,A,-,Y,,,,,,,,,,Y,2,0,2,2,A,-,01,23152,A,N,A,C,A,A,H,-,C,D,0,,,,,Y,Y,A,01,2,0,0,0,0,0,0,0,0,"- ","- ",38.575229644775391,-121.53563690185547,YOLO,"WEST SACRAMENTO",-121.53756713867188,38.575130462646484
91098438,2019,2019-10-16,9280,2019-10-07,1542,019919,,1,2,9,5700,0,3,5,,2,002,"COUNTY ROAD 25A","EAST ST",2640.00,W,N,A,-,N,,,,,,,,,,Y,2,0,1,1,A,-,08,22107,,N,E,I,A,A,H,-,A,D,0,,,,,Y,,A,01,1,0,0,0,0,0,0,0,0,"- ","- ",38.64093017578125,-121.77517700195312,YOLO,UNINCORPORATED,-121.77538299560547,38.641143798828125
91106749,2019,2019-10-25,9280,2019-10-17,2157,015353,,4,2,9,5700,0,3,5,,2,003,SR-16,"COUNTY ROAD 85B",0.00,,Y,A,-,Y,,,,,,,,,,Y,2,0,2,1,A,-,03,22350,,F,H,A,A,A,H,-,D,D,0,,,,,Y,Y,A,01,1,1,0,0,0,0,0,0,0,"- ","- ",38.704879760742188,-121.03608703613281,YOLO,UNINCORPORATED,-122.03600311279297,38.704769134521484
91118181,2019,2019-11-12,9280,2019-11-02,1115,015492,,6,1,9,5700,0,1,3,,2,032,SR-128,"COUNTY ROAD 86",12144.00,W,N,A,-,Y,,,128,,,,,,,Y,2,0,1,1,A,-,08,22107,,N,E,I,A,A,H,-,A,A,0,,,Y,,Y,,C,02,1,0,0,0,0,0,0,0,1,"- ","- ",38.517719268798828,-122.05702972412109,YOLO,UNINCORPORATED,-122.05702972412109,38.517711639404297
91119060,2019,2019-11-13,9280,2019-11-02,1645,015128,,6,2,9,5700,0,3,5,,2,002,CR-27,"ROSE LN",200.00,W,N,A,-,N,,,,,,,,,,N,2,0,1,2,A,-,11,21954,A,N,G,B,E,A,H,-,A,D,0,Y,,,,Y,,N,60,1,0,0,0,1,0,0,0,0,"- ","- ",38.619300842285156,-121.77120208740234,YOLO,UNINCORPORATED,-121.77050018310547,38.619335174560547
91123623,2019,2019-11-19,9280,2019-11-10,0050,018205,,7,3,5,5701,0,1,1,,2,010,"INTERSTATE 80 W/B","MACE BLVD",4300.00,W,N,A,-,Y,,,80,,,,,,W,Y,2,0,1,2,A,-,03,22350,,N,C,C,A,A,H,-,C,D,0,,,,,Y,Y,A,01,1,0,0,0,0,0,0,0,0,"- ","- ",38.549770355224609,-121.70942687988281,YOLO,DAVIS,-121.70940399169922,38.549644470214844
91137636,2019,2019-12-06,9280,2019-11-28,2045,016144,,4,2,9,5700,0,3,5,,2,003,"COUNTY ROAD 87","COUNTY ROAD 19",528.00,N,N,A,-,N,,,,,,,,,,Y,2,0,1,1,A,-,01,23152,A,N,E,I,A,A,H,-,D,D,0,,,,,Y,Y,A,01,1,0,0,0,0,0,0,0,0,"- ","- ",38.734851837158203,-122.00592041015625,YOLO,UNINCORPORATED,-122.00590515136719,38.735069274902344
91141336,2019,2019-12-11,9280,2019-11-29,1510,018866,,5,2,9,5700,0,3,5,,2,002,"COUNTY ROAD 99D","COUNTY ROAD 29",25.00,S,N,B,-,N,,,,,,,,,,Y,2,0,1,1,A,-,01,23152,A,N,E,I,A,A,H,-,A,D,0,,,,,Y,Y,A,01,1,0,0,0,0,0,0,0,0,"- ","- ",38.590099334716797,-121.77043914794922,YOLO,UNINCORPORATED,-121.77052307128906,38.590190887451172
91166891,2020,2020-01-16,9280,2020-01-07,1800,015492,,2,2,9,5700,0,1,3,,2,034,SR-16,"COUNTY ROAD 78A",380.00,W,N,A,-,Y,,,16,,,,,,,Y,2,0,2,2,A,-,21,22106,,N,D,C,A,A,H,-,D,D,0,,,,Y,Y,,F,26,1,1,0,0,0,0,0,0,0,"- ","- ",38.72222900390625,-122.13896179199219,YOLO,UNINCORPORATED,-122.13892364501953,38.722244262695312
91173095,2020,2020-01-24,9280,2020-01-14,1105,015079,,2,1,9,5700,0,1,3,,2,034,SR-16,"COUNTY ROAD 80",32.00,W,N,A,-,Y,,,16,,,,,,,Y,2,0,2,2,A,-,05,21650,,N,A,C,A,A,H,-,A,D,0,,,,,Y,,A,07,2,0,0,0,0,0,0,0,0,"- ","- ",38.709499359130859,-122.12210083007812,YOLO,UNINCORPORATED,-122.12210845947266,38.709491729736328
91182697,2020,2020-02-07,9280,2020-01-29,0705,016214,,3,1,9,5700,0,1,1,,2,020,"COUNTY ROAD 102 N/B","ROAD 16",111.00,N,N,B,-,N,,,,,,,,,,Y,2,0,1,2,A,-,03,22350,,N,C,C,A,A,H,-,A,D,0,,,,Y,Y,,G,27,1,0,0,0,0,0,0,0,0,"- ","- ",38.749069213867188,-121.72937774658203,YOLO,UNINCORPORATED,-121.72938537597656,38.749103546142578
91183875,2020,2020-02-10,9280,2020-01-27,2050,013927,,1,2,9,5700,0,3,5,,2,002,"COUNTY ROAD 22","COUNTY ROAD 117",2640.00,W,N,A,-,N,,,,,,,,,,Y,2,0,1,1,A,-,08,22107,,N,E,I,A,A,H,-,D,D,0,,,,,Y,,A,01,1,0,0,0,0,0,0,0,0,"- ","- ",38.677600860595703,-121.63999938964844,YOLO,UNINCORPORATED,-121.64002227783203,38.676666259765625
91200152,2020,2020-03-02,9280,2020-02-19,1210,015128,,3,1,9,5700,0,1,3,,2,034,SR-16,CR-80,80.00,E,N,A,-,Y,,,,,,,,,,Y,2,0,2,2,A,-,01,23152,F,N,D,C,A,A,H,-,A,D,0,,,,,Y,,A,01,1,1,0,0,0,0,0,0,0,"- ","- ",38.709320068359375,-121.12193298339844,YOLO,UNINCORPORATED,-122.12188720703125,38.709285736083984
91209974,2020,2020-03-17,9280,2020-03-09,0654,015079,,1,1,9,5700,0,1,1,,2,020,"I-5 N/B","WEST ST",3300.00,N,N,A,-,Y,,,5,,,,,,N,Y,2,0,1,1,A,-,08,22107,,N,F,A,A,A,H,-,B,D,0,,,,,Y,,A,01,1,0,0,0,0,0,0,0,0,"- ","- ",38.710048675537109,-121.79131317138672,YOLO,UNINCORPORATED,-121.79119873046875,38.710170745849609
91218418,2020,2020-03-30,9280,2020-03-07,0114,015353,,6,3,9,5700,0,1,1,,2,020,"I-5 S/B","COUNTY ROAD 103",5808.00,S,N,A,-,Y,,,5,,,,,,S,Y,2,0,1,2,A,-,03,22350,,F,C,C,A,A,H,-,D,D,0,,,,,Y,Y,A,01,1,0,0,0,0,0,0,0,0,"- ","- ",38.673309326171875,-121.68817138671875,YOLO,UNINCORPORATED,-121.68817138671875,38.673458099365234
91219903,2020,2020-04-02,9280,2020-03-24,2208,019797,,2,3,9,5700,0,1,1,,2,010,"I-80 E/B","WEBSTER U/C",2376.00,E,N,A,-,Y,,,80,,,,,,E,N,2,0,2,3,C,-,18,,,F,G,B,E,A,G,-,D,D,0,Y,,,,Y,Y,-,"- ",1,1,0,0,2,0,0,0,0,"- ","- ",38.564769744873047,-121.63008117675781,YOLO,UNINCORPORATED,-121.63009643554688,38.56488037109375
91226107,2020,2020-04-15,9280,2020-04-04,0945,015437,,6,1,9,5700,0,1,3,,2,034,"STATE ROUTE 16","COUNTY ROAD 89",0.00,,Y,B,C,Y,,,16,,,,,,,Y,2,0,1,1,A,-,01,23152,A,N,E,I,A,B,H,-,A,A,0,,,,,Y,Y,A,01,1,0,0,0,0,0,0,0,0,"- ","- ",38.681720733642578,-121.96726989746094,YOLO,UNINCORPORATED,-121.96726226806641,38.681747436523438
91226352,2019,2020-04-23,9280,2019-12-17,0126,019797,,2,3,9,5700,0,1,3,,2,034,"STATE ROUTE 16","COUNTY ROAD 90",528.00,W,N,A,-,Y,,,16,,,,,,,N,1,1,0,2,C,-,18,,,N,G,B,E,A,H,-,D,D,0,Y,,,,Y,Y,-,"- ",0,0,0,1,0,0,0,0,0,"- ","- ",38.680301666259766,-121.95649719238281,YOLO,UNINCORPORATED,-121.95650482177734,38.680271148681641
91234990,2020,2020-05-07,9280,2020-04-28,1200,013927,,2,1,9,5700,0,3,5,,2,003,"COUNTY ROAD 24","COUNTY ROAD 94B",0.00,,Y,A,-,N,,,,,,,,,,Y,2,0,1,2,A,-,03,22350,,N,B,C,A,A,H,-,A,D,0,,,,,Y,,A,01,1,0,0,0,0,0,0,0,0,"- ","- ",38.663490295410156,-121.87104797363281,YOLO,UNINCORPORATED,-121.87109375,38.663398742675781
91237080,2020,2020-05-13,9280,2020-05-03,2020,019478,,7,2,9,5700,0,3,5,,2,003,"COUNTY ROAD 19","COUNTY ROAD 92C",76.00,W,N,A,-,N,,,,,,,,,,Y,2,0,1,1,A,-,01,23152,A,M,E,I,A,A,H,-,D,D,0,,,,,Y,Y,A,07,1,0,0,0,0,0,0,0,0,"- ","- ",38.711299896240234,-121.90041351318359,YOLO,UNINCORPORATED,-121.90029907226562,38.711357116699219
91237388,2020,2020-07-22,9280,2020-05-05,0800,017964,,2,1,9,5700,0,1,1,,2,010,"I-80 W/B","COUNTY ROAD 32A",800.00,E,N,A,-,Y,,,80,,,,,,W,N,2,0,1,2,A,-,07,21658,A,N,B,C,A,A,H,-,A,A,0,,,Y,,Y,,A,01,1,0,0,0,0,0,0,0,1,"- ","- ",38.563991546630859,-121.63588714599609,YOLO,UNINCORPORATED,-121.63589477539062,38.564010620117188
91242520,2020,2020-06-22,9280,2020-02-22,1950,018352,,6,2,5,5701,0,1,1,,2,010,"I-80 E/B","MACE BLVD",5597.00,E,N,A,-,Y,,,80,,,,,,E,Y,1,1,1,1,A,-,01,23152,F,N,E,I,A,A,H,-,D,D,0,,,,,Y,,A,01,0,0,1,0,0,0,0,0,0,"- ","- ",38.557029724121094,-121.67562103271484,YOLO,DAVIS,-121.67564392089844,38.557125091552734
91248294,2020,2020-09-14,9280,2020-05-12,1040,017963,,2,1,9,5700,0,1,3,,2,034,SR-16,"COUNTY ROAD 57",1584.00,E,N,B,G,Y,,,16,,,,,,,Y,1,1,0,1,A,-,01,23152,G,N,E,I,A,A,H,-,A,D,0,,,Y,,Y,Y,C,02,0,0,0,0,0,0,0,1,0,"- ","- ",38.821739196777344,-122.18668365478516,YOLO,UNINCORPORATED,-122.18675231933594,38.821689605712891
91248948,2020,2020-06-08,9280,2020-02-14,1625,019377,,5,2,4,5703,0,1,1,,2,020,"I-5 SOUTHBOUND",CR-103,1901.00,N,N,A,-,Y,,,5,,,,,,S,Y,1,1,4,3,A,-,03,22350,,N,C,C,A,A,H,-,A,D,0,,,,,Y,,A,08,2,2,0,0,0,0,0,0,0,"- ","- ",38.673641204833984,-121.71604919433594,YOLO,WOODLAND,-121.71604919433594,38.673610687255859
91268951,2020,2020-07-15,9280,2020-07-07,1145,015437,,2,1,9,5700,0,3,5,,2,002,"COUNTY ROAD 99","COVELL BLVD",7392.00,N,N,A,-,N,,,,,,,,,,Y,2,0,1,1,A,-,08,22107,,N,E,I,A,A,H,-,A,D,0,,,,,Y,,A,01,1,0,0,0,0,0,0,0,0,"- ","- ",38.581840515136719,-121.78585815429688,YOLO,UNINCORPORATED,-121.78585052490234,38.581428527832031
91270221,2020,2020-07-20,9280,2020-07-11,1830,017874,,6,2,9,5700,0,1,3,,2,034,"STATE ROUTE 16","WINNERS WAY",0.00,,Y,A,-,Y,,,16,,,,,,,Y,2,0,2,2,A,-,12,21453,A,N,D,C,A,A,H,-,A,A,0,,,,,Y,,A,07,2,0,0,0,0,0,0,0,0,"- ","- ",38.735771179199219,-122.14466857910156,YOLO,UNINCORPORATED,-122.14476776123047,38.735729217529297
91270599,2020,2020-07-17,9280,2020-06-20,1325,019377,,6,1,4,5704,0,1,2,,2,011,US-50,"JEFFERSON BLVD",680.00,W,N,A,-,Y,,,50,,,,,,,Y,2,0,1,2,A,-,08,22107,,F,B,C,A,A,H,-,A,D,0,,,,,Y,,A,01,1,0,0,0,0,0,0,0,0,"- ","- ",38.577018737792969,-121.5277099609375,YOLO,"WEST SACRAMENTO",-121.52770233154297,38.576972961425781
91275947,2020,2020-07-28,9280,2020-07-19,0505,019720,,7,3,4,5704,0,1,2,,2,011,"US-50 E/B","JEEFERSON BLVD U/C",330.00,E,N,A,-,Y,,,50,,,,,,E,Y,2,0,1,1,A,-,01,23152,A,N,E,I,A,A,H,-,D,D,0,,,,,Y,Y,A,01,1,0,0,0,0,0,0,0,0,"- ","- ",38.576400756835938,-121.52261352539062,YOLO,"WEST SACRAMENTO",-121.52257537841797,38.576499938964844
91282514,2020,2020-08-07,9280,2020-07-30,1140,015437,,4,1,9,5700,0,3,5,,2,003,"COUNTY ROAD 89","COUNTY ROAD 31",1109.00,S,N,A,-,N,,,,,,,,,,Y,2,0,1,2,A,-,08,22107,,N,B,C,A,A,H,-,A,D,0,,,,,Y,,A,01,1,0,0,0,0,0,0,0,0,"- ","- ",38.557941436767578,-121.97129058837891,YOLO,UNINCORPORATED,-121.97124481201172,38.558742523193359
91282595,2020,2020-08-07,9280,2020-08-02,1849,021265,,7,2,9,5700,0,3,5,,2,003,"SR-128 W/B","POSITAS RD",528.00,E,N,A,-,Y,,,128,,,,,,W,Y,2,0,2,1,A,-,08,22107,,N,F,J,A,A,H,-,A,D,0,,,,,Y,,A,01,2,0,0,0,0,0,0,0,0,"- ","- ",38.494899749755859,-122.0260009765625,YOLO,UNINCORPORATED,-122.0260009765625,38.494911193847656
91299430,2020,2020-09-04,9280,2020-08-26,0058,019986,,3,3,9,5700,0,1,3,,2,023,"COUNTY ROAD 102","HAROLD PARKWAY",1.00,S,N,A,-,N,,,,,,,,,,Y,2,0,2,1,A,-,08,22107,,N,E,J,A,A,H,-,D,D,0,,,,,Y,,A,01,1,1,0,0,0,0,0,0,0,"- ","- ",38.789409637451172,-121.72840118408203,YOLO,UNINCORPORATED,-121.72824096679688,38.789321899414062
91308867,2020,2020-09-22,9280,2020-09-16,1220,018316,,3,1,9,5700,0,1,1,,2,030,"I-5 S/B","COUNTY ROAD 8",3062.00,N,N,A,-,Y,,,5,,,,,,S,Y,2,0,2,2,A,-,03,22350,,N,C,C,A,A,H,-,A,D,0,,,,,Y,,D,22,1,0,1,0,0,0,0,0,0,"- ","- ",38.867530822753906,-121.96070098876953,YOLO,UNINCORPORATED,-121.96053314208984,38.867698669433594
91314491,2020,2020-09-29,9280,2020-07-11,1152,017963,,6,1,9,5700,0,3,5,,2,002,"COUNTY ROAD 97","COUNTY ROAD 24",2112.00,S,N,A,-,N,,,,,,,,,,N,1,1,0,1,A,-,01,23152,A,N,E,I,A,A,H,-,A,D,0,,,,,Y,Y,M,46,0,0,0,0,0,0,0,0,0,"- ","- ",38.656608581542969,-121.82125854492188,YOLO,UNINCORPORATED,-121.82113647460938,38.657478332519531
91320229,2020,2020-10-08,9280,2020-10-03,1725,018157,,6,2,4,5704,0,1,2,,2,011,"US-50 E/B","HARBOR BLVD",528.00,W,N,A,-,Y,,,50,,,,,,E,Y,2,0,1,2,A,-,03,22350,,N,C,C,A,A,H,-,A,D,0,,,Y,,Y,,C,02,1,0,0,0,0,0,0,0,1,"- ","- ",38.57489013671875,-121.55381011962891,YOLO,"WEST SACRAMENTO",-121.55381011962891,38.574947357177734
91325288,2020,2020-10-16,9280,2020-10-10,1735,017874,,6,2,9,5700,0,3,5,,2,003,"SABASTIAN WAY","ANDREW DRIVE",0.00,,Y,A,-,N,,,,,,,,,,N,2,0,1,2,A,-,03,22350,,N,E,E,A,A,H,-,A,D,0,,,Y,,Y,,C,06,1,0,0,0,0,0,0,0,1,"- ","- ",38.695289611816406,-122.02472686767578,YOLO,UNINCORPORATED,-122.024747,38.695320000000002
91339634,2020,2020-11-04,9280,2020-09-09,1808,015079,,3,2,9,5700,0,3,5,,2,002,"OLD RIVER RD","COUNTY ROAD 124",300.00,S,N,A,-,N,,,,,,,,,,Y,1,2,1,2,A,-,01,23152,F,N,A,C,A,A,H,-,A,D,0,,,,,Y,,A,01,1,0,0,0,0,0,0,0,0,"- ","- ",38.660671234130859,-121.61280059814453,YOLO,UNINCORPORATED,-121.61280822753906,38.660675048828125
91346712,2020,2020-11-17,9280,2020-11-09,1810,015492,,1,2,9,5700,0,3,5,,2,003,"COUNTY ROAD 99W","COUNTY ROAD 93B",1320.00,N,N,A,-,N,,,,,,,,,,Y,2,0,2,1,A,-,08,22107,,N,E,I,A,A,H,-,C,D,0,,,,,Y,,A,07,1,1,0,0,0,0,0,0,0,"- ","- ",38.800811767578125,-121.88468933105469,YOLO,UNINCORPORATED,-121.88520812988281,38.801177978515625
91351493,2020,2021-05-27,9280,2020-11-12,1140,019094,,4,1,4,5704,0,1,1,,2,010,"I-80 E/B","ENTERPRISE BLVD U/C",3643.00,E,N,A,-,Y,,,80,,,,,,E,N,2,0,1,3,A,-,07,21658,A,N,B,C,E,A,H,-,A,D,0,Y,,,,Y,,D,22,1,0,0,0,1,0,0,0,0,"- ","- ",38.575290679931641,-121.56501770019531,YOLO,"WEST SACRAMENTO",-121.56503295898438,38.575328826904297
91353033,2020,2021-05-27,9280,2020-11-11,1038,015128,,3,1,9,5700,0,1,3,,1,024,SR-16,CR-95,0.00,,Y,A,-,Y,,,16,,,,,,,Y,2,0,1,2,A,-,09,21802,A,N,D,C,A,A,H,-,A,A,0,,,,,Y,,A,01,1,0,0,0,0,0,0,0,0,"- ","- ",38.676101684570312,-121.85803985595703,YOLO,UNINCORPORATED,-121.8580322265625,38.676090240478516
91353688,2020,2021-05-27,9280,2020-11-23,2150,019720,,1,2,9,5700,0,1,1,,2,010,"I-80 EASTBOUND","WEBSTER UNDERCROSSING",285.00,W,N,A,-,Y,,,80,,,,,,E,Y,2,0,1,1,A,-,08,22107,,N,E,J,A,A,H,-,D,D,0,,,,,Y,,D,22,1,0,0,0,0,0,0,0,0,"- ","- ",38.563068389892578,-121.63966369628906,YOLO,UNINCORPORATED,-121.63967895507812,38.563163757324219
91360130,2020,2021-05-27,9280,2020-11-27,1350,018874,,5,1,5,5701,0,1,1,,2,010,"I-80 E/B","DAVE PELTZ MEMORIAL BICYCLE BRIDGE",2530.00,W,N,A,-,Y,,,80,,,,,,E,Y,2,0,1,2,A,-,07,21658,A,N,C,2,A,A,H,-,A,D,0,,,,,Y,,A,01,1,0,0,0,0,0,0,0,0,"- ","- ",38.547969818115234,-121.71527099609375,YOLO,DAVIS,-121.71530151367188,38.548118591308594
91362280,2020,2020-12-09,9280,2020-09-14,1520,015534,,1,2,9,5700,0,3,5,,2,001,"OLD RIVER RD","COUNTY ROAD 128A",2154.00,S,N,A,-,Y,,,,,,,,,,Y,1,1,0,2,A,-,06,21751,,N,B,C,A,A,H,-,A,D,0,,,,,Y,,A,01,0,0,0,0,0,0,0,0,0,"- ","- ",38.615928649902344,-121.56313323974609,YOLO,UNINCORPORATED,-121.56314086914062,38.615840911865234
91371896,2020,2020-12-21,9280,2020-11-13,1341,016144,,5,1,9,5700,0,3,5,,2,001,"OLD RIVER ROAD","COUNTY ROAD 124",315.00,S,N,B,-,N,,,,,,,,,,Y,1,1,0,1,A,-,08,22107,,N,E,I,A,B,H,-,A,D,0,,,,,Y,,D,22,0,0,0,0,0,0,0,0,0,"- ","- ",38.660659790039062,-121.61247253417969,YOLO,UNINCORPORATED,-121.61275482177734,38.660655975341797
91372572,2020,2021-05-27,9280,2020-12-09,1350,016289,,3,1,5,5701,0,1,1,,2,010,"I-80 E/B","MACE BOULEVARD",1584.00,W,N,B,-,Y,,,80,,,,,,E,Y,2,0,2,3,A,-,03,22350,,N,C,C,A,A,H,-,A,D,0,,,,,Y,,A,08,1,1,0,0,0,0,0,0,0,"- ","- ",38.551578521728516,-121.70021057128906,YOLO,DAVIS,-121.70020294189453,38.551559448242188
9139135,2020,2020-10-23,5704,2020-08-04,0922,06015,,2,5,4,5704,0,0,0,,0,002,"ENTERPRISE BL","LAKE RD",0.00,,Y,A,-,N,,,,,,,,,,N,2,0,1,2,A,-,05,21650,1,N,D,G,A,A,H,-,A,A,0,,Y,,,Y,,L,04,1,0,0,0,0,0,1,0,0,"- ","- ",38.572158813476562,-121.57830047607422,YOLO,"WEST SACRAMENTO",-121.57833099365234,38.572208404541016
91391750,2021,2021-05-27,9280,2021-01-08,1228,015534,,5,1,9,5700,0,1,1,,2,010,"I-80 E/B","ENTERPRISE BLVD",8818.00,W,N,B,-,Y,,,80,,,,,,E,Y,2,0,1,3,A,-,08,22107,,N,B,E,E,A,H,-,A,D,0,Y,,,,Y,,D,22,1,0,0,0,1,0,0,0,0,"- ","- ",38.568790435791016,-121.60781097412109,YOLO,UNINCORPORATED,-121.60782623291016,38.568878173828125
9139513,2020,2020-10-23,5704,2020-08-16,2120,06698,,7,5,4,5704,0,0,0,,0,,"WEST CAPITOL AV","GLIDE AV",0.00,,Y,A,-,N,,,,,,,,,,N,2,0,1,2,A,-,11,21950,B,N,G,B,D,A,H,-,C,D,0,Y,,,,Y,,N,60,1,0,0,0,1,0,0,0,0,"- ","- ",38.579460144042969,-121.54537963867188,YOLO,"WEST SACRAMENTO",-121.54532623291016,38.579509735107422
91399980,2021,2021-05-27,9280,2021-01-26,2215,018205,,2,3,9,5700,0,1,1,,2,010,"INTERSTATE 80 E/B","COUNTY ROAD 32A",2850.00,E,N,C,G,Y,,,80,,,,,,E,Y,2,0,1,1,C,-,18,,,N,F,I,A,B,H,-,D,D,0,,,,Y,Y,,-,"- ",1,0,0,0,0,0,0,0,0,"- ","- ",38.565090179443359,-121.62880706787109,YOLO,UNINCORPORATED,-121.62881469726562,38.565109252929688
91403402,2021,2021-05-27,9280,2021-01-29,2315,021276,,5,3,9,5700,0,3,5,,2,003,"COUNTY ROAD 85","ROAD 15B",3168.00,N,N,A,-,N,,,,,,,,,,Y,2,0,6,2,A,-,05,21650,,N,A,C,A,B,H,-,D,D,0,,,,,Y,,A,07,1,5,0,0,0,0,0,0,0,"- ","- ",38.768421173095703,-122.04402923583984,YOLO,UNINCORPORATED,-122.04407501220703,38.768039703369141
91410374,2021,2021-05-27,9280,2021-02-07,0345,019720,,7,3,9,5700,0,3,5,,2,003,"COUNTY ROAD 93A","COUNTY ROAD 31",1089.00,S,N,A,-,N,,,,,,,,,,Y,2,0,2,1,A,-,01,23152,A,N,F,A,A,A,H,-,D,D,0,,,,,Y,Y,A,01,2,0,0,0,0,0,0,0,0,"- ","- ",38.559558868408203,-121.90061950683594,YOLO,UNINCORPORATED,-121.89967346191406,38.560394287109375
91412974,2021,2021-05-27,9280,2021-02-13,1703,019644,,6,2,5,5701,0,1,1,,2,010,"I-80 E/B","MACE BLVD",2112.00,W,N,A,-,Y,,,80,,,,,,E,Y,2,0,1,2,A,-,03,22350,,N,C,C,A,A,H,-,A,D,0,,,Y,,Y,,A,01,1,0,0,0,0,0,0,0,1,"- ","- ",38.551460266113281,-121.70073699951172,YOLO,DAVIS,-121.70073699951172,38.551433563232422
91419073,2021,2021-03-02,9280,2021-02-19,2320,019986,,5,3,4,5703,0,1,1,,2,020,"I-5 N/B","N. EAST STREET",1795.00,S,N,B,-,Y,,,5,,,,,,N,N,1,1,0,2,A,-,11,21954,A,N,G,B,E,A,H,-,D,D,0,Y,,,,Y,,N,60,0,0,0,1,0,0,0,0,0,"- ","- ",38.694721221923828,-121.76006317138672,YOLO,WOODLAND,-121.76008605957031,38.694675445556641
91433213,2021,2021-05-27,9280,2021-02-18,0721,018352,,4,1,9,5700,0,1,1,,2,020,"I-5 S/B S OF CR103","COUNTY ROAD 103",191.00,S,N,A,-,Y,,,5,,,,R,,S,Y,1,1,0,1,A,-,08,22107,,N,E,I,A,A,H,-,A,D,0,,,,,Y,,A,01,0,0,0,0,0,0,0,0,0,"- ","- ",38.673698425292969,-121.70867919921875,YOLO,UNINCORPORATED,-121.70867919921875,38.673698425292969
91438433,2021,2021-05-27,9280,2021-01-31,0330,019621,,7,3,9,5700,0,3,5,,2,003,"COUNTY ROAD 90A","COUNTY ROAD 19",0.00,,Y,B,-,N,,,,,,,,,,Y,1,1,0,1,A,-,01,23152,G,N,F,A,A,A,H,-,D,A,0,,,,,Y,Y,A,01,0,0,0,0,0,0,0,0,0,"- ","- ",38.719398498535156,-121.95645904541016,YOLO,UNINCORPORATED,-121.95637512207031,38.719402313232422
91443475,2021,2021-05-27,9280,2021-02-01,1548,018157,,1,2,9,5700,0,3,5,,2,003,"COUNTY ROAD 29","COUNTY ROAD 95",0.00,,Y,B,-,N,,,,,,,,,,Y,1,1,1,2,A,-,09,21802,A,N,D,C,A,A,H,-,A,A,0,,,,,Y,,A,07,0,0,1,0,0,0,0,0,0,"- ","- ",38.590671539306641,-121.85859680175781,YOLO,UNINCORPORATED,-121.85865020751953,38.590667724609375
91453035,2021,2021-05-27,9280,2021-04-10,1755,018874,,6,2,5,5701,0,1,1,,2,010,"I-80 EASTBOUND, E/OF MACE BLVD.","MACE BLVD.",6336.00,E,N,A,-,Y,,,,,,,,,,Y,2,0,1,2,A,-,01,23152,A,N,C,C,A,A,H,-,A,D,0,,,Y,,Y,Y,C,02,1,0,0,0,0,0,0,0,1,"- ","- ",38.557868957519531,-121.67218017578125,YOLO,DAVIS,-121.67345428466797,38.557582855224609