CASE_ID,ACCIDENT_YEAR,PROC_DATE,JURIS,COLLISION_DATE,COLLISION_TIME,OFFICER_ID,REPORTING_DISTRICT,DAY_OF_WEEK,CHP_SHIFT,POPULATION,CNTY_CITY_LOC,SPECIAL_COND,BEAT_TYPE,CHP_BEAT_TYPE,CITY_DIVISION_LAPD,CHP_BEAT_CLASS,BEAT_NUMBER,PRIMARY_RD,SECONDARY_RD,DISTANCE,DIRECTION,INTERSECTION,WEATHER_1,WEATHER_2,STATE_HWY_IND,CALTRANS_COUNTY,CALTRANS_DISTRICT,STATE_ROUTE,ROUTE_SUFFIX,POSTMILE_PREFIX,POSTMILE,LOCATION_TYPE,RAMP_INTERSECTION,SIDE_OF_HWY,TOW_AWAY,COLLISION_SEVERITY,NUMBER_KILLED,NUMBER_INJURED,PARTY_COUNT,PRIMARY_COLL_FACTOR,PCF_CODE_OF_VIOL,PCF_VIOL_CATEGORY,PCF_VIOLATION,PCF_VIOL_SUBSECTION,HIT_AND_RUN,TYPE_OF_COLLISION,MVIW,PED_ACTION,ROAD_SURFACE,ROAD_COND_1,ROAD_COND_2,LIGHTING,CONTROL_DEVICE,CHP_ROAD_TYPE,PEDESTRIAN_ACCIDENT,BICYCLE_ACCIDENT,MOTORCYCLE_ACCIDENT,TRUCK_ACCIDENT,NOT_PRIVATE_PROPERTY,ALCOHOL_INVOLVED,STWD_VEHTYPE_AT_FAULT,CHP_VEHTYPE_AT_FAULT,COUNT_SEVERE_INJ,COUNT_VISIBLE_INJ,COUNT_COMPLAINT_PAIN,COUNT_PED_KILLED,COUNT_PED_INJURED,COUNT_BICYCLIST_KILLED,COUNT_BICYCLIST_INJURED,COUNT_MC_KILLED,COUNT_MC_INJURED,PRIMARY_RAMP,SECONDARY_RAMP,LATITUDE,LONGITUDE,COUNTY,CITY,POINT_X,POINT_Y
91460670,2021,2021-05-27,9280,2021-04-18,1615,017963,,7,2,9,5700,0,3,5,,2,003,"COUNTY ROAD 95","COUNTY ROAD 24",279.00,S,N,A,-,N,,,,,,,,,,Y,2,0,1,1,A,-,01,23152,A,N,H,A,A,A,H,-,A,A,0,,,,,Y,Y,D,22,1,0,0,0,0,0,0,0,0,"- ","- ",38.663379669189453,-121.85807037353516,YOLO,UNINCORPORATED,-121.85813903808594,38.662662506103516
91467235,2021,2021-05-27,9280,2021-04-26,1345,017963,,1,1,9,5700,0,3,5,,2,002,"COUNTY ROAD 101","COUNTY ROAD 15",1265.00,S,N,A,B,N,,,,,,,,,,Y,2,0,1,2,A,-,01,23152,A,N,F,A,A,A,H,-,A,D,0,,,,,Y,Y,A,01,1,0,0,0,0,0,0,0,0,"- ","- ",38.760120391845703,-121.74739074707031,YOLO,UNINCORPORATED,-121.74738311767578,38.760097503662109
91475548,2021,2021-05-18,9280,2021-05-06,0135,015353,,4,3,9,5700,0,1,3,,2,022,"COUNTY ROAD 27","SR-113 TO COUNTY ROAD 27",42.00,E,N,A,-,Y,,,,,,,,,,Y,2,0,1,1,A,-,01,23152,A,N,F,A,A,A,H,-,C,A,0,,,Y,,Y,Y,C,02,1,0,0,0,0,0,0,0,1,"- ","- ",38.619369506835938,-121.76438903808594,YOLO,UNINCORPORATED,-121.76671600341797,38.619300842285156
91481261,2021,2021-05-27,9280,2021-03-13,2500,017964,,6,4,9,5700,0,3,5,,2,001,"WILLOW AVE","WILLOW POINT RD",0.00,,Y,A,-,N,,,,,,,,,,Y,1,1,0,1,A,-,01,23152,A,N,F,A,A,A,H,-,D,A,0,,,Y,,Y,Y,C,02,0,0,0,0,0,0,0,1,0,"- ","- ",38.4256591796875,-121.53572082519531,YOLO,UNINCORPORATED,-121.53592681884766,38.425987243652344
91482042,2021,2021-05-26,9280,2021-02-26,2240,021265,,5,3,4,5703,0,1,1,,2,020,"I-5 N/B","E. KENTUCKY AVENUE",1234.00,S,N,A,-,Y,,,5,,,,,,N,Y,1,1,3,1,A,-,08,22107,,N,F,A,A,A,H,-,D,D,0,,,,,Y,,A,07,1,1,1,0,0,0,0,0,0,"- ","- ",38.688999176025391,-121.75370025634766,YOLO,WOODLAND,-121.75399017333984,38.68878173828125
9148487,2020,2020-11-17,5703,2020-09-06,1449,2110,11,7,5,4,5703,0,0,0,,0,011,"THOMAS ST","HENDERSON WY",44.00,N,N,A,-,N,,,,,,,,,,N,2,0,1,2,A,-,00,22650,,N,A,C,A,A,H,-,A,D,0,,,Y,,Y,,C,02,1,0,0,0,0,0,0,0,1,"- ","- ",38.670768737792969,-121.76058959960938,YOLO,WOODLAND,-121.76056671142578,38.670753479003906
91492782,2021,2021-06-09,9280,2021-05-29,2312,021277,,6,3,9,5700,0,1,3,,2,034,SR-16,"COUNTY ROAD 95",2534.00,W,N,A,-,Y,,,16,,,,,,,Y,2,0,6,2,A,-,01,23152,A,N,A,C,A,A,H,-,D,D,0,,,,,Y,Y,A,01,2,3,1,0,0,0,0,0,0,"- ","- ",38.672168731689453,-121.86576080322266,YOLO,UNINCORPORATED,-121.86576080322266,38.672168731689453
91497827,2021,2021-06-15,9280,2021-06-06,0945,013927,,7,1,9,5700,0,1,3,,2,034,SR-16,"WINNERS WAY",0.00,,Y,A,-,Y,,,16,,,,,,,Y,2,0,2,2,A,-,12,21453,A,N,D,2,A,A,H,-,A,A,0,,,Y,,Y,,A,01,1,1,0,0,0,0,0,0,1,"- ","- ",38.735748291015625,-122.14473724365234,YOLO,UNINCORPORATED,-122.14476776123047,38.735736846923828
91517798,2021,2021-07-12,9280,2021-07-02,2254,021276,,5,3,9,5700,0,1,3,,2,013,"SR-84 (JEFFERSON BLVD)","RD 146",445.00,S,N,A,-,Y,,,84,,,,,,,Y,2,0,1,1,A,-,08,22107,,N,E,I,A,A,H,-,D,D,0,,,,,Y,,A,01,1,0,0,0,0,0,0,0,0,"- ","- ",38.373260498046875,-121.58336639404297,YOLO,UNINCORPORATED,-121.58336639404297,38.373260498046875
91521150,2021,2021-07-15,9280,2021-07-05,0150,015353,,1,3,9,5700,0,3,5,,2,002,"COUNTY ROAD 29","COUNTY ROAD 102",1742.00,E,N,A,-,N,,,,,,,,,,Y,2,0,4,1,A,-,03,22350,,N,E,I,A,A,H,-,D,D,0,,,,,Y,,D,22,4,0,0,0,0,0,0,0,0,"- ","- ",38.590011596679688,-121.72415161132812,YOLO,UNINCORPORATED,-121.73033905029297,38.589019775390625
91524311,2021,2021-07-20,9280,2021-07-10,2020,017874,,6,2,9,5700,0,1,1,,2,031,"INTERSTATE 505 NORTHBOUND","COUNTY ROAD 14",3115.00,S,N,A,-,Y,,,505,,,,,,N,Y,2,0,3,2,A,-,05,21651,B,N,A,C,A,A,H,-,B,D,0,,,,,Y,,A,07,2,1,0,0,0,0,0,0,0,"- ","- ",38.768768310546875,-121.94779968261719,YOLO,UNINCORPORATED,-121.94777679443359,38.768764495849609
91524828,2021,2021-07-20,9280,2021-04-18,2345,018205,,7,3,9,5700,0,1,3,,2,023,"STATE ROUTE 113","COUNTY ROAD 14",3168.00,N,N,A,-,Y,,,113,,,,,,,Y,1,1,0,1,A,-,01,23152,A,N,E,I,A,A,H,-,D,D,0,,,,,Y,Y,A,01,0,0,0,0,0,0,0,0,0,"- ","- ",38.786979675292969,-121.774658203125,YOLO,UNINCORPORATED,-121.77471923828125,38.786979675292969
91530153,2021,2021-07-28,9280,2021-07-15,1802,018157,,4,2,9,5700,0,1,1,,2,010,"I-80 EASTBOUND","CHILES RD.",5808.00,W,N,A,-,Y,,,80,,,,,,E,Y,2,0,2,2,A,-,08,22107,,N,C,C,A,A,H,-,A,D,0,,,Y,,Y,,C,02,1,0,1,0,0,0,0,0,1,"- ","- ",38.559791564941406,-121.65978240966797,YOLO,UNINCORPORATED,-121.65978240966797,38.559825897216797
91530840,2021,2021-07-28,9280,2021-07-17,0752,017964,,6,1,9,5700,0,1,3,,1,024,"STATE ROUTE 16","COUNTY ROAD 95",0.00,,Y,A,-,Y,,,16,,,,,,,Y,2,0,3,2,A,-,01,23152,A,N,D,C,A,A,H,-,A,A,0,,,,,Y,Y,A,01,1,1,1,0,0,0,0,0,0,"- ","- ",38.676101684570312,-121.85803985595703,YOLO,UNINCORPORATED,-121.8580322265625,38.676090240478516
91530851,2021,2021-07-28,9280,2021-07-18,1200,017963,,7,1,9,5700,0,3,5,,2,003,"CASHE CREEK",I-505,10560.00,E,N,A,-,N,,,,,,,,,,N,2,0,1,1,A,-,03,22350,,N,F,A,A,A,H,-,A,D,0,,,Y,,Y,,C,06,1,0,0,0,0,0,0,0,1,"- ","- ",38.689620971679688,-121.91789245605469,YOLO,UNINCORPORATED,,
91533665,2021,2021-07-30,9280,2021-07-20,2200,015353,,2,3,9,5700,0,3,5,,2,003,"COUNTY ROAD 27","INTERSTATE 505",3696.00,E,N,A,-,N,,,,,,,,,,Y,2,0,1,1,A,-,01,23152,A,N,F,I,A,A,H,-,D,D,0,,,,,Y,Y,A,01,1,0,0,0,0,0,0,0,0,"- ","- ",38.620281219482422,-121.93602752685547,YOLO,UNINCORPORATED,-121.94151306152344,38.620296478271484
91554268,2021,2022-12-20,9280,2021-05-28,0700,017983,,5,1,9,5700,0,3,5,,2,002,"COUNTY ROAD 99","BARNARD STREET",175.00,S,N,A,-,N,,,,,,,,,,Y,1,1,0,3,A,-,09,21801,A,N,B,C,A,A,H,-,A,D,0,,,,Y,Y,,A,07,0,0,0,0,0,0,0,0,0,"- ","- ",38.699848175048828,-121.78391265869141,YOLO,UNINCORPORATED,-121.78391265869141,38.699840545654297
91554858,2021,2021-08-26,9280,2021-08-17,0630,015534,,2,1,4,5704,0,1,2,,2,011,"US-50 E/B","DREVER ST",430.00,E,N,A,-,Y,,,50,,,,,,E,Y,2,0,2,3,A,-,08,22107,,N,B,C,A,A,H,-,A,D,0,,,,Y,Y,,A,01,1,1,0,0,0,0,0,0,0,"- ","- ",38.575328826904297,-121.52043151855469,YOLO,"WEST SACRAMENTO",-121.52047729492188,38.575271606445312
9155982,2020,2020-10-23,5704,2020-08-27,2258,06194,,4,5,4,5704,0,0,0,,0,002,"GRAND ST","TOWER BRIDGE GATEWAY",240.00,N,N,A,-,N,,,,,,,,,,Y,2,0,1,1,A,-,03,22350,,N,E,I,A,A,H,-,C,A,0,,,,,Y,,A,01,1,0,0,0,0,0,0,0,0,"- ","- ",,,YOLO,"WEST SACRAMENTO",-121.51848602294922,38.581623077392578
91569695,2021,2021-09-14,9280,2021-09-04,0800,017963,,6,1,4,5703,0,1,3,,2,022,"I-5 S/B","COUNTY ROAD 103",440.00,N,N,A,-,Y,,,5,,,,,,S,Y,2,0,2,1,D,-,00,,,N,E,I,A,A,H,-,A,D,0,,,,,Y,,-,"- ",1,1,0,0,0,0,0,0,0,"- ","- ",38.673500061035156,-121.71099853515625,YOLO,WOODLAND,-121.71099853515625,38.673583984375
91570778,2021,2021-09-15,9280,2021-08-30,2300,019478,,1,3,9,5700,0,3,5,,2,003,"COUNTY ROAD 31","COUNTY ROAD 92E",2640.00,W,N,A,-,N,,,,,,,,,,Y,2,0,3,2,A,-,05,21650,,N,B,C,A,A,H,-,D,A,0,,,,,Y,Y,A,01,1,2,0,0,0,0,0,0,0,"- ","- ",38.561981201171875,-121.91452026367188,YOLO,UNINCORPORATED,-121.91426849365234,38.561962127685547
91576763,2021,2021-09-22,9280,2021-07-02,2115,019720,,5,2,9,5700,0,1,3,,2,032,"STATE ROUTE 128","SOLANO/YOLO COUNTY LINE",15840.00,E,N,A,-,Y,,,128,,,,,,,Y,1,1,0,1,A,-,08,22107,,N,E,I,A,A,H,-,D,D,0,,,,,Y,,A,07,0,0,0,0,0,0,0,0,0,"- ","- ",38.511821746826172,-122.04911804199219,YOLO,UNINCORPORATED,-122.04912567138672,38.511814117431641
91580200,2021,2021-09-27,9280,2021-09-05,0255,019094,,7,3,5,5701,0,1,1,,2,010,"I-80 W/B","POLE LINE RD O/C",190.00,W,N,A,-,Y,,,80,,,,,,W,Y,2,0,3,2,A,-,01,23152,A,N,C,C,A,A,H,-,C,D,0,,,,Y,Y,Y,A,01,2,1,0,0,0,0,0,0,0,"- ","- ",38.545650482177734,-121.72688293457031,YOLO,DAVIS,-121.72687530517578,38.545642852783203
91580609,2021,2021-12-21,9280,2021-09-19,1725,017351,,7,2,9,5700,0,3,5,,2,002,"COUNTY ROAD 22","COUNTY ROAD 103",3432.00,E,N,A,-,N,,,,,,,,,,Y,1,1,0,1,A,-,08,22107,,N,E,I,A,A,H,-,A,D,0,,,,,Y,,A,01,0,0,0,0,0,0,0,0,0,"- ","- ",38.676868438720703,-121.697509765625,YOLO,UNINCORPORATED,,
9158400,2020,2020-11-17,5701,2020-09-10,2316,120,6,4,5,5,5701,0,0,0,,0,003,"POLE LINE RD","EAST COVELL BL",0.00,,Y,A,-,N,,,,,,,,,,Y,2,0,1,1,A,-,00,23152,H,N,E,I,A,A,H,-,C,A,0,,,,,Y,Y,A,01,1,0,0,0,0,0,0,0,0,"- ","- ",38.562389373779297,-121.73107147216797,YOLO,DAVIS,-121.73105621337891,38.562519073486328
91586432,2021,2021-10-04,9280,2021-07-11,0416,019644,,7,3,9,5700,0,3,5,,2,002,"COUNTY ROAD 22","I-5 NORTHBOUND FROM COUNTY RD 22",2339.00,W,N,A,-,N,,,,,,,,,,Y,1,1,1,2,A,-,11,21954,A,N,G,B,E,A,H,-,D,D,0,Y,,,,Y,,N,60,0,1,0,1,0,0,0,0,0,"- ","- ",38.676738739013672,-121.64634704589844,YOLO,UNINCORPORATED,-121.4805908203125,38.568248748779297
91599509,2021,2021-10-18,9280,2021-10-09,1820,018157,,6,2,9,5700,0,1,1,,2,031,"I-505 S/B ON RAMP FROM SR 128",SR-128,371.00,S,N,A,-,Y,,,505,,,,R,,S,Y,2,0,1,3,A,-,03,22350,,N,B,C,A,A,H,-,A,D,0,,,Y,,Y,,C,02,1,0,0,0,0,0,0,0,1,"- ","- ",38.529651641845703,-121.9541015625,YOLO,UNINCORPORATED,-121.9541015625,38.529651641845703
91611807,2021,2021-11-01,9280,2021-10-22,1940,019478,,5,2,9,5700,0,1,1,,2,020,"I-5 N/B","OLD RIVER RD",9504.00,N,N,A,-,Y,,,5,,,,,,N,Y,2,0,1,1,A,-,01,23152,A,N,E,I,A,A,H,-,D,A,0,,,,,Y,Y,A,01,1,0,0,0,0,0,0,0,0,"- ","- ",38.673648834228516,-121.66220092773438,YOLO,UNINCORPORATED,-121.66220092773438,38.673591613769531
91611816,2021,2021-11-01,9280,2021-10-22,1941,019478,,5,2,9,5700,0,1,1,,2,020,"I-5 N/B","OLD RIVER RD",9504.00,N,N,A,-,Y,,,5,,,,,,N,Y,2,0,4,2,A,-,03,22350,,N,D,C,A,A,C,-,D,A,0,,,,,Y,Y,A,01,4,0,0,0,0,0,0,0,0,"- ","- ",38.673591613769531,-121.66426086425781,YOLO,UNINCORPORATED,-121.66426086425781,38.673603057861328
91613476,2021,2021-11-02,9280,2021-10-24,1413,018157,,7,2,9,5700,0,1,1,,2,020,"I-5 S/B","COUNTY ROAD 17 OVERCROSSING",4752.00,S,N,C,-,Y,,,5,,,,,,S,Y,2,0,1,2,A,-,03,22350,,N,A,C,A,B,H,-,A,D,0,,,,Y,Y,,A,01,1,0,0,0,0,0,0,0,0,"- ","- ",38.726211547851562,-121.80599212646484,YOLO,UNINCORPORATED,-121.80623626708984,38.725959777832031
91634514,2021,2021-11-24,9280,2021-11-14,1950,019986,,7,2,9,5700,0,1,1,,2,020,"I-5 S/B","OLD RIVER ROAD",2.20,N,N,B,E,Y,,,5,,,,,,S,Y,2,0,4,7,A,-,03,22350,,F,C,C,A,B,H,-,D,D,0,,,,,Y,,A,07,1,0,3,0,0,0,0,0,0,"- ","- ",38.673408508300781,-121.67037200927734,YOLO,UNINCORPORATED,-121.67037200927734,38.673381805419922
91634799,2021,2021-11-24,9280,2021-11-16,0552,015534,,2,3,9,5700,0,1,3,,2,013,"JEFFERSON BLVD (SR-84)","BABEL SLOUGH RD",995.00,S,N,B,-,Y,,,84,,,,,,,Y,2,0,1,1,A,-,08,22107,,N,E,I,A,A,H,-,D,D,0,,,,,Y,,A,01,1,0,0,0,0,0,0,0,0,"- ","- ",38.44464111328125,-121.58242034912109,YOLO,UNINCORPORATED,-121.5828857421875,38.44464111328125
91637278,2021,2021-11-29,9280,2021-10-15,2220,021277,,5,3,9,5700,0,1,1,,2,020,"I-5 N/B","YOLO-SACRAMENTO COUNTY LINE",2429.00,N,N,A,-,Y,,,5,,,,,,N,Y,2,0,1,1,A,-,01,23152,A,N,F,A,A,A,H,-,D,D,0,,,,,Y,Y,A,01,1,0,0,0,0,0,0,0,0,"- ","- ",38.673641204833984,-121.63638305664062,YOLO,UNINCORPORATED,-121.63638305664062,38.673450469970703
91638693,2021,2021-11-30,9280,2021-11-19,2315,021265,,5,3,4,5704,0,1,2,,2,011,"US-50 W/B TO JEFFERSON BLVD/SOUTH RIVER ROAD","YOLO/SACRAMENTO COUNTY LINE",2640.00,W,N,A,-,Y,,,50,,,,R,,W,Y,2,0,1,1,A,-,01,23152,A,M,A,I,A,A,H,-,D,D,0,,,,,Y,Y,A,01,1,0,0,0,0,0,0,0,0,"- ","- ",38.575328826904297,-121.51982879638672,YOLO,"WEST SACRAMENTO",-121.51982879638672,38.575328826904297
91639926,2021,2021-12-01,9280,2021-11-21,2140,019094,,7,2,9,5700,0,3,5,,2,003,"COUNTY RD 23","COUNTY RD 87B",0.00,,Y,A,-,N,,,,,,,,,,Y,2,0,1,1,A,-,01,23152,A,N,E,I,A,A,H,-,D,D,0,,,,,Y,Y,D,22,1,0,0,0,0,0,0,0,0,"- ","- ",38.669189453125,-121.99861907958984,YOLO,UNINCORPORATED,-121.99864196777344,38.669155120849609
91643649,2021,2021-12-06,9280,2021-11-24,2300,015353,,3,3,9,5700,0,3,5,,2,002,"COUNTY ROAD 99W","2ND STREET",1056.00,S,N,A,-,N,,,,,,,,,,Y,2,0,1,1,A,-,08,22107,,N,E,I,A,A,H,-,D,D,0,,,,,Y,,A,01,1,0,0,0,0,0,0,0,0,"- ","- ",38.726799011230469,-121.80638885498047,YOLO,UNINCORPORATED,-121.80628204345703,38.726924896240234
91644518,2021,2021-12-06,9280,2021-11-26,0625,017983,,5,1,9,5700,0,3,5,,2,002,"COUNTY ROAD 22","COUNTY ROAD 103",10032.00,E,N,A,-,N,,,,,,,,,,Y,2,0,1,1,A,-,08,22107,,N,E,I,A,A,H,-,D,D,0,,,,,Y,,A,07,1,0,0,0,0,0,0,0,0,"- ","- ",38.676769256591797,-121.67178344726562,YOLO,UNINCORPORATED,,
91645616,2021,2021-12-07,9280,2021-09-26,0250,019094,,7,3,9,5700,0,3,5,,2,001,"COUNTY ROAD 32B","COUNTY RD 105D",5410.00,E,N,A,-,N,,,,,,,,,,Y,1,1,0,1,A,-,01,23152,A,N,E,I,A,A,H,-,D,D,0,,,,,Y,Y,D,22,0,0,0,0,0,0,0,0,0,"- ","- ",38.561641693115234,-121.64585876464844,YOLO,UNINCORPORATED,-121.64598846435547,38.561637878417969
91652144,2021,2021-12-14,9280,2021-12-05,0140,020753,,7,3,9,5700,0,1,1,,2,010,"I-80 EASTBOUND","ENTERPRISE BOULEVARD",5280.00,W,N,E,-,Y,,,80,,,,,,E,Y,2,0,3,2,A,-,01,23152,A,N,C,C,A,B,H,-,D,D,0,,,,,Y,Y,A,01,1,0,2,0,0,0,0,0,0,"- ","- ",38.570980072021484,-121.59578704833984,YOLO,UNINCORPORATED,-121.59580230712891,38.571048736572266
9166111,2020,2020-12-04,5703,2020-09-12,0843,2622,51,6,5,4,5703,0,0,0,,0,004,"FARNHAM AV","LEE DR",0.00,,Y,A,-,,,,,,,,,,,Y,2,0,1,2,A,-,03,22350,,N,B,E,A,A,H,-,A,D,0,,,,,Y,,A,01,1,0,0,0,0,0,0,0,0,"- ","- ",38.673431396484375,-121.74166870117188,YOLO,WOODLAND,-121.74166107177734,38.673439025878906
91667549,2021,2021-12-31,9280,2021-12-24,1730,018316,,5,2,9,5700,0,3,5,,2,003,"COUNTY ROAD 89","HURLBUT ST.",80.00,N,N,B,-,N,,,,,,,,,,Y,2,0,4,2,A,-,01,23152,A,N,C,C,A,A,H,-,D,D,0,,,,,Y,Y,A,07,1,3,0,0,0,0,0,0,0,"- ","- ",38.678321838378906,-121.96835327148438,YOLO,UNINCORPORATED,-121.96832275390625,38.677574157714844
91689657,2022,2022-01-31,9280,2022-01-21,1715,018352,,5,2,9,5700,0,1,1,,2,020,"I-5 S/B","COUNTY ROAD 17",425.00,S,N,A,-,Y,,,,,,,,,,Y,2,0,1,1,A,-,08,22107,,N,E,I,A,A,H,-,B,D,0,,,,,Y,,A,08,1,0,0,0,0,0,0,0,0,"- ","- ",38.734218597412109,-121.8184814453125,YOLO,UNINCORPORATED,-121.81801605224609,38.734638214111328
91705073,2022,2022-04-14,9280,2022-02-12,1126,017964,,6,1,9,5700,0,3,5,,2,003,"COUNTY ROAD 85","COUNTY ROAD 14",1700.00,N,N,A,-,N,,,,,,,,,,Y,1,1,0,1,A,-,01,23152,G,N,E,I,A,A,H,-,A,A,0,,,,,Y,Y,A,07,0,0,0,0,0,0,0,0,0,"- ","- ",38.784931182861328,-122.04376983642578,YOLO,UNINCORPORATED,-122.04379272460938,38.785747528076172
91715591,2022,2022-03-04,9280,2022-02-25,1118,017964,,5,1,9,5700,0,2,4,,2,025,"COUNTY ROAD 98","KNAUER PLACE",379.00,N,N,A,-,N,,,,,,,,,,N,2,0,2,1,A,-,08,22107,,N,E,I,A,A,H,-,A,A,0,,,,,Y,,A,01,1,0,1,0,0,0,0,0,0,"- ","- ",38.666889190673828,-121.80277252197266,YOLO,UNINCORPORATED,-121.80264282226562,38.669231414794922
91720534,2022,2022-03-11,9280,2022-03-02,1200,013927,,3,1,9,5700,0,1,3,,2,034,"SR-16 E/B","COUNTY ROAD 82B",2640.00,E,N,A,-,Y,YOL,,16,,,24.079,H,,R,N,2,0,2,1,C,-,18,,,N,F,A,A,A,H,-,A,D,0,,,Y,,Y,,-,"- ",1,1,0,0,0,0,0,0,2,"- ","- ",38.706699371337891,-122.07659912109375,YOLO,UNINCORPORATED,-122.07660675048828,38.706779479980469
91723094,2022,2022-03-15,9280,2022-03-08,1624,016144,,2,2,9,5700,0,1,3,,2,026,SR-45,"COUNTY ROAD 95B",60.00,N,N,A,-,Y,YOL,,45,,,9.974,H,,R,N,2,0,1,1,A,-,03,22350,,N,E,I,A,A,H,-,A,A,0,,,,,Y,,A,01,1,0,0,0,0,0,0,0,0,"- ","- ",38.882190704345703,-121.84374237060547,YOLO,UNINCORPORATED,-121.84364318847656,38.882274627685547
91726805,2022,2022-03-18,9280,2022-03-13,1416,015123,,7,2,9,5700,0,3,5,,2,003,"COUNTY ROAD 14","COUNTY ROAD 90A",2112.00,E,N,A,-,N,,,,,,,,,,N,2,0,2,2,C,-,18,,,N,H,A,A,A,H,-,A,D,0,,Y,,,Y,,-,"- ",2,0,0,0,0,0,2,0,0,"- ","- ",38.780109405517578,-121.93604278564453,YOLO,UNINCORPORATED,-121.93655395507812,38.779678344726562
91728062,2022,2022-03-21,9280,2022-03-12,0915,017983,,6,1,4,5704,0,1,3,,2,012,"US-50 E/B TO SR-275 E/B","JEFFERSON BLVD",199.00,E,N,A,-,Y,,,,,,,,,,Y,2,0,1,2,A,-,05,21651,B,N,A,C,A,A,H,-,A,D,0,,,,,Y,,A,01,1,0,0,0,0,0,0,0,0,"- ","- ",38.577869415283203,-121.52456665039062,YOLO,"WEST SACRAMENTO",-121.52456665039062,38.577869415283203
9173083,2020,2020-12-26,5701,2020-10-13,1150,112,4,2,5,5,5701,0,0,0,,0,002,"D ST","3RD ST",50.00,S,N,A,-,N,,,,,,,,,,N,2,0,1,2,A,-,08,22107,,F,B,G,A,A,H,-,A,A,0,,Y,,,Y,,A,01,1,0,0,0,0,0,1,0,0,"- ","- ",38.544338226318359,-121.74252319335938,YOLO,DAVIS,-121.74246215820312,38.544204711914062
91738985,2022,2022-04-01,9280,2022-03-26,1310,017963,,6,1,9,5700,0,3,5,,2,002,"COUNTY ROAD 29","COUNTY ROAD 98",3960.00,W,N,A,-,N,,,,,,,,,,Y,2,0,2,1,A,-,03,22350,,N,E,I,A,A,H,-,A,D,0,,,,,Y,,A,01,1,1,0,0,0,0,0,0,0,"- ","- ",38.590740203857422,-121.81626892089844,YOLO,UNINCORPORATED,-121.81621551513672,38.590740203857422
91739926,2022,2022-04-04,9280,2022-03-26,0655,017964,,6,1,9,5700,0,1,1,,2,030,"I-5 S/B","COUNTY ROAD 13",1200.00,N,N,A,-,Y,YOL,,5,,R,17.839,H,,L,Y,2,0,1,1,A,-,08,22107,,N,F,A,A,A,H,-,A,A,0,,,,,Y,,D,22,1,0,0,0,0,0,0,0,0,"- ","- ",38.797080993652344,-121.88155364990234,YOLO,UNINCORPORATED,-121.88162994384766,38.797035217285156
91745194,2022,2022-04-11,9280,2022-04-06,0416,019564,,3,3,9,5700,0,2,4,,1,021,"RT 113","SOUTH OAK GROVE AVENUE",0.00,,Y,A,-,Y,YOL,,113,,R,21.411,H,,R,Y,2,0,1,1,A,-,01,23152,A,N,E,J,A,A,H,-,C,D,0,,,,,Y,Y,A,07,1,0,0,0,0,0,0,0,0,"- ","- ",38.794269561767578,-121.72451019287109,YOLO,UNINCORPORATED,-121.72442626953125,38.794143676757812
91752410,2022,2022-04-20,9280,2022-04-14,1822,016144,,4,2,9,5700,0,3,5,,2,002,"COUNTY ROAD 22","COUNTY ROAD 117",16896.00,W,N,B,-,N,,,,,,,,,,N,2,0,1,1,A,-,08,22107,,N,F,A,A,A,H,-,A,D,0,,,,,Y,,D,22,1,0,0,0,0,0,0,0,0,"- ","- ",38.676799774169922,-121.69155120849609,YOLO,UNINCORPORATED,,
91753400,2022,2022-04-21,9280,2022-04-18,1810,016144,,1,2,9,5700,0,3,5,,2,002,"COUNTY ROAD 30","COUNTY ROAD 105",850.00,E,N,A,-,N,,,,,,,,,,N,2,0,1,1,A,-,08,22107,,N,F,A,A,A,H,-,A,D,0,,,Y,,Y,,C,02,1,0,0,0,0,0,0,0,1,"- ","- ",38.574939727783203,-121.67231750488281,YOLO,UNINCORPORATED,-121.67221832275391,38.574905395507812
91755349,2022,2022-04-25,9280,2022-04-17,0635,017964,,7,1,5,5701,0,1,1,,2,010,"I-80 W/B","MACE BLVD",1066.00,E,N,A,-,Y,YOL,,80,,,2.896,H,,L,Y,2,0,1,1,A,-,08,22107,,N,E,8,A,A,H,-,A,A,0,,,,,Y,,A,01,1,0,0,0,0,0,0,0,0,"- ","- ",38.554050445556641,-121.69071197509766,YOLO,DAVIS,-121.69060516357422,38.553863525390625
91766172,2021,2022-05-06,9280,2021-11-11,1510,016144,,4,2,9,5700,0,3,5,,2,002,"COUNTY ROAD 97","MERLOT PL",1217.00,S,N,A,-,N,,,,,,,,,,Y,1,1,1,2,A,-,03,22350,,N,C,C,A,A,H,-,A,D,0,,,,,Y,,D,22,0,1,0,0,0,0,0,0,0,"- ","- ",38.673370361328125,-121.82109832763672,YOLO,UNINCORPORATED,-121.82107543945312,38.673458099365234