CASE_ID,ACCIDENT_YEAR,PROC_DATE,JURIS,COLLISION_DATE,COLLISION_TIME,OFFICER_ID,REPORTING_DISTRICT,DAY_OF_WEEK,CHP_SHIFT,POPULATION,CNTY_CITY_LOC,SPECIAL_COND,BEAT_TYPE,CHP_BEAT_TYPE,CITY_DIVISION_LAPD,CHP_BEAT_CLASS,BEAT_NUMBER,PRIMARY_RD,SECONDARY_RD,DISTANCE,DIRECTION,INTERSECTION,WEATHER_1,WEATHER_2,STATE_HWY_IND,CALTRANS_COUNTY,CALTRANS_DISTRICT,STATE_ROUTE,ROUTE_SUFFIX,POSTMILE_PREFIX,POSTMILE,LOCATION_TYPE,RAMP_INTERSECTION,SIDE_OF_HWY,TOW_AWAY,COLLISION_SEVERITY,NUMBER_KILLED,NUMBER_INJURED,PARTY_COUNT,PRIMARY_COLL_FACTOR,PCF_CODE_OF_VIOL,PCF_VIOL_CATEGORY,PCF_VIOLATION,PCF_VIOL_SUBSECTION,HIT_AND_RUN,TYPE_OF_COLLISION,MVIW,PED_ACTION,ROAD_SURFACE,ROAD_COND_1,ROAD_COND_2,LIGHTING,CONTROL_DEVICE,CHP_ROAD_TYPE,PEDESTRIAN_ACCIDENT,BICYCLE_ACCIDENT,MOTORCYCLE_ACCIDENT,TRUCK_ACCIDENT,NOT_PRIVATE_PROPERTY,ALCOHOL_INVOLVED,STWD_VEHTYPE_AT_FAULT,CHP_VEHTYPE_AT_FAULT,COUNT_SEVERE_INJ,COUNT_VISIBLE_INJ,COUNT_COMPLAINT_PAIN,COUNT_PED_KILLED,COUNT_PED_INJURED,COUNT_BICYCLIST_KILLED,COUNT_BICYCLIST_INJURED,COUNT_MC_KILLED,COUNT_MC_INJURED,PRIMARY_RAMP,SECONDARY_RAMP,LATITUDE,LONGITUDE,COUNTY,CITY,POINT_X,POINT_Y
91767505,2022,2022-05-09,9280,2022-05-01,2145,021276,,7,2,5,5701,0,1,1,,2,010,"I-80 E/B","MACE BLVD",20.00,E,N,A,-,Y,YOL,,80,,,2.610,H,,R,Y,2,0,1,1,A,-,01,23152,A,N,E,I,A,A,H,-,D,D,0,,,,,Y,Y,A,01,1,0,0,0,0,0,0,0,0,"- ","- ",38.552120208740234,-121.69557952880859,YOLO,DAVIS,-121.69561004638672,38.552242279052734
91770500,2021,2022-05-12,9280,2021-12-22,1703,016144,,3,2,9,5700,0,1,1,,2,020,"I-5 S/B","SR-113 OVERCROSSING",1009.00,N,N,B,-,Y,,,,,,,,,,Y,1,1,6,3,A,-,03,22350,,N,C,C,A,B,H,-,B,D,0,,,,,Y,,B,07,0,5,1,0,0,0,0,0,0,"- ","- ",38.686729431152344,-121.75283050537109,YOLO,UNINCORPORATED,-121.76205444335938,38.695388793945312
91789106,2022,2022-06-06,9280,2022-05-29,2158,021276,,7,2,9,5700,0,1,1,,2,020,"I-5 S/B","OLD RIVER RD",7920.00,N,N,A,-,Y,YOL,,5,,,1.528,H,,L,Y,2,0,2,2,A,-,03,22350,,N,C,C,A,A,H,-,D,D,0,,,,,Y,,A,07,1,1,0,0,0,0,0,0,0,"- ","- ",38.673320770263672,-121.65460205078125,YOLO,UNINCORPORATED,-121.65460205078125,38.673301696777344
91794817,2022,2022-06-14,9280,2022-06-11,2055,019377,,6,2,9,5700,0,3,5,,2,001,"S. RIVER ROAD","FREEPORT BRIDGE",5649.00,N,N,A,-,N,,,,,,,,,,Y,2,0,3,2,A,-,08,22107,,N,A,C,A,A,H,-,D,D,0,,,,,Y,,A,01,1,2,0,0,0,0,0,0,0,"- ","- ",38.470531463623047,-121.50759887695312,YOLO,UNINCORPORATED,-121.50740814208984,38.470439910888672
91796097,2022,2022-06-15,9280,2022-03-24,1600,016520,,4,2,9,5700,0,1,3,,2,013,"STATE ROUTE 84 (JEFFERSON BOULEVARD)","PUMPHOUSE ROAD",3955.00,N,N,A,-,Y,YOL,,84,,,12.528,H,,R,Y,1,1,0,1,A,-,01,23152,A,N,F,A,A,A,H,-,A,D,0,,,,,Y,Y,A,01,0,0,0,0,0,0,0,0,0,"- ","- ",38.457828521728516,-121.58306121826172,YOLO,UNINCORPORATED,-121.58303833007812,38.457828521728516
91813208,2022,2022-07-08,9280,2022-06-28,1545,018941,,2,2,9,5700,0,3,5,,2,001,"S. RIVER ROAD","FREEPORT BRIDGE",13728.00,S,N,A,-,N,,,,,,,,,,Y,2,0,1,1,A,-,03,22350,,N,E,I,A,A,H,-,A,D,0,,,Y,,Y,,C,02,1,0,0,0,0,0,0,0,1,"- ","- ",38.433540344238281,-121.53265380859375,YOLO,UNINCORPORATED,-121.53102111816406,38.434967041015625
91816508,2021,2022-07-13,9280,2021-08-15,1942,016144,,7,2,4,5703,0,1,1,,2,020,"I-5 N/B","KENTUCKY AVE OVERCROSSING",150.00,S,N,A,-,Y,,,5,,,,,,N,Y,1,1,3,3,A,-,07,21658,A,F,A,C,A,A,H,-,A,D,0,,,,,Y,,A,01,2,1,0,0,0,0,0,0,0,"- ","- ",38.691520690917969,-121.75650024414062,YOLO,WOODLAND,-121.75627899169922,38.69171142578125
91819870,2022,2022-07-18,9280,2022-07-11,1400,018205,,1,2,9,5700,0,1,3,,2,032,SR-128,"SOLANO/YOLO COUNTY LINE",3696.00,E,N,A,-,Y,YOL,,128,,,0.887,H,,R,Y,2,0,1,1,A,-,08,22107,,N,E,I,A,A,H,-,A,D,0,,,Y,,Y,,C,02,1,0,0,0,0,0,0,0,1,"- ","- ",38.515419006347656,-122.08155822753906,YOLO,UNINCORPORATED,-122.08156585693359,38.515464782714844
9182064,2020,2021-02-13,5701,2020-11-08,0031,222,1,7,5,5,5701,0,0,0,,0,001,"ARLINGTON BL","CABOT ST",0.00,,Y,A,-,N,,,,,,,,,,N,2,0,3,1,A,-,01,23152,A,N,E,I,A,B,H,-,C,A,0,,,,,Y,Y,A,01,3,0,0,0,0,0,0,0,0,"- ","- ",38.553920745849609,-121.78502655029297,YOLO,DAVIS,-121.78501892089844,38.553901672363281
91828812,2022,2022-07-29,9280,2022-07-21,2355,021277,,4,3,9,5700,0,3,5,,2,002,"COUNTY ROAD 22","COUNTY ROAD 107",4646.00,W,N,A,-,N,,,,,,,,,,Y,2,0,1,1,A,-,08,22107,,N,E,I,A,A,C,-,D,D,0,,,,,Y,,A,01,1,0,0,0,0,0,0,0,0,"- ","- ",38.676639556884766,-121.65959167480469,YOLO,UNINCORPORATED,,
91833143,2022,2022-08-04,9280,2022-07-26,1230,015534,,2,1,4,5704,0,1,1,,2,010,"I-80 W/B","W. CAPITOL AVE",485.00,W,N,A,-,Y,YOL,,80,,R,10.068,H,,L,N,2,0,1,1,A,-,01,23152,A,M,E,I,A,A,H,-,A,D,0,,,,,Y,Y,A,07,1,0,0,0,0,0,0,0,0,"- ","- ",38.577278137207031,-121.56250762939453,YOLO,"WEST SACRAMENTO",-121.56258392333984,38.577342987060547
91842905,2022,2022-08-17,9280,2022-08-08,1250,015128,,1,1,9,5700,0,3,5,,2,002,CR-16,SR-113,2640.00,W,N,A,-,N,,,,,,,,,,Y,2,0,1,2,A,-,05,21650,,N,A,C,A,A,H,-,A,D,0,,,,Y,Y,,A,01,1,0,0,0,0,0,0,0,0,"- ","- ",38.749610900878906,-121.78571319580078,YOLO,UNINCORPORATED,-121.78489685058594,38.749576568603516
91846718,2022,2022-08-23,9280,2022-08-14,0043,019927,,7,3,5,5701,0,1,1,,2,010,"I-80 W/B","POLE LINE ROAD",300.00,E,N,A,-,Y,YOL,,80,,,0.957,H,,L,Y,2,0,1,2,A,-,03,22350,,N,C,C,A,A,H,-,D,D,0,,,,,Y,,A,01,1,0,0,0,0,0,0,0,0,"- ","- ",38.546161651611328,-121.72501373291016,YOLO,DAVIS,-121.72499847412109,38.546134948730469
91850761,2022,2022-09-07,9280,2022-06-03,0535,017963,,5,3,9,5700,0,3,5,,2,002,"COUNTY ROAD 99","COUNTY ROAD 29",3168.00,S,N,A,-,N,,,,,,,,,,Y,1,1,1,1,A,-,01,23152,F,N,E,I,A,A,H,-,B,D,0,,,,,Y,,A,01,0,1,0,0,0,0,0,0,0,"- ","- ",38.581729888916016,-121.78579711914062,YOLO,UNINCORPORATED,-121.78584289550781,38.581699371337891
91852449,2022,2022-08-29,9280,2022-07-08,0857,015123,,5,1,9,5700,0,1,3,,1,024,"STATE ROUTE 16","COUNTY ROAD 96",2279.00,W,N,A,-,Y,YOL,,16,,,38.117,H,,R,Y,1,1,0,1,A,-,08,22107,,N,F,A,A,A,H,-,A,D,0,,,,,Y,,A,07,0,0,0,0,0,0,0,0,0,"- ","- ",38.678001403808594,-121.84764862060547,YOLO,UNINCORPORATED,-121.84764862060547,38.677913665771484
91858985,2022,2022-09-12,9280,2022-05-26,1455,018205,,4,2,9,5700,0,3,5,,2,003,"COUNTY ROAD 14","COUNTY ROAD 13",3168.00,W,N,A,-,N,,,,,,,,,,Y,1,4,7,1,A,-,08,22107,,N,F,I,A,A,H,-,A,D,0,,,,,Y,,M,57,7,0,0,0,0,0,0,0,0,"- ","- ",38.788169860839844,-121.91880035400391,YOLO,UNINCORPORATED,-121.91868591308594,38.788143157958984
9186268,2020,2021-01-27,5703,2020-11-05,1725,2140,64,4,5,4,5703,0,0,0,,0,002,"N WEST ST","WISCONSIN AV",0.00,,Y,A,-,,,,,,,,,,,,2,0,1,2,A,-,08,22107,,F,B,G,A,A,H,-,C,D,0,,Y,,,Y,,-,99,1,0,0,0,0,0,1,0,0,"- ","- ",38.690601348876953,-121.78385162353516,YOLO,WOODLAND,-121.78386688232422,38.690570831298828
91872360,2022,2023-01-03,9280,2022-09-17,0940,017983,,6,1,4,5704,0,1,2,,2,011,"US-50 W/B","HARBOR BLVD",1218.00,W,N,A,-,Y,YOL,,50,,,0.964,H,,L,Y,1,1,6,2,A,-,03,22350,,N,C,C,A,A,H,-,A,D,0,,,,,Y,,A,01,1,5,0,0,0,0,0,0,0,"- ","- ",38.575088500976562,-121.55312347412109,YOLO,"WEST SACRAMENTO",-121.55311584472656,38.575130462646484
91878881,2022,2022-09-30,9280,2022-09-21,1020,015128,,3,1,9,5700,0,1,1,,2,030,"I-5 S/B TO CR-8",CR-8,500.00,N,N,A,-,Y,,,,,,,,,,Y,2,0,1,1,A,-,03,22350,,N,F,A,A,A,H,-,A,A,0,,,,Y,Y,,G,25,1,0,0,0,0,0,0,0,0,"- ","- ",38.861221313476562,-121.95497894287109,YOLO,UNINCORPORATED,-121.95497894287109,38.861221313476562
91878937,2022,2022-09-30,9280,2022-09-23,2215,015353,,5,3,9,5700,0,1,1,,2,020,"I-5 N/B","COUNTY ROAD 124",3200.00,N,N,A,-,Y,YOL,,5,,,1.485,H,,R,Y,2,0,1,2,A,-,03,22350,,N,C,C,A,A,H,-,D,D,0,,,,,Y,Y,A,07,1,0,0,0,0,0,0,0,0,"- ","- ",38.673538208007812,-121.65379333496094,YOLO,UNINCORPORATED,-121.65379333496094,38.673545837402344
91881439,2022,2022-10-04,9280,2022-07-15,0648,017963,,5,1,9,5700,0,1,1,,2,020,"I-5 S/B","COUNTY ROAD 96",2640.00,S,N,A,-,Y,YOL,,5,,R,13.711,H,,L,Y,1,2,0,2,A,-,08,22107,,N,B,C,A,A,H,-,A,D,0,,,,Y,Y,,D,22,0,0,0,0,0,0,0,0,0,"- ","- ",38.751430511474609,-121.83297729492188,YOLO,UNINCORPORATED,-121.83294677734375,38.751453399658203
91893058,2022,2022-10-18,9280,2022-10-09,0845,013927,,7,1,9,5700,0,1,3,,2,034,"WOODLAND AVENUE (SR-16)","YOLO AVENUE (SR-16)",0.00,,Y,A,-,N,,,,,,,,,,N,2,0,3,2,A,-,12,22450,A,N,D,C,A,A,H,-,A,A,0,,,,,Y,,D,22,2,1,0,0,0,0,0,0,0,"- ","- ",38.695400238037109,-122.01599884033203,YOLO,UNINCORPORATED,-122.01609802246094,38.695480346679688
91924130,2022,2022-12-22,9280,2022-11-09,1830,018316,,3,2,9,5700,0,3,5,,2,002,"COUNTY ROAD 20","COUNTY ROAD 96B",536.00,E,N,A,-,N,,,,,,,,,,Y,2,0,1,1,C,-,18,,,N,H,H,A,A,H,-,D,D,0,,,,,Y,,-,"- ",1,0,0,0,0,0,0,0,0,"- ","- ",38.692371368408203,-121.82834625244141,YOLO,UNINCORPORATED,-121.82835388183594,38.692363739013672
91932641,2022,2022-12-02,9280,2022-08-31,2110,021277,,3,2,9,5700,0,3,5,,2,001,"COURTLAND ROAD","SOUTH RIVER ROAD",0.00,,Y,A,-,N,,,,,,,,,,Y,1,1,0,1,A,-,01,23152,A,N,E,I,A,A,H,-,D,A,0,,,,,Y,Y,A,01,0,0,0,0,0,0,0,0,0,"- ","- ",38.334640502929688,-121.56992340087891,YOLO,UNINCORPORATED,-121.56992340087891,38.334682464599609
91932903,2022,2022-12-20,9280,2022-04-14,2304,019986,,4,3,9,5700,0,1,3,,1,024,"STATE ROUTE 16","COUNTY ROAD 97",0.00,,Y,B,-,Y,YOL,,16,,,39.560,H,,R,Y,1,1,1,2,A,-,12,22450,A,N,D,C,A,A,H,-,D,A,0,,,,,Y,,A,01,1,0,0,0,0,0,0,0,0,"- ","- ",38.677810668945312,-121.82108306884766,YOLO,UNINCORPORATED,-121.82108306884766,38.677799224853516
91939892,2022,2022-12-12,9280,2022-11-27,1530,018316,,7,2,9,5700,0,1,3,,2,034,SR-16,"RUMSEY CANYON RD.",5280.00,W,N,A,-,Y,YOL,,16,,,5.634,H,,R,Y,2,0,1,1,C,-,18,,,N,E,H,A,A,H,-,A,D,0,,,Y,,Y,,-,"- ",1,0,0,0,0,0,0,0,1,"- ","- ",38.901031494140625,-122.26046752929688,YOLO,UNINCORPORATED,-122.26045989990234,38.901046752929688
91941243,2022,2022-12-13,9280,2022-12-01,0832,015128,,4,1,5,5701,0,1,1,,2,010,"I-80 W/B FROM RICHARDS BL N/B","RICHARDS BL",283.00,E,N,B,C,Y,YOL,,80,,,0.289,H,,L,Y,2,0,1,3,A,-,03,22350,,N,D,C,A,B,H,-,A,D,0,,,,,Y,,D,22,1,0,0,0,0,0,0,0,0,"- ","- ",38.540809631347656,-121.73512268066406,YOLO,DAVIS,-121.73501586914062,38.540737152099609
91943295,2022,2022-12-15,9280,2022-12-08,1655,019478,,4,2,9,5700,0,1,1,,2,020,"I-5 S/B","OLD RIVER ROAD UNDERCROSSING",528.00,N,N,B,-,Y,YOL,,5,,,0.291,H,,L,Y,2,0,1,1,A,-,01,23152,A,N,E,J,A,A,H,-,A,A,0,,,,,Y,Y,A,01,1,0,0,0,0,0,0,0,0,"- ","- ",38.673149108886719,-121.63156127929688,YOLO,UNINCORPORATED,-121.63156127929688,38.673171997070312
91948383,2022,2022-12-21,9280,2022-12-12,0926,015128,,1,1,5,5701,0,1,1,,2,010,"I-80 W/B","RICHARDS BLVD",550.00,W,N,A,-,Y,YOL,,80,,,0.115,H,,L,N,2,0,1,2,A,-,07,21658,A,N,D,C,A,A,H,-,A,D,0,,,,Y,Y,,A,01,1,0,0,0,0,0,0,0,0,"- ","- ",38.538909912109375,-121.73719787597656,YOLO,DAVIS,-121.73717498779297,38.538894653320312
91959502,2022,2023-01-04,9280,2022-11-26,1530,018941,,6,2,9,5700,0,3,5,,2,001,"RYER AVE","COURTLAND RD",240.00,S,N,A,-,N,,,,,,,,,,Y,2,0,3,1,A,-,03,22350,,N,E,I,A,A,H,-,A,D,0,,,,,Y,,A,01,1,2,0,0,0,0,0,0,0,"- ","- ",38.3443603515625,-121.6295166015625,YOLO,UNINCORPORATED,-121.6298828125,38.344020843505859
91960826,2022,2023-01-05,9280,2022-12-30,0340,019377,,5,3,4,5704,0,1,2,,2,011,"US-50 E/B","I-80 E/B",145.00,E,N,C,-,Y,YOL,,50,,,0.385,H,,R,Y,2,0,1,2,A,-,08,22107,,N,B,C,A,B,H,-,C,D,0,,,,,Y,,A,01,1,0,0,0,0,0,0,0,0,"- ","- ",38.575458526611328,-121.56388092041016,YOLO,"WEST SACRAMENTO",-121.56388092041016,38.575435638427734
91960963,2022,2023-01-05,9280,2022-11-07,1105,017983,,1,1,9,5700,0,1,1,,2,020,"I-5 N/B","COUNTY ROAD 17",190.00,S,N,B,-,Y,YOL,,5,,R,12.301,H,,R,Y,1,1,0,1,A,-,08,22107,,N,E,I,A,A,H,-,A,D,0,,,,,Y,,-,36,0,0,0,0,0,0,0,0,0,"- ","- ",38.734939575195312,-121.81786346435547,YOLO,UNINCORPORATED,-121.81787872314453,38.734931945800781
91978061,2023,2023-01-26,9280,2023-01-20,1203,017964,,5,1,9,5700,0,3,5,,2,003,"COUNTY ROAD 94B","STATE ROUTE 16",1263.00,N,N,A,-,N,,,,,,,,,,Y,2,0,1,1,A,-,08,22107,,N,A,8,A,A,H,-,A,A,0,,,,,Y,,-,"- ",1,0,0,0,0,0,0,0,0,"- ","- ",38.67340087890625,-121.86978149414062,YOLO,UNINCORPORATED,-121.86989593505859,38.673091888427734
91982122,2023,2023-01-30,9280,2023-01-20,1710,018316,,5,2,9,5700,0,3,5,,2,003,"COUNTY ROAD 27","COUNTY ROAD 92D",3696.00,W,N,A,-,N,,,,,,,,,,Y,2,0,1,1,A,-,08,22107,,N,F,A,A,A,H,-,A,D,0,,,,Y,Y,,F,26,1,0,0,0,0,0,0,0,0,"- ","- ",38.620208740234375,-121.92739868164062,YOLO,UNINCORPORATED,-121.92660522460938,38.620193481445312
92003805,2023,2023-02-27,9280,2023-02-18,1220,017964,,6,1,9,5700,0,1,1,,2,031,"I-505 N/B","STATE ROUTE 16",7920.00,N,N,A,-,Y,YOL,,505," "," ",12.081,H,,R,Y,2,0,4,2,A,-,08,22107,,N,C,2,A,A,H,-,A,A,0,,,,,Y,,A,08,1,0,3,0,0,0,0,0,0,"- ","- ",38.700489044189453,-121.95520782470703,YOLO,UNINCORPORATED,-121.95526123046875,38.700485229492188
92006953,2023,2023-03-01,9280,2023-02-25,"925 ",016289,,6,1,4,5703,0,1,1,,2,020,"I-5 N/B","N. EDGE OF COUNTY ROAD 102 O/C",17.00,S,N,B,-,Y,YOL,,5," "," ",5.531,H,,R,Y,2,0,1,2,A,-,08,22107,,N,D,C,A,B,H,-,A,D,0,,,,Y,Y,,D,22,1,0,0,0,0,0,0,0,0,"- ","- ",38.673931121826172,-121.72855377197266,YOLO,WOODLAND,-121.72855377197266,38.673919677734375
92008002,2023,2023-03-02,9280,2023-02-20,1600,018941,,1,2,9,5700,0,3,5,,2,001,"OLD RIVER RD",CR-124,8976.00,S,N,A,-,N,,,,,,,,,,Y,2,0,2,2,A,-,08,22107,,N,B,C,A,A,H,-,A,D,0,,,,,Y,Y,A,01,1,0,1,0,0,0,0,0,0,"- ","- ",38.642261505126953,-121.59317779541016,YOLO,UNINCORPORATED,-121.59371185302734,38.642429351806641
92015122,2023,2023-03-14,9280,2023-03-05,"29  ",017874,,7,3,9,5700,0,1,3,,2,034,SR-16,"COUNTY ROAD 96B",50.00,W,N,B,C,Y,YOL,,16," "," ",39.049,H,,R,Y,2,0,1,1,A,-,01,23152,A,N,E,I,A,B,H,-,D,D,0,,,,,Y,Y,A,01,1,0,0,0,0,0,0,0,0,"- ","- ",38.677898406982422,-121.83058166503906,YOLO,UNINCORPORATED,-121.83058166503906,38.677860260009766
92024075,2022,2023-03-21,9280,2022-12-26,1455,018941,,1,2,9,5700,0,3,5,,2,003,"COUNTY ROAD 6",CR-88,4294.00,W,N,B,-,N,,,,,,,,,,Y,1,1,0,1,A,-,08,22107,,N,E,8,A,A,H,-,A,D,0,,,,,Y,,D,22,0,0,0,0,0,0,0,0,0,"- ","- ",38.880168914794922,-122.00444030761719,YOLO,UNINCORPORATED,-122.00435638427734,38.880195617675781
92029495,2023,2023-03-27,9280,2023-03-18,1508,019343,,6,2,9,5700,0,1,3,,2,022,"SR-113 SB","GARROD DR",685.00,N,N,B,-,Y,YOL,,113," ",R,0.210,H,,L,Y,2,0,2,2,A,-,03,22350,,N,C,C,A,A,H,-,A,D,0,,,,,Y,,A,07,1,1,0,0,0,0,0,0,0,"- ","- ",38.533889770507812,-121.76875305175781,YOLO,UNINCORPORATED,-121.76866912841797,38.533885955810547
92063781,2023,2023-05-08,9280,2023-04-28,"40  ",017964,,5,3,9,5700,0,1,1,,2,020,"I-5 N/B","COUNTY ROAD 103",5808.00,S,N,A,-,Y,YOL,,5," "," ",3.375,H,,R,Y,2,0,7,2,A,-,01,23152,A,N,C,C,A,A,H,-,D,A,0,,,,,Y,Y,A,01,2,4,1,0,0,0,0,0,0,"- ","- ",38.673709869384766,-121.68874359130859,YOLO,UNINCORPORATED,-121.68874359130859,38.673728942871094
9206882,2020,2021-01-25,5704,2020-11-27,2104,06213,,5,5,4,5704,0,0,0,,0,002,"WEST CAPITOL AV","JEFFERSON BL",291.00,W,N,A,-,N,,,,,,,,,,N,2,0,1,2,A,-,21,22106,,F,G,B,F,A,H,-,C,D,0,Y,,,,Y,,A,01,1,0,0,0,1,0,0,0,0,"- ","- ",38.580661773681641,-121.52651977539062,YOLO,"WEST SACRAMENTO",-121.52765655517578,38.580608367919922
92069249,2023,2023-05-15,9280,2023-05-09,1725,018941,,2,2,9,5700,0,1,1,,2,020,"I-5 S/B",CR-124,50.00,N,N,A,-,Y,YOL,,5," "," ",0.878,H,,L,Y,2,0,1,1,A,-,03,22350,,N,F,A,A,A,H,-,A,D,0,,,Y,,Y,,C,02,1,0,0,0,0,0,0,0,1,"- ","- ",38.673259735107422,-121.64253997802734,YOLO,UNINCORPORATED,-121.64253997802734,38.673236846923828
92072969,2023,2023-05-19,9280,2023-05-16,"48  ",019986,,2,3,9,5700,0,3,5,,2,003,"COUNTY ROAD 88B","ROAD 4",581.00,S,N,A,-,N,,,,,,,,,,N,2,0,1,1,A,-,01,23152,A,M,E,I,A,A,H,-,D,D,0,,,Y,,Y,Y,C,06,1,0,0,0,0,0,0,0,1,"- ","- ",38.894580841064453,-121.98358154296875,YOLO,UNINCORPORATED,-121.98354339599609,38.894615173339844
92074180,2023,2023-05-22,9280,2023-02-18,1840,018874,,6,2,5,5701,0,1,1,,2,010,"I-80 W/B","MACE BLVD",1356.00,E,N,A,-,Y,YOL,,80," "," ",2.942,H,,L,Y,1,1,0,3,A,-,01,23152,A,N,C,C,A,A,H,-,C,D,0,,,Y,,Y,Y,C,02,0,0,0,0,0,0,0,1,0,"- ","- ",38.554119110107422,-121.68981170654297,YOLO,DAVIS,-121.68981170654297,38.554122924804688
92074360,2023,2023-05-22,9280,2023-04-13,1038,013927,,4,1,9,5700,0,3,5,,2,003,"COUNTY ROAD 1","EMMERT ROAD",90.00,W,N,A,-,N,,,,,,,,,,Y,1,1,0,2,A,-,03,22350,,N,C,2,A,A,H,-,A,D,0,,,,,Y,,D,22,0,0,0,0,0,0,0,0,0,"- ","- ",38.925411224365234,-121.94747161865234,YOLO,UNINCORPORATED,-121.94752502441406,38.925418853759766
92084854,2023,2023-06-20,9280,2023-05-27,1900,017983,,6,2,9,5700,0,3,5,,2,002,"RUSSELL BLVD","COUNTY ROAD 98",0.00,,Y,A,-,N,,,,,,,,,,N,2,0,1,2,A,-,12,22450,A,N,D,G,A,A,H,-,A,A,0,,Y,,,Y,,L,04,1,0,0,0,0,0,1,0,0,"- ","- ",38.546848297119141,-121.80216217041016,YOLO,UNINCORPORATED,-121.80326080322266,38.54693603515625
92095157,2023,2023-06-15,9280,2023-06-14,"525 ",016042,,3,3,9,5700,0,1,3,,2,023,SR-113,"COUNTY ROAD 17",0.00,,Y,A,-,Y,YOL,,113," "," ",14.111,H,,R,Y,2,0,5,1,A,-,03,22350,,N,E,I,A,A,H,-,B,D,0,,,,,Y,,A,08,1,4,0,0,0,0,0,0,0,"- ","- ",38.734840393066406,-121.765380859375,YOLO,UNINCORPORATED,-121.76531982421875,38.734870910644531
92098816,2023,2023-06-21,9280,2023-06-11,"910 ",015128,,7,1,9,5700,0,3,5,,2,001,"COUNTY ROAD 143","SOUTH RIVER RD",2112.00,W,N,A,-,N,,,,,,,,,,Y,2,0,4,1,A,-,03,22350,,N,F,A,A,A,H,-,A,A,0,,,,,Y,,A,01,1,3,0,0,0,0,0,0,0,"- ","- ",38.347679138183594,-121.56558990478516,YOLO,UNINCORPORATED,-121.56551361083984,38.347633361816406
92098902,2023,2023-06-21,9280,2023-06-04,1815,019927,,7,2,9,5700,0,3,5,,2,002,SR-113,"COUNTY ROAD 17",13.00,N,N,A,-,Y,YOL,,113," "," ",14.120,H,,R,Y,1,1,0,1,A,-,08,22107,,N,F,A,A,A,H,-,A,A,0,,,Y,,Y,,C,02,0,0,0,0,0,0,0,1,0,"- ","- ",38.735038757324219,-121.76535797119141,YOLO,UNINCORPORATED,-121.76541900634766,38.734970092773438
92099877,2023,2023-07-19,9280,2023-06-08,"130 ",022326,,4,3,4,5703,0,1,1,,2,020,"I-5 N/B","SR-113 UNDERCROSSING",140.00,N,N,A,-,Y,YOL,,5," ",R,8.310,H,,R,Y,1,1,0,1,A,-,01,23152,A,N,E,I,A,A,H,-,D,D,0,,,,,Y,Y,A,01,0,0,0,0,0,0,0,0,0,"- ","- ",38.696830749511719,-121.76589202880859,YOLO,WOODLAND,-121.76587677001953,38.696865081787109
92099928,2023,2023-06-22,9280,2023-04-09,"30  ",022667,,7,3,5,5701,0,1,1,,2,010,"I-80 W/B","POLE LINE ROAD O/C",1795.00,E,N,A,-,Y,YOL,,80," "," ",1.222,H,,L,N,1,1,1,2,A,-,11,21954,A,N,G,B,E,A,H,-,D,D,0,Y,,,,Y,Y,N,60,0,1,0,1,0,0,0,0,0,"- ","- ",38.547210693359375,-121.72029876708984,YOLO,DAVIS,-121.72030639648438,38.547225952148438
92101126,2023,2023-07-06,9280,2023-04-24,1940,017874,,1,2,9,5700,0,3,5,,2,003,"COUNTY ROAD 99W","ROAD 4",1464.00,S,N,A,-,N,,,,,,,,,,N,1,2,1,1,A,-,08,22107,,F,E,I,A,A,H,-,B,D,0,,,,,Y,,A,01,1,0,0,0,0,0,0,0,0,"- ","- ",38.892230987548828,-121.97454833984375,YOLO,UNINCORPORATED,-121.97474670410156,38.892612457275391
92111148,2023,2023-07-06,9280,2023-07-01,"410 ",022667,,6,3,9,5700,0,1,1,,2,010,"I-80 E/B","MACE BOULEVARD",3168.00,E,N,A,-,Y,YOL,,80," "," ",3.291,H,,R,Y,2,0,3,1,A,-,01,23152,A,N,E,8,A,A,H,-,D,D,0,,,,,Y,Y,A,01,3,0,0,0,0,0,0,0,0,"- ","- ",38.555259704589844,-121.68364715576172,YOLO,UNINCORPORATED,-121.68366241455078,38.555294036865234
92114928,2023,2023-07-12,9280,2023-07-04,"5   ",021510,,2,3,5,5701,0,1,1,,2,010,"I-80 EASTBOUND","MACE BOULEVARD",3696.00,W,N,A,-,Y,YOL,,80," "," ",1.919,H,,R,Y,2,0,1,2,A,-,01,23152,A,N,C,C,A,A,H,-,D,D,0,,,,,Y,Y,A,01,1,0,0,0,0,0,0,0,0,"- ","- ",38.549789428710938,-121.70793914794922,YOLO,DAVIS,-121.70793914794922,38.549797058105469