CASE_ID,ACCIDENT_YEAR,PROC_DATE,JURIS,COLLISION_DATE,COLLISION_TIME,OFFICER_ID,REPORTING_DISTRICT,DAY_OF_WEEK,CHP_SHIFT,POPULATION,CNTY_CITY_LOC,SPECIAL_COND,BEAT_TYPE,CHP_BEAT_TYPE,CITY_DIVISION_LAPD,CHP_BEAT_CLASS,BEAT_NUMBER,PRIMARY_RD,SECONDARY_RD,DISTANCE,DIRECTION,INTERSECTION,WEATHER_1,WEATHER_2,STATE_HWY_IND,CALTRANS_COUNTY,CALTRANS_DISTRICT,STATE_ROUTE,ROUTE_SUFFIX,POSTMILE_PREFIX,POSTMILE,LOCATION_TYPE,RAMP_INTERSECTION,SIDE_OF_HWY,TOW_AWAY,COLLISION_SEVERITY,NUMBER_KILLED,NUMBER_INJURED,PARTY_COUNT,PRIMARY_COLL_FACTOR,PCF_CODE_OF_VIOL,PCF_VIOL_CATEGORY,PCF_VIOLATION,PCF_VIOL_SUBSECTION,HIT_AND_RUN,TYPE_OF_COLLISION,MVIW,PED_ACTION,ROAD_SURFACE,ROAD_COND_1,ROAD_COND_2,LIGHTING,CONTROL_DEVICE,CHP_ROAD_TYPE,PEDESTRIAN_ACCIDENT,BICYCLE_ACCIDENT,MOTORCYCLE_ACCIDENT,TRUCK_ACCIDENT,NOT_PRIVATE_PROPERTY,ALCOHOL_INVOLVED,STWD_VEHTYPE_AT_FAULT,CHP_VEHTYPE_AT_FAULT,COUNT_SEVERE_INJ,COUNT_VISIBLE_INJ,COUNT_COMPLAINT_PAIN,COUNT_PED_KILLED,COUNT_PED_INJURED,COUNT_BICYCLIST_KILLED,COUNT_BICYCLIST_INJURED,COUNT_MC_KILLED,COUNT_MC_INJURED,PRIMARY_RAMP,SECONDARY_RAMP,LATITUDE,LONGITUDE,COUNTY,CITY,POINT_X,POINT_Y
9211547,2020,2021-01-28,5704,2020-12-22,1730,06089,,2,5,4,5704,0,0,0,,0,001,"JEFFERSON BL","TRIANGLE CT",515.00,S,N,A,-,N,,,,,,,,,,N,1,1,0,2,A,-,11,21955,,N,G,B,D,A,H,-,B,D,0,Y,,,,Y,Y,N,60,0,0,0,1,0,0,0,0,0,"- ","- ",38.586849212646484,-121.52687072753906,YOLO,"WEST SACRAMENTO",-121.52645111083984,38.585460662841797
9211552,2021,2023-06-17,5701,2021-01-03,1800,127,8,7,5,5,5701,0,0,0,,0,004,"OLIVE DR","HICKORY LN",212.00,W,N,B,-,N,,,,,,,,,,N,1,1,0,2,A,-,01,23153,A,F,G,B,D,A,H,-,C,D,0,Y,,,,Y,Y,D,22,0,0,0,1,0,0,0,0,0,"- ","- ",38.540809631347656,-121.73863220214844,YOLO,DAVIS,-121.73666381835938,38.542129516601562
9211588,2020,2022-06-13,5702,2020-11-09,2204,5021,5702,1,5,2,5702,0,0,0,,0,00C,"COUNTY ROAD 89/ NORTH OF NIEMANN ST","COUNTY ROAD 89",9.00,E,N,A,-,N,,,,,,,,,,Y,1,1,0,1,A,-,01,23152,A,N,E,I,A,-,H,-,D,D,0,,,,,Y,Y,A,01,0,0,0,0,0,0,0,0,0,"- ","- ",,,YOLO,WINTERS,-121.97110748291016,38.530910491943359
92118632,2023,2023-07-17,9280,2023-07-12,1845,018352,,3,2,9,5700,0,2,4,,1,021,"COUNTY ROAD 102","RT 113",2530.00,S,N,A,-,N,,,,,,,,,,Y,2,0,3,3,A,-,08,22107,,N,B,C,A,A,H,-,A,D,0,,,,,Y,,A,01,1,2,0,0,0,0,0,0,0,"- ","- ",38.785308837890625,-121.72841644287109,YOLO,UNINCORPORATED,-121.72843933105469,38.785373687744141
92124691,2023,2023-07-28,9280,2023-07-15,2308,022326,,6,3,9,5700,0,2,4,,1,021,"COUNTY ROAD 102","COUNTY ROAD 14",2960.00,S,N,A,-,N,,,,,,,,,,Y,2,0,1,2,A,-,01,23152,A,N,D,C,A,A,G,-,D,A,0,,,,,Y,Y,A,01,1,0,0,0,0,0,0,0,0,"- ","- ",38.767379760742188,-121.72882843017578,YOLO,UNINCORPORATED,-121.72879791259766,38.769741058349609
92130581,2023,2023-07-28,9280,2023-07-21,2300,017964,,5,3,9,5700,0,1,3,,2,032,"STATE ROUTE 128","PLEASANTS VALLEY RD",1375.00,W,N,A,-,Y,YOL,,128," "," ",4.907,H,,R,Y,2,0,1,1,A,-,08,22107,,N,E,8,A,A,H,-,A,A,0,,,,,Y,,D,22,1,0,0,0,0,0,0,0,0,"- ","- ",38.495079040527344,-122.02268218994141,YOLO,UNINCORPORATED,-122.02268218994141,38.495071411132812
92130584,2023,2023-10-12,9280,2023-07-21,2138,016144,,5,2,9,5700,0,3,5,,2,003,"COUNTY ROAD 99W","COUNTY ROAD 7",18.00,S,N,A,-,N,,,,,,,,,,Y,2,0,2,2,A,-,02,22400,A,N,C,C,A,A,H,-,D,D,0,,,,,Y,,M,46,1,1,0,0,0,0,0,0,0,"- ","- ",38.866718292236328,-121.95372772216797,YOLO,UNINCORPORATED,-121.95426177978516,38.867202758789062
92135489,2023,2023-08-03,9280,2023-07-19,2210,021276,,3,3,9,5700,0,1,1,,2,010,"I-80 E/B","COUNTY ROAD 32B",2967.25,E,N,A,-,Y,YOL,,80," "," ",6.352,H,,R,Y,1,1,0,1,A,-,03,22350,,N,F,A,A,A,H,-,D,D,0,,,,,Y,,A,01,0,0,0,0,0,0,0,0,0,"- ","- ",38.565120697021484,-121.62847900390625,YOLO,UNINCORPORATED,-121.62849426269531,38.565166473388672
92137623,2023,2023-08-07,9280,2023-07-30,1306,015128,,7,1,9,5700,0,3,5,,2,002,"COUNTY ROAD 22","COUNTY ROAD 103",635.00,E,N,A,-,Y,,,,,,,,,,Y,2,0,1,1,A,-,08,22107,,N,F,A,A,A,H,-,A,D,0,,,,,Y,,D,22,1,0,0,0,0,0,0,0,0,"- ","- ",38.676921844482422,-121.70735168457031,YOLO,UNINCORPORATED,,
9215748,2021,2021-03-18,5704,2021-01-06,1311,06015,,3,5,4,5704,0,0,0,,0,002,"INDUSTRIAL BL","BEACON BL",950.00,W,N,B,-,N,,,,,,,,,,N,2,0,1,2,A,-,07,21658,A,N,G,B,F,A,H,-,A,D,0,Y,,,,Y,,E,22,1,0,0,0,1,0,0,0,0,"- ","- ",38.572681427001953,-121.55445861816406,YOLO,"WEST SACRAMENTO",-121.55757141113281,38.573657989501953
92162306,2023,2023-09-05,9280,2023-08-26,"120 ",022326,,6,3,9,5700,0,1,1,,2,010,"I-80 E/B","MACE BOULEVARD",5200.00,E,N,A,-,Y,YOL,,80," "," ",4.144,H,,R,Y,2,0,3,2,A,-,07,21658,A,N,B,2,A,A,D,-,D,D,0,,,,,Y,,A,08,1,2,0,0,0,0,0,0,0,"- ","- ",38.558578491210938,-121.66848754882812,YOLO,UNINCORPORATED,-121.66849517822266,38.558612823486328
92180308,2023,2023-09-26,9280,2023-09-23,1359,020888,,6,1,9,5700,0,2,4,,1,021,"COUNTY ROAD 102","COUNTY ROAD 17",3168.00,S,N,A,-,N,,,,,,,,,,Y,2,0,2,1,A,-,01,23152,A,N,E,I,A,A,H,-,A,D,0,,,,,Y,Y,A,01,1,1,0,0,0,0,0,0,0,"- ","- ",38.725910186767578,-121.73001098632812,YOLO,UNINCORPORATED,-121.72998046875,38.725914001464844
9218421,2020,2021-02-09,5703,2020-12-08,1235,2891,53,2,5,4,5703,0,0,0,,0,004,"OLIVER CT","PIONEER AV",191.00,E,N,A,-,N,,,,,,,,,,N,2,0,1,2,A,-,10,21952,,N,G,B,F,A,H,-,A,D,0,Y,,,,Y,,A,01,1,0,0,0,1,0,0,0,0,"- ","- ",38.666790008544922,-121.74224090576172,YOLO,WOODLAND,-121.74152374267578,38.666801452636719
92188179,2023,2023-10-02,9280,2023-09-20,2325,019094,,3,3,9,5700,0,1,3,,2,034,"STATE ROUTE 16 (SR-16)","COUNTY RD 44 (CR-44)",1584.00,E,N,A,-,Y,YOL,,16," "," ",10.620,H,,R,Y,2,0,1,1,A,-,08,22107,,N,E,I,A,A,H,-,D,D,0,,,,,Y,,D,22,1,0,0,0,0,0,0,0,0,"- ","- ",38.846340179443359,-122.20484161376953,YOLO,UNINCORPORATED,-122.20481109619141,38.846351623535156
92189096,2023,2023-10-03,9280,2023-09-28,"125 ",021661,,4,3,4,5704,0,1,2,,2,011,"US-50 W/B TO 5TH ST","5TH ST",530.00,W,N,A,-,Y,,,,,,,,,,Y,2,0,1,1,A,-,00,22017,,N,F,0,A,A,H,-,C,D,0,,,Y,,Y,,C,02,1,0,0,0,0,0,0,0,1,"- ","- ",38.577140808105469,-121.51882934570312,YOLO,"WEST SACRAMENTO",-121.51882934570312,38.577140808105469
92194409,2023,2023-10-09,9280,2023-10-06,1550,017964,,5,2,9,5700,0,3,5,,2,002,"COUNTY ROAD 95","COUNTY ROAD 31",0.00,,Y,A,-,N,,,,,,,,,,Y,2,0,2,2,A,-,09,21802,A,N,D,C,A,A,H,-,A,A,0,,,,,Y,,A,07,1,0,1,0,0,0,0,0,0,"- ","- ",38.561599731445312,-121.85887145996094,YOLO,UNINCORPORATED,-121.85884094238281,38.561580657958984
9219590,2020,2021-02-19,5701,2020-12-29,1905,234,8,2,5,5,5701,0,0,0,,0,004,"COWELL BL","DREW CIR",4.00,N,N,A,-,N,,,,,,,,,,N,2,0,1,2,A,-,10,21950,A,N,G,B,B,A,H,-,C,A,0,Y,,,Y,Y,,F,76,1,0,0,0,1,0,0,0,0,"- ","- ",38.539890289306641,-121.72711181640625,YOLO,DAVIS,-121.72714233398438,38.539890289306641
92197198,2023,2023-10-12,9280,2023-10-05,1633,017874,,4,2,9,5700,0,1,3,,1,024,"STATE ROUTE 16","COUNTY ROAD 97",249.00,E,N,A,-,Y,YOL,,16," "," ",39.608,H,,R,Y,2,0,1,2,A,-,05,21460,A,N,D,2,A,A,H,-,A,D,0,,,,,Y,,D,22,1,0,0,0,0,0,0,0,0,"- ","- ",38.677818298339844,-121.8201904296875,YOLO,UNINCORPORATED,-121.8201904296875,38.67779541015625
92200277,2023,2023-10-16,9280,2023-08-13,1448,018874,,7,2,9,5700,0,1,1,,2,020,"I-5 S/B","COUNTY ROAD 17A",2376.00,N,N,A,-,Y,YOL,,5," ",R,12.802,H,,L,Y,1,1,0,1,A,-,08,22107,,N,E,8,A,A,H,-,A,D,0,,,,,Y,,D,22,0,0,0,0,0,0,0,0,0,"- ","- ",38.741321563720703,-121.82244110107422,YOLO,UNINCORPORATED,-121.82239532470703,38.741344451904297
92227817,2023,2023-11-03,9280,2023-10-29,1555,017983,,7,2,9,5700,0,2,4,,2,025,"COUNTY ROAD 98","HUTCHINSON DR",0.00,,Y,A,-,N,,,,,,,,,,Y,2,0,4,2,A,-,09,21802,A,N,D,C,A,A,H,-,A,D,0,,,,,Y,,A,07,2,2,0,0,0,0,0,0,0,"- ","- ",38.539760589599609,-121.80329132080078,YOLO,UNINCORPORATED,-121.80329895019531,38.539783477783203
9222821,2021,2021-03-18,5701,2021-01-24,2046,237,3,7,5,5,5701,0,0,0,,0,001,"SOLITO ST","GRANDE AV",83.00,S,N,B,C,N,,,,,,,,,,N,2,0,1,2,A,-,12,22450,A,N,G,B,B,B,H,-,C,D,0,Y,,,,Y,,A,07,1,0,0,0,1,0,0,0,0,"- ","- ",38.569179534912109,-121.74801635742188,YOLO,DAVIS,-121.74794006347656,38.568958282470703
9226196,2021,2021-03-24,5704,2021-02-06,1219,06210,,6,5,4,5704,0,0,0,,0,001,"CUMMINS WY","HARDY DR",0.00,,Y,A,-,N,,,,,,,,,,Y,2,0,2,2,A,-,12,22450,A,N,D,C,A,A,H,-,A,A,0,,,,,Y,,A,01,1,1,0,0,0,0,0,0,0,"- ","- ",38.594039916992188,-121.52320861816406,YOLO,"WEST SACRAMENTO",-121.52323913574219,38.594078063964844
92265931,2023,2023-12-19,9280,2023-12-15,1745,017983,,5,2,9,5700,0,1,1,,2,020,"I-5 S/B","COUNTY ROAD 22",2407.00,N,N,A,-,Y,YOL,,5," "," ",1.072,H,,L,Y,2,0,1,2,A,-,03,22350,,N,C,C,A,A,H,-,D,D,0,,,,,Y,,A,01,1,0,0,0,0,0,0,0,0,"- ","- ",38.673271179199219,-121.64614105224609,YOLO,UNINCORPORATED,-121.64614105224609,38.673255920410156
9226624,2021,2021-03-08,5704,2021-01-31,0720,00174,,7,5,4,5704,0,0,0,,0,003,"SOUTHPORT PKWY","CARLIN DR",776.00,E,N,A,-,N,,,,,,,,,,Y,2,0,1,1,A,-,03,22350,,N,E,I,A,A,H,-,A,D,0,,,,,Y,,A,01,1,0,0,0,0,0,0,0,0,"- ","- ",38.550979614257812,-121.56675720214844,YOLO,"WEST SACRAMENTO",-121.56685638427734,38.551059722900391
92270817,2023,2023-12-26,9280,2023-12-02,"215 ",016520,,6,3,9,5700,0,3,5,,2,003,"ROAD 31","ROAD 93A",0.00,,Y,B,-,N,,,,,,,,,,Y,2,0,2,1,A,-,01,23152,A,N,F,A,A,A,H,-,D,D,0,,,,,Y,Y,A,01,1,1,0,0,0,0,0,0,0,"- ","- ",38.561611175537109,-121.89679718017578,YOLO,UNINCORPORATED,-121.89626312255859,38.561599731445312
92290273,2024,2024-01-18,9280,2024-01-09,"512 ",022667,,2,3,9,5700,0,3,5,,2,002,"OLD RIVER RD","COUNTY ROAD 119",35.00,S,N,A,-,N,,,,,,,,,,Y,2,0,2,2,A,-,05,21752,D,N,B,2,A,A,H,-,D,D,0,,,,,Y,,A,07,1,1,0,0,0,0,0,0,0,"- ","- ",38.667518615722656,-121.62123870849609,YOLO,UNINCORPORATED,-121.62124633789062,38.667530059814453
92318009,2024,2024-02-20,9280,2024-02-10,1735,017964,,6,2,9,5700,0,3,5,,2,003,"COUNTY ROAD 4","COUNTY ROAD 99W",0.00,,Y,A,-,N,,,,,,,,,,Y,2,0,2,2,A,-,12,22450,A,N,D,2,A,A,H,-,B,A,0,,,,,Y,,D,22,1,0,1,0,0,0,0,0,0,"- ","- ",38.896209716796875,-121.97711181640625,YOLO,UNINCORPORATED,-121.97707366943359,38.896198272705078
92323127,2023,2024-05-09,9280,2023-11-21,2500,021248,,2,4,4,5703,0,1,3,,2,022,"SR-113 S/B TO E MAIN ST.","EAST MAIN ST",300.00,W,N,A,-,Y,,,,,,,,,,N,1,1,0,2,D,-,00,,,F,G,B,E,A,H,-,D,D,0,Y,,,,Y,,-,"- ",0,0,0,1,0,0,0,0,0,"- ","- ",38.674961090087891,-121.75277709960938,YOLO,WOODLAND,-121.75277709960938,38.674961090087891
92324057,2024,2024-02-27,9280,2024-02-24,1900,017983,,6,2,9,5700,0,1,1,,2,020,"I-5 S/B",SR-16,976.00,S,N,A,-,Y,YOL,,5," ",R,10.621,H,,L,Y,2,0,1,2,A,-,08,22107,,N,B,C,A,A,H,-,D,D,0,,,Y,Y,Y,,C,02,1,0,0,0,0,0,0,0,1,"- ","- ",38.7164306640625,-121.79833984375,YOLO,UNINCORPORATED,-121.79831695556641,38.716445922851562
92332474,2024,2024-03-07,9280,2024-03-03,"424 ",022667,,7,3,4,5704,0,1,2,,2,011,"US-50 E/B","WESTACRE RD U/C",95.00,W,N,B,-,Y,YOL,,50," "," ",2.164,H,,R,Y,2,0,2,4,A,-,03,22350,,N,D,2,E,B,D,E,C,D,0,Y,,,,Y,Y,A,01,2,0,0,0,2,0,0,0,0,"- ","- ",38.575851440429688,-121.53105926513672,YOLO,"WEST SACRAMENTO",-121.53107452392578,38.575881958007812
92334993,2024,2024-03-11,9280,2024-03-05,1008,015353,,2,1,9,5700,0,3,5,,2,002,"COUNTY ROAD 99W","2ND STREET",0.00,,Y,B,-,N,,,,,,,,,,N,2,0,2,2,A,-,09,21802,A,N,D,C,A,A,H,-,A,A,0,,,,,Y,,A,08,2,0,0,0,0,0,0,0,0,"- ","- ",38.729160308837891,-121.80867767333984,YOLO,UNINCORPORATED,-121.80863952636719,38.729160308837891
92342856,2024,2024-03-20,9280,2024-03-09,1640,018316,,6,2,9,5700,0,1,3,,2,023,SR-113,"BEST RANCH RD.",536.00,N,N,B,-,Y,YOL,,113," "," ",12.976,H,,R,Y,2,0,1,1,A,-,01,23152,A,N,E,I,A,A,H,-,A,D,0,,,,,Y,Y,A,07,1,0,0,0,0,0,0,0,0,"- ","- ",38.718551635742188,-121.76467132568359,YOLO,UNINCORPORATED,-121.76463317871094,38.718547821044922
92342884,2024,2024-03-20,9280,2024-03-13,2245,022667,,3,3,9,5700,0,3,5,,2,001,"SOUTH RIVER ROAD","BABEL SLOUGH RD",165.00,N,N,B,-,N,,,,,,,,,,Y,2,0,2,1,A,-,01,23152,A,N,E,8,A,A,H,-,D,D,0,,,,,Y,Y,A,08,1,1,0,0,0,0,0,0,0,"- ","- ",38.480560302734375,-121.54950714111328,YOLO,UNINCORPORATED,-121.54954528808594,38.480533599853516
92351647,2024,2024-04-01,9280,2024-03-10,"36  ",022215,,7,3,9,5700,0,3,5,,2,002,"COUNTY ROAD 24","COUNTY ROAD 97",1560.00,E,N,A,-,N,,,,,,,,,,N,1,1,0,2,A,-,11,21954,A,N,G,B,E,A,H,-,D,D,0,Y,,,,Y,,N,60,0,0,0,1,0,0,0,0,0,"- ","- ",38.663238525390625,-121.81564331054688,YOLO,UNINCORPORATED,-121.81565856933594,38.663238525390625
92351707,2024,2024-04-01,9280,2024-03-24,"515 ",022215,,7,3,4,5704,0,1,2,,2,011,"US-50 W/B TO I-80 E/B","I-80 E/B",1000.00,E,N,B,-,Y,,,,,,,,,,Y,2,0,1,1,A,-,03,22350,,N,F,0,A,B,H,-,D,D,0,,,,,Y,,A,07,1,0,0,0,0,0,0,0,0,"- ","- ",38.576408386230469,-121.56109619140625,YOLO,"WEST SACRAMENTO",-121.56109619140625,38.576408386230469
92351756,2024,2024-04-01,9280,2024-03-29,1145,017963,,5,1,9,5700,0,1,1,,2,010,"I-80 W/B","COUNTY ROAD 105",2376.00,E,N,B,-,Y,YOL,,80," "," ",4.206,H,,L,Y,2,0,2,2,A,-,03,22350,,N,C,2,A,A,D,E,A,D,0,,,,,Y,,A,01,1,0,1,0,0,0,0,0,0,"- ","- ",38.558921813964844,-121.66732025146484,YOLO,UNINCORPORATED,-121.66732788085938,38.5589599609375
92371841,2024,2024-04-22,9280,2024-04-16,2241,022215,,2,3,9,5700,0,1,1,,2,010,"I-80 W/B","ENTERPRISE BLVD",1535.00,W,N,A,-,Y,YOL,,80," "," ",8.894,H,,L,Y,2,0,2,2,A,-,01,23152,A,N,C,C,A,A,H,-,D,D,0,,,,Y,Y,Y,A,07,2,0,0,0,0,0,0,0,0,"- ","- ",38.573509216308594,-121.58274078369141,YOLO,UNINCORPORATED,-121.58274841308594,38.573524475097656
92377194,2024,2024-04-29,9280,2024-04-21,1110,015353,,7,1,4,5704,0,1,2,,2,011,"US-50 W/B TO JEFFERSON BLVD","SOUTH RIVER ROAD",416.00,W,N,A,-,Y,YOL,,50," "," ",2.815,H,,L,N,2,0,2,2,A,-,01,23152,A,F,C,C,A,A,H,-,A,D,0,,,,,Y,Y,D,22,2,0,0,0,0,0,0,0,0,"- ","- ",38.575260162353516,-121.51983642578125,YOLO,"WEST SACRAMENTO",-121.52001190185547,38.575141906738281
92377419,2024,2024-06-03,9280,2024-01-29,"45  ",021277,,1,3,9,5700,0,3,5,,2,003,"COUNTY ROAD 29A","COUNTY ROAD 92E",75.00,E,N,A,-,N,,,,,,,,,,Y,2,0,3,1,A,-,03,22350,,N,E,8,A,A,H,-,D,D,0,,,,,Y,,J,48,1,0,2,0,0,0,0,0,0,"- ","- ",38.583690643310547,-121.90563201904297,YOLO,UNINCORPORATED,-121.90592193603516,38.583610534667969
92382421,2024,2024-05-06,9280,2024-04-23,1653,015353,,2,2,9,5700,0,2,4,,1,021,"COUNTY ROAD 102","COUNTY ROAD 16",2920.00,N,N,A,-,N,,,,,,,,,,N,2,0,2,2,A,-,01,23152,F,N,A,C,A,A,H,-,A,A,0,,,,,Y,Y,A,01,2,0,0,0,0,0,0,0,0,"- ","- ",38.756698608398438,-121.72917175292969,YOLO,UNINCORPORATED,-121.72914886474609,38.756816864013672
92385768,2024,2024-08-14,9280,2024-04-30,1755,017964,,2,2,9,5700,0,1,3,,2,034,"STATE ROUTE 16","COUNTY ROAD 80",1800.00,E,N,A,-,Y,YOL,,16," "," ",21.733,H,,R,Y,2,0,1,1,A,-,01,23152,A,N,E,8,A,A,H,-,A,A,0,,,,,Y,Y,A,07,1,0,0,0,0,0,0,0,0,"- ","- ",38.705009460449219,-122.11911010742188,YOLO,UNINCORPORATED,-122.11905670166016,38.705032348632812
9239458,2021,2021-05-03,5704,2021-04-12,2206,06210,,1,5,4,5704,0,0,0,,0,003,"JEFFERSON BL","HIGGINS RD",0.00,,Y,A,-,N,,,,,,,,,,Y,2,0,3,2,A,-,12,21453,A,N,D,C,A,A,H,-,C,A,0,,,,,Y,,D,22,1,1,1,0,0,0,0,0,0,"- ","- ",38.546649932861328,-121.54296875,YOLO,"WEST SACRAMENTO",-121.54302215576172,38.546695709228516
92402207,2024,2024-05-30,9280,2024-05-17,2323,022215,,5,3,9,5700,0,1,3,,2,034,"STATE ROUTE 16",INTERSTATE-505,500.00,E,N,A,-,Y,YOL,,16," "," ",32.334,H,,R,Y,2,0,2,2,A,-,01,23152,A,N,D,2,A,A,H,-,D,D,0,,,,,Y,Y,A,08,1,0,1,0,0,0,0,0,0,"- ","- ",38.679309844970703,-121.9500732421875,YOLO,UNINCORPORATED,-121.95005798339844,38.679347991943359
92404682,2024,2024-06-14,9280,2024-05-21,"824 ",015128,,2,1,9,5700,0,3,5,,2,002,CR-95,CR-31,0.00,,Y,A,-,N,,,,,,,,,,Y,2,0,2,2,A,-,17,21461,A,N,D,C,A,A,H,-,A,A,0,,,,,Y,,A,01,1,1,0,0,0,0,0,0,0,"- ","- ",38.561580657958984,-121.85885620117188,YOLO,UNINCORPORATED,-121.85884094238281,38.561580657958984
92408886,2024,2024-06-07,9280,2024-06-02,2250,021248,,7,3,9,5700,0,3,5,,2,002,"COUNTY ROAD 96","COUNTY ROAD 21",1000.00,N,N,A,-,N,,,,,,,,,,Y,2,0,1,1,A,-,03,22350,,N,E,8,A,A,H,-,A,D,0,,,,,Y,,A,01,1,0,0,0,0,0,0,0,0,"- ","- ",38.686241149902344,-121.83963775634766,YOLO,UNINCORPORATED,-121.83953094482422,38.687885284423828
92422269,2024,2024-06-24,9280,2024-06-18,"910 ",016042,,2,1,9,5700,0,3,5,,2,002,"COUNTY ROAD 22","I 5 NORTHBOUND COUNTY ROAD 22 OFFRAMP",550.00,W,N,A,-,N,,,,,,,,,,Y,2,0,1,1,A,-,01,23152,A,N,E,8,A,A,H,-,A,D,0,,,,,Y,Y,D,22,1,0,0,0,0,0,0,0,0,"- ","- ",38.676719665527344,-121.63993835449219,YOLO,UNINCORPORATED,,
92422950,2024,2024-06-25,9280,2024-05-06,"850 ",016042,,1,1,9,5700,0,1,1,,2,010,"I-80 E/B","COUNTY ROAD 32A",1600.00,W,N,A,-,Y,YOL,,80," "," ",5.475,H,,R,Y,2,0,4,4,A,-,01,23152,F,N,C,C,A,A,D,E,A,D,0,,,,,Y,,A,01,2,1,1,0,0,0,0,0,0,"- ","- ",38.562301635742188,-121.64434814453125,YOLO,UNINCORPORATED,-121.64435577392578,38.562320709228516
92424910,2024,2024-06-27,9280,2024-06-21,1615,017983,,5,2,9,5700,0,3,5,,2,001,"COUNTY ROAD 32A","COUNTY ROAD 105",100.00,S,N,A,-,N,,,,,,,,,,Y,2,0,4,2,A,-,01,23152,A,N,A,C,A,A,H,-,A,D,0,,,,,Y,Y,A,01,1,3,0,0,0,0,0,0,0,"- ","- ",38.557628631591797,-121.67539978027344,YOLO,UNINCORPORATED,-121.67597961425781,38.557895660400391
92428912,2024,2024-07-02,9280,2024-06-22,2350,018352,,6,3,9,5700,0,1,3,,2,034,"SR16 W/B","COUNTY ROAD 44",8.00,E,N,A,-,N,,,,,,,,,,Y,2,0,3,1,A,-,01,23152,A,N,E,I,A,A,H,-,D,D,0,,,,,Y,Y,D,22,3,0,0,0,0,0,0,0,0,"- ","- ",38.850090026855469,-121.20706939697266,YOLO,UNINCORPORATED,-122.20716094970703,38.850318908691406
92436598,2024,2024-07-12,9280,2024-07-05,1845,021248,,5,2,9,5700,0,1,1,,2,020,"I-5 N/B","COUNTY ROAD 102",8976.00,E,N,A,-,Y,YOL,,5," "," ",3.807,H,,R,Y,2,0,1,2,A,-,03,22350,,N,C,C,A,A,H,-,A,D,0,,,,,Y,,A,01,1,0,0,0,0,0,0,0,0,"- ","- ",38.673690795898438,-121.69671630859375,YOLO,UNINCORPORATED,-121.69671630859375,38.67376708984375
92440244,2024,2024-07-16,9280,2024-07-04,2345,023616,,4,3,9,5700,0,1,1,,2,010,"I-80 W/B","CHILES RD",1478.00,E,N,A,-,Y,YOL,,80," "," ",6.072,H,,L,Y,2,0,4,2,C,-,18,,,N,C,C,A,A,D,-,D,D,0,,,,,Y,,-,"- ",1,1,2,0,0,0,0,0,0,"- ","- ",38.564468383789062,-121.63359832763672,YOLO,UNINCORPORATED,-121.63358306884766,38.564422607421875
9244588,2021,2021-05-06,5702,2021-03-15,1653,540,5702,1,5,2,5702,0,0,0,,0,00A,"ABBEY ST","4TH ST",0.00,,Y,A,-,N,,,,,,,,,,N,2,0,1,2,A,-,09,21801,,N,B,G,A,A,H,-,A,D,0,,Y,,,Y,,L,04,1,0,0,0,0,0,1,0,0,"- ","- ",,,YOLO,WINTERS,-121.97523498535156,38.520523071289062
9249990,2021,2021-04-27,5703,2021-03-27,1620,2070,84,6,5,4,5703,0,0,0,,0,002,"N COTTONWOOD ST","WEST WOODLAND AV",560.00,S,N,A,-,N,,,,,,,,,,Y,2,0,1,2,A,-,08,22102,,N,D,C,A,A,H,-,A,D,0,,,Y,,Y,,A,01,1,0,0,0,0,0,0,0,1,"- ","- ",38.688499450683594,-121.79344177246094,YOLO,WOODLAND,-121.79363250732422,38.686943054199219
9256320,2021,2023-06-24,5704,2021-02-15,2332,00166,,1,5,4,5704,0,0,0,,0,002,"JEFFERSON BL","LOCKS DR",260.00,S,N,A,-,N,,,,,,,,,,Y,1,2,2,2,A,-,01,23152,A,N,A,C,A,A,H,-,C,D,0,,,,,Y,Y,D,22,2,0,0,0,0,0,0,0,0,"- ","- ",38.559638977050781,-121.52971649169922,YOLO,"WEST SACRAMENTO",-121.5301513671875,38.559120178222656
9256396,2021,2021-07-22,5704,2021-05-24,0833,00165,,1,5,4,5704,0,0,0,,0,001,"SUNSET AV","LISBON AV",290.00,S,N,A,-,N,,,,,,,,,,Y,1,1,1,2,A,-,09,21804,B,N,D,C,A,A,H,-,A,D,0,,,Y,,Y,,C,02,0,1,0,0,0,0,0,1,0,"- ","- ",38.593780517578125,-121.54559326171875,YOLO,"WEST SACRAMENTO",-121.54485321044922,38.593238830566406