CASE_ID,ACCIDENT_YEAR,PROC_DATE,JURIS,COLLISION_DATE,COLLISION_TIME,OFFICER_ID,REPORTING_DISTRICT,DAY_OF_WEEK,CHP_SHIFT,POPULATION,CNTY_CITY_LOC,SPECIAL_COND,BEAT_TYPE,CHP_BEAT_TYPE,CITY_DIVISION_LAPD,CHP_BEAT_CLASS,BEAT_NUMBER,PRIMARY_RD,SECONDARY_RD,DISTANCE,DIRECTION,INTERSECTION,WEATHER_1,WEATHER_2,STATE_HWY_IND,CALTRANS_COUNTY,CALTRANS_DISTRICT,STATE_ROUTE,ROUTE_SUFFIX,POSTMILE_PREFIX,POSTMILE,LOCATION_TYPE,RAMP_INTERSECTION,SIDE_OF_HWY,TOW_AWAY,COLLISION_SEVERITY,NUMBER_KILLED,NUMBER_INJURED,PARTY_COUNT,PRIMARY_COLL_FACTOR,PCF_CODE_OF_VIOL,PCF_VIOL_CATEGORY,PCF_VIOLATION,PCF_VIOL_SUBSECTION,HIT_AND_RUN,TYPE_OF_COLLISION,MVIW,PED_ACTION,ROAD_SURFACE,ROAD_COND_1,ROAD_COND_2,LIGHTING,CONTROL_DEVICE,CHP_ROAD_TYPE,PEDESTRIAN_ACCIDENT,BICYCLE_ACCIDENT,MOTORCYCLE_ACCIDENT,TRUCK_ACCIDENT,NOT_PRIVATE_PROPERTY,ALCOHOL_INVOLVED,STWD_VEHTYPE_AT_FAULT,CHP_VEHTYPE_AT_FAULT,COUNT_SEVERE_INJ,COUNT_VISIBLE_INJ,COUNT_COMPLAINT_PAIN,COUNT_PED_KILLED,COUNT_PED_INJURED,COUNT_BICYCLIST_KILLED,COUNT_BICYCLIST_INJURED,COUNT_MC_KILLED,COUNT_MC_INJURED,PRIMARY_RAMP,SECONDARY_RAMP,LATITUDE,LONGITUDE,COUNTY,CITY,POINT_X,POINT_Y
9256462,2021,2023-06-17,5703,2021-07-16,0849,2070,61,5,5,4,5703,0,0,0,,0,001,"PIONEER AV","TIDE CT",78.00,S,N,A,-,N,,,,,,,,,,Y,1,1,0,2,A,-,01,23152,A,F,C,G,A,A,H,-,A,D,0,,Y,,,Y,Y,A,01,0,0,0,0,0,1,0,0,0,"- ","- ",38.681011199951172,-121.74684143066406,YOLO,WOODLAND,-121.74685668945312,38.680774688720703
9256771,2021,2021-06-17,5704,2021-05-20,1023,06015,,4,5,4,5704,0,0,0,,0,002,"CEBRIAN ST","STONE BL",275.00,N,N,A,-,N,,,,,,,,,,N,2,0,1,3,A,-,17,22517,,N,B,E,E,A,H,-,A,D,0,Y,,,Y,Y,,N,60,1,0,0,0,1,0,0,0,0,"- ","- ",38.563140869140625,-121.53859710693359,YOLO,"WEST SACRAMENTO",-121.53864288330078,38.564006805419922
9257730,2021,2021-05-04,5704,2021-04-04,2330,06210,,7,5,4,5704,0,0,0,,0,003,"JEFFERSON BL","ARMFIELD AV",1400.00,S,N,A,-,N,,,,,,,,,,Y,2,0,1,1,A,-,01,23152,A,N,F,A,A,A,H,-,D,D,0,,,,,Y,Y,A,01,1,0,0,0,0,0,0,0,0,"- ","- ",38.507999420166016,-121.57879638671875,YOLO,"WEST SACRAMENTO",-121.58211517333984,38.504985809326172
9258190,2021,2021-06-28,5703,2021-04-20,1930,2831,62,2,5,4,5703,0,0,0,,0,002,"COURT ST","WEST ST",0.00,,Y,A,-,N,,,,,,,,,,Y,2,0,3,2,A,-,01,23152,A,N,D,C,A,A,H,-,A,A,0,,,,,Y,Y,A,01,1,0,2,0,0,0,0,0,0,"- ","- ",38.678878784179688,-121.7840576171875,YOLO,WOODLAND,-121.78404235839844,38.678859710693359
92602666,2024,2024-07-25,9280,2024-07-16,1910,018316,,2,2,9,5700,0,1,1,,2,020,"I-5 N/B","YOLO BYPASS (NORTH END)",445.00,N,N,A,-,Y,YOL,,5," "," ",2.793,H,,R,N,2,0,1,2,A,-,07,21658,A,F,B,C,A,A,H,-,A,D,0,,,,Y,Y,,G,25,1,0,0,0,0,0,0,0,0,"- ","- ",38.673671722412109,-121.67800140380859,YOLO,UNINCORPORATED,-121.67800140380859,38.673671722412109
9265959,2021,2021-05-28,5704,2021-04-30,1202,00165,,5,5,4,5704,0,0,0,,0,002,"INDUSTRIAL BL","PARKWAY BL",350.00,W,N,A,-,N,,,,,,,,,,Y,2,0,2,2,A,-,01,23153,F,N,D,C,A,A,H,-,A,-,0,,,,,Y,,A,01,1,1,0,0,0,0,0,0,0,"- ","- ",38.573310852050781,-121.56552886962891,YOLO,"WEST SACRAMENTO",-121.56671142578125,38.573101043701172
9270935,2021,2021-06-09,5701,2021-05-04,1145,112,2,2,5,5,5701,0,0,0,,0,001,"ANDERSON RD","VILLANOVA DR",0.00,,Y,A,-,N,,,,,,,,,,N,2,0,3,3,A,-,12,21453,A,N,D,C,A,A,H,-,A,A,0,,,,,Y,,D,22,1,2,0,0,0,0,0,0,0,"- ","- ",38.556159973144531,-121.75858306884766,YOLO,DAVIS,-121.75859069824219,38.556190490722656
9282250,2021,2021-07-13,5704,2021-06-11,1958,06017,,5,5,4,5704,0,0,0,,0,001,"SACRAMENTO AV","DOUGLAS ST",215.00,E,N,A,-,N,,,,,,,,,,Y,2,0,4,2,A,-,01,23152,A,N,B,C,A,A,H,-,A,D,0,,,,,Y,Y,D,22,1,1,2,0,0,0,0,0,0,"- ","- ",38.588821411132812,-121.52068328857422,YOLO,"WEST SACRAMENTO",-121.51995849609375,38.588729858398438
9293910,2021,2021-08-10,5703,2021-06-21,1330,2157,,1,5,4,5703,0,0,0,,0,001,"E BEAMER ST","PIONEER AV",3179.00,E,N,A,-,N,,,,,,,,,,Y,2,0,1,2,A,-,06,21751,,N,A,D,A,A,H,-,A,D,0,,,,Y,Y,,A,07,1,0,0,0,0,0,0,0,0,"- ","- ",38.684551239013672,-121.74683380126953,YOLO,WOODLAND,-121.73564910888672,38.684478759765625
9294943,2021,2021-08-06,5703,2021-04-25,0340,2835,61,7,5,4,5703,0,0,0,,0,001,"PIONEER AV","TIDE CT",232.00,N,N,A,-,N,,,,,,,,,,Y,2,0,2,1,A,-,03,22350,,N,E,J,A,A,H,-,C,A,0,,,,,Y,Y,A,07,1,0,1,0,0,0,0,0,0,"- ","- ",38.681011199951172,-121.74684143066406,YOLO,WOODLAND,-121.74684143066406,38.681625366210938
9301802,2021,2023-06-17,5701,2021-08-23,0902,127,7,1,5,5,5701,0,0,0,,0,003,"EAST COVELL BL","ALHAMBRA DR",2948.00,E,N,A,-,N,,,,,,,,,,Y,1,1,0,1,A,-,03,22350,,N,E,I,A,A,H,-,C,D,0,,,,,Y,Y,A,01,0,0,0,0,0,0,0,0,0,CN,"- ",38.563758850097656,-121.7022705078125,YOLO,DAVIS,-121.69930267333984,38.565010070800781
9320229,2021,2021-12-23,5703,2021-12-05,1002,2070,51,7,5,4,5703,0,0,0,,0,004,"PIONEER AV","MERRIT CT",25.00,N,N,B,-,N,,,,,,,,,,Y,1,1,1,1,A,-,08,22107,,N,E,I,A,B,H,-,A,D,0,,,,,Y,,A,07,1,0,0,0,0,0,0,0,0,"- ","- ",38.67041015625,-121.74224090576172,YOLO,WOODLAND,-121.74227142333984,38.670505523681641
9324812,2021,2021-09-29,5703,2021-08-18,2336,2124,42,3,5,4,5703,0,0,0,,0,002,"BEAMER ST","LOCUST ST",126.00,W,N,-,-,N,,,,,,,,,,Y,2,0,1,1,A,-,01,23152,A,N,E,I,A,A,H,-,C,D,0,,,,,Y,Y,A,01,1,0,0,0,0,0,0,0,0,"- ","- ",38.684700012207031,-121.77694702148438,YOLO,WOODLAND,-121.77734375,38.684719085693359
9355602,2021,2021-10-29,5704,2021-10-07,1209,06017,,4,5,4,5704,0,0,0,,0,002,"WEST CAPITOL AV","JEFFERSON BL",164.00,W,N,A,-,N,,,,,,,,,,Y,2,0,1,1,A,-,08,22107,,N,E,I,A,A,H,-,A,D,0,,,,,Y,,A,07,1,0,0,0,0,0,0,0,0,"- ","- ",38.580661773681641,-121.52651977539062,YOLO,"WEST SACRAMENTO",-121.52721405029297,38.580654144287109
9366447,2021,2021-11-19,5701,2021-10-26,1919,234,1,2,5,5,5701,0,0,0,,0,001,"RT 113","RUSSELL BL",32.00,S,N,A,-,N,,,113,,,,,,,N,2,0,1,2,A,-,08,22107,,N,H,G,A,A,H,-,C,A,0,,Y,,,Y,,A,01,1,0,0,0,0,0,1,0,0,SO,"- ",38.546218872070312,-121.76799774169922,YOLO,DAVIS,-121.7679443359375,38.546215057373047
9373041,2021,2021-12-09,5703,2021-10-14,1910,2891,13,4,5,4,5703,0,0,0,,0,004,"E GUM AV","THOMAS ST",0.00,,Y,A,-,N,,,,,,,,,,,2,0,1,2,A,-,10,21950,A,F,G,B,B,A,H,-,E,A,0,Y,,,,Y,,A,07,1,0,0,0,1,0,0,0,0,"- ","- ",38.668308258056641,-121.76093292236328,YOLO,WOODLAND,-121.76099395751953,38.668300628662109
9375454,2021,2021-12-23,5704,2021-10-27,0850,00165,,3,5,4,5704,0,0,0,,0,003,"SOUTHPORT PKWY","CARLIN DR",0.00,,Y,A,-,N,,,,,,,,,,Y,2,0,1,2,A,-,12,21453,A,N,D,C,A,-,H,-,A,A,0,,,Y,Y,Y,,C,02,1,0,0,0,0,0,0,0,1,"- ","- ",38.550991058349609,-121.56675720214844,YOLO,"WEST SACRAMENTO",-121.56686401367188,38.551059722900391
9376388,2021,2022-01-06,5701,2021-12-01,0859,238,4,3,5,5,5701,0,0,0,,0,002,"L ST","3RD ST",0.00,,Y,E,-,N,,,,,,,,,,N,2,0,1,2,A,-,09,21801,A,N,H,G,A,B,H,-,A,A,0,,Y,,,Y,,A,01,1,0,0,0,0,0,1,0,0,"- ","- ",38.545890808105469,-121.73371887207031,YOLO,DAVIS,-121.73374176025391,38.545902252197266
9380932,2021,2022-01-28,5703,2021-12-21,1716,2631,42,2,5,4,5703,0,0,0,,0,002,"COLLEGE ST","COURT ST",0.00,,Y,C,-,N,,,,,,,,,,N,2,0,1,2,A,-,12,21453,A,N,D,G,A,B,H,-,C,A,0,,Y,,Y,Y,,L,04,1,0,0,0,0,0,1,0,0,"- ","- ",38.678779602050781,-121.77469635009766,YOLO,WOODLAND,-121.77469635009766,38.678760528564453
9382319,2021,2021-12-29,5703,2021-11-03,1438,2865,622,3,5,4,5703,0,0,0,,0,002,"WEST ST","BEAMER ST",104.00,S,N,A,-,N,,,,,,,,,,,2,0,1,2,A,-,11,21954,A,N,G,B,D,A,H,-,A,A,0,Y,,,,Y,,N,60,1,0,0,0,1,0,0,0,0,"- ","- ",38.684810638427734,-121.78392028808594,YOLO,WOODLAND,-121.78395080566406,38.684505462646484
9387717,2021,2022-01-10,5703,2021-12-09,1511,2070,44,4,5,4,5703,0,0,0,,0,002,"BEAMER ST","N CLEVELAND ST",5.00,W,N,A,-,N,,,,,,,,,,,2,0,3,4,A,-,10,21950,A,N,G,B,B,A,H,-,A,D,0,Y,,,,Y,,A,07,1,2,0,0,3,0,0,0,0,"- ","- ",38.684711456298828,-121.77925872802734,YOLO,WOODLAND,-121.77923583984375,38.684741973876953
9406054,2022,2022-05-25,5703,2022-05-07,0224,2144,72,6,5,4,5703,0,0,0,,0,003,"W MAIN ST","COUNTY ROAD 98",0.00,,Y,A,-,Y,YOL,3,16,-,R,40.570,I,5,E,Y,2,0,1,1,A,-,08,22107,,F,E,I,A,A,H,-,C,A,0,,,,,Y,Y,A,01,1,0,0,0,0,0,0,0,0,"- ","- ",38.677661895751953,-121.80252838134766,YOLO,WOODLAND,-121.80254364013672,38.67767333984375
9406937,2022,2022-03-09,5701,2022-02-05,0025,240,4,6,5,5,5701,0,0,0,,0,002,"E ST","2ND ST",205.00,S,N,A,-,N,,,,,,,,,,N,2,0,1,2,D,-,00,,,N,H,G,A,A,H,-,C,D,0,,Y,,,Y,Y,-,"- ",1,0,0,0,0,0,1,0,0,"- ","- ",38.542678833007812,-121.74127197265625,YOLO,DAVIS,-121.74093627929688,38.542701721191406
9408563,2022,2022-03-01,5703,2022-01-30,0958,2070,21,7,5,4,5703,0,0,0,,0,001,"LEMEN AV","DONNELLY CIR",445.00,E,N,A,-,N,,,,,,,,,,Y,2,0,1,1,A,-,01,23152,A,N,F,A,A,A,H,-,A,D,0,,,,,Y,Y,A,07,1,0,0,0,0,0,0,0,0,"- ","- ",38.680370330810547,-121.75829315185547,YOLO,WOODLAND,-121.75946044921875,38.680377960205078
9414086,2022,2022-03-11,5701,2022-02-13,1510,72,2,7,5,5,5701,0,0,0,,0,001,"WEST COVELL BL","RT 113",70.00,E,N,A,-,Y,YOL,3,113,-,R,2.299,R,4,S,N,2,0,1,2,A,-,03,22350,,F,C,C,A,A,H,-,A,A,0,,,,,Y,,A,01,1,0,0,0,0,0,0,0,0,"- ",SO,38.560871124267578,-121.75856781005859,YOLO,DAVIS,-121.76795959472656,38.564052581787109
9418450,2022,2022-03-28,5701,2022-03-07,0806,227,7,1,5,5,5701,0,0,0,,0,003,"ALHAMBRA DR","5TH ST",0.00,,Y,A,-,N,,,,,,,,,,N,2,0,1,2,A,-,12,22450,A,N,H,G,A,A,H,-,A,A,0,,Y,,,Y,,L,04,1,0,0,0,0,0,1,0,0,"- ","- ",38.558040618896484,-121.705078125,YOLO,DAVIS,-121.70507049560547,38.557952880859375
9429394,2022,2022-05-04,5703,2022-04-07,2323,2832,72,4,5,4,5703,0,0,0,,0,003,"W CROSS ST","COTTONWOOD ST",0.00,,Y,A,-,N,,,,,,,,,,N,2,0,1,2,A,-,12,21453,A,N,D,G,A,A,H,-,C,A,0,,Y,,,Y,,L,04,1,0,0,0,0,0,1,0,0,"- ","- ",38.672161102294922,-121.79335784912109,YOLO,WOODLAND,-121.79332733154297,38.672161102294922
94376956,2024,2024-08-30,9280,2024-07-29,"45  ",017964,,1,3,9,5700,0,3,5,,2,001,"OLD RIVER ROAD","COUNTY ROAD 124",2588.00,S,N,A,-,N,,,,,,,,,,Y,1,1,0,1,A,-,08,22107,,N,E,I,A,A,H,-,D,A,0,,,,,Y,,D,22,0,0,0,0,0,0,0,0,0,"- ","- ",38.656139373779297,-121.60735321044922,YOLO,UNINCORPORATED,-121.607421875,38.656147003173828
94381562,2024,2024-10-22,9280,2024-05-11,1350,016042,,6,1,9,5700,0,1,3,,2,034,"STATE ROUTE16","COUNTY ROAD 44",0.00,,Y,A,-,Y,YOL,,16," "," ",10.328,H,,R,Y,1,1,1,2,A,-,09,21801,A,N,A,C,A,A,H,-,A,D,0,,,Y,,Y,,A,07,0,1,0,0,0,0,0,1,0,"- ","- ",38.850330352783203,-122.20716857910156,YOLO,UNINCORPORATED,-122.20717620849609,38.850326538085938
94386367,2024,2024-09-09,9280,2024-09-05,1630,018352,,4,2,9,5700,0,3,5,,2,001,"OLD RIVER RD","COUNTY ROAD 124",10982.00,S,N,A,-,N,,,,,,,,,,N,2,0,2,2,A,-,08,22107,,N,A,C,A,A,H,-,A,D,0,,,,,Y,,A,01,1,1,0,0,0,0,0,0,0,"- ","- ",38.642070770263672,-121.58682250976562,YOLO,UNINCORPORATED,-121.58693695068359,38.642040252685547
94395895,2024,2024-09-16,9280,2024-09-11,"624 ",016144,,3,1,9,5700,0,1,1,,2,010,"I-80 E/B","COUNTY ROAD 32B",528.00,E,N,A,-,Y,YOL,,80," "," ",5.934,H,,R,Y,2,0,1,4,A,-,00,21960,A,N,G,B,E,A,D,-,B,D,0,Y,,,,Y,,N,60,1,0,0,0,1,0,0,0,0,"- ","- ",38.563789367675781,-121.63607788085938,YOLO,UNINCORPORATED,-121.63608551025391,38.563808441162109
94396927,2024,2024-10-11,9280,2024-09-09,1745,019094,,1,2,9,5700,0,3,5,,2,003,"COUNTY RD 87","COUNTY RD 16",6864.00,N,N,A,-,N,,,,,,,,,,Y,2,0,1,1,A,-,08,22107,,N,F,A,A,A,H,-,A,D,0,,,,,Y,,D,22,1,0,0,0,0,0,0,0,0,"- ","- ",38.77069091796875,-122.00711822509766,YOLO,UNINCORPORATED,-122.00713348388672,38.770549774169922
94409778,2024,2024-09-26,9280,2024-09-17,2208,022326,,2,3,5,5701,0,1,1,,2,010,"I-80 E/B","MACE BOULEVARD",800.00,W,N,B,-,Y,YOL,,80," "," ",2.587,H,,R,Y,2,0,1,1,A,-,01,23152,A,N,E,8,A,A,H,-,C,D,0,,,,,Y,Y,A,08,1,0,0,0,0,0,0,0,0,"- ","- ",38.552108764648438,-121.69600677490234,YOLO,DAVIS,-121.69602966308594,38.552177429199219
94414510,2024,2024-10-04,9280,2024-09-26,2335,023616,,4,3,9,5700,0,1,1,,2,010,"I-80 E/B","MACE BLVD",6864.00,E,N,A,-,Y,YOL,,80," "," ",4.004,H,,R,Y,2,0,4,4,A,-,01,23153,A,N,C,C,A,A,D,-,D,D,0,,,,,Y,Y,A,01,1,0,3,0,0,0,0,0,0,"- ","- ",38.558158874511719,-121.67101287841797,YOLO,UNINCORPORATED,-121.67101287841797,38.558158874511719
94422641,2024,2024-10-08,9280,2024-09-13,1820,023616,,5,2,5,5701,0,1,1,,2,010,"I-80 E/B","RICHARDS BLVD",750.00,E,N,A,-,Y,YOL,,80," "," ",0.384,H,,R,N,2,0,1,2,A,-,08,22107,,F,B,C,A,A,H,-,A,D,0,,,Y,,Y,,-,99,1,0,0,0,0,0,0,0,1,"- ","- ",38.541641235351562,-121.73361206054688,YOLO,DAVIS,-121.73357391357422,38.541614532470703
9444750,2022,2022-05-23,5701,2022-05-05,1409,240,3,4,5,5,5701,0,0,0,,0,001,"F ST","COVELL BL",0.00,,Y,A,-,N,,,,,,,,,,Y,2,0,1,1,A,-,03,22350,,N,E,I,A,A,H,-,A,A,0,,,,,Y,,A,01,1,0,0,0,0,0,0,0,0,"- ","- ",38.460781097412109,-121.74481964111328,YOLO,DAVIS,-121.74484252929688,38.560661315917969
94449826,2024,2024-10-29,9280,2024-09-29,"250 ",022445,,7,3,4,5704,0,1,1,,2,010,"US-50 WESTBOUND","HARBOR BLVD O/C",13.00,E,N,A,-,N,,,,,,,,,,N,1,1,0,3,C,-,18,,,N,G,1,E,A,C,-,C,D,0,Y,,,,Y,,-,"- ",0,0,0,1,0,0,0,0,0,"- ","- ",38.575328826904297,-121.54837799072266,YOLO,"WEST SACRAMENTO",-121.54914093017578,38.575149536132812
9445511,2022,2022-06-13,5703,2022-05-06,0712,2865,25,5,5,4,5703,0,0,0,,0,001,"N EAST ST","RT 5",0.00,,Y,A,-,Y,YOL,3,113,-,-,11.526,I,5,N,Y,2,0,1,1,A,-,08,22101,D,N,E,I,A,A,H,-,A,A,0,,,,,Y,Y,A,07,1,0,0,0,0,0,0,0,0,"- ",NF,38.697978973388672,-121.76526641845703,YOLO,WOODLAND,-121.76522064208984,38.697834014892578
94457398,2024,2024-11-04,9280,2024-10-18,2138,023616,,5,2,9,5700,0,1,1,,2,010,"I-80 W/B","ENTERPRISE BLVD",5544.00,W,N,A,-,Y,YOL,,80," "," ",8.147,H,,L,Y,2,0,5,3,A,-,03,22350,,N,C,C,A,A,D,-,D,D,0,,,,,Y,,A,01,1,0,4,0,0,0,0,0,0,"- ","- ",38.571109771728516,-121.59623718261719,YOLO,UNINCORPORATED,-121.59623718261719,38.57110595703125
94460093,2024,2024-11-06,9280,2024-10-29,2135,019775,,2,2,9,5700,0,1,1,,2,031,"INTERSTATE-505 NORTHBOUND","RT 16",5386.00,N,N,A,-,Y,YOL,,505," "," ",11.600,H,,R,Y,2,0,3,2,C,-,18,,,N,C,C,A,A,C,-,D,D,0,,,,,Y,,-,"- ",2,1,0,0,0,0,0,0,0,"- ","- ",38.693660736083984,-121.95393371582031,YOLO,UNINCORPORATED,-121.95393371582031,38.693660736083984
94460138,2024,2024-11-06,9280,2024-10-23,1036,015128,,3,1,4,5703,0,1,1,,2,020,"I-5 N/B","EAST ST",412.00,N,N,A,-,Y,YOL,,5," ",R,8.357,H,,R,Y,2,0,2,2,A,-,03,22350,,N,C,C,A,A,D,-,A,A,0,,,,Y,Y,,A,07,1,1,0,0,0,0,0,0,0,"- ","- ",38.697029113769531,-121.7667236328125,YOLO,WOODLAND,-121.76671600341797,38.697036743164062
94465797,2024,2024-11-12,9280,2024-10-25,"20  ",023616,,5,3,9,5700,0,1,1,,2,010,"I-80 W/B","ENTERPRISE BLVD",4224.00,W,N,A,-,Y,YOL,,80," "," ",8.378,H,,L,Y,2,0,1,2,A,-,01,23152,A,N,C,C,A,A,D,-,D,D,0,,,,Y,Y,Y,A,01,1,0,0,0,0,0,0,0,0,"- ","- ",38.571849822998047,-121.59205627441406,YOLO,UNINCORPORATED,-121.59206390380859,38.571853637695312
94466799,2024,2024-11-12,9280,2024-11-06,1910,019094,,3,2,9,5700,0,1,1,,2,030,"I-5 NB","COUNTY RD 8",163.00,N,N,G,-,Y,YOL,,5," ",R,23.821,H,,R,N,2,0,1,1,A,-,08,22107,,N,F,A,A,A,H,-,C,D,0,,,,,Y,,D,22,1,0,0,0,0,0,0,0,0,"- ","- ",38.861660003662109,-121.95398712158203,YOLO,UNINCORPORATED,-121.95392608642578,38.861698150634766
94486510,2024,2024-11-27,9280,2024-11-19,2037,021248,,2,2,9,5700,0,3,5,,2,001,"BABEL SLOUGH RD","PUMPHOUSE RD",4752.00,E,N,A,-,N,,,,,,,,,,Y,2,0,2,1,A,-,08,22107,,N,E,I,A,A,H,-,D,D,0,,,,,Y,,A,01,1,0,1,0,0,0,0,0,0,"- ","- ",38.460018157958984,-121.57035064697266,YOLO,UNINCORPORATED,-121.57007598876953,38.459724426269531
9449423,2022,2022-05-31,5704,2022-04-29,1135,06698,,5,5,4,5704,0,0,0,,0,003,"JEFFERSON BL","BURROWS AV",528.00,N,N,A,-,N,,,,,,,,,,Y,2,0,2,1,A,-,05,21650,,N,F,I,A,A,H,-,A,D,0,,,,,Y,,A,01,1,1,0,0,0,0,0,0,0,"- ","- ",38.5118408203125,-121.57517242431641,YOLO,"WEST SACRAMENTO",-121.57427978515625,38.513038635253906
9449424,2022,2022-05-31,5704,2022-04-23,1412,06213,,6,5,4,5704,0,0,0,,0,001,"REED AV","OAK ST",0.00,,Y,A,-,N,,,,,,,,,,Y,2,0,2,2,A,-,09,21802,A,N,D,C,A,A,H,-,A,A,0,,,,,Y,,A,07,1,1,0,0,0,0,0,0,0,"- ","- ",38.591419219970703,-121.54376220703125,YOLO,"WEST SACRAMENTO",-121.54383850097656,38.591461181640625
94501836,2024,2024-12-13,9280,2024-11-27,1010,016144,,3,1,9,5700,0,1,3,,1,024,SR-16,"COUNTY ROAD 18",1056.00,W,N,A,-,Y,YOL,,16," ",R,43.023,H,,R,Y,1,1,1,2,A,-,09,21801,A,N,D,C,A,A,H,-,A,D,0,,,Y,,Y,,A,07,0,0,1,0,0,0,0,1,0,"- ","- ",38.713451385498047,-121.80251312255859,YOLO,UNINCORPORATED,-121.80249786376953,38.713451385498047
94505299,2024,2025-03-18,9280,2024-11-03,2146,022908,,7,2,9,5700,0,1,1,,2,030,"INTERSTATE 5 NORTHBOUND","COUNTY ROAD 12",800.00,S,N,A,-,Y,YOL,,5," ",R,18.814,H,,R,Y,1,1,1,1,A,-,08,22107,,N,E,8,A,A,H,-,D,D,0,,,,,Y,,A,01,0,1,0,0,0,0,0,0,0,"- ","- ",38.807399749755859,-121.8934326171875,YOLO,UNINCORPORATED,-121.89356231689453,38.807273864746094
9450742,2022,2022-06-16,5703,2022-05-16,1811,2157,42,1,5,4,5703,0,0,0,,0,002,"WEST ST","ELLIOT ST",0.00,,Y,A,-,N,,,,,,,,,,N,2,0,1,3,A,-,03,22350,,N,D,C,A,A,H,-,A,A,0,,,Y,,Y,,C,02,1,0,0,0,0,0,0,0,1,"- ","- ",38.681179046630859,-121.78397369384766,YOLO,WOODLAND,-121.78401947021484,38.681125640869141
94516860,2024,2024-12-26,9280,2024-12-14,"20  ",024236,,6,3,9,5700,0,1,1,,2,031,"I-505 S/B",CR-14,3274.00,N,N,B,C,Y,YOL,,505," "," ",18.066,H,,L,Y,2,0,1,2,A,-,01,23152,F,N,C,C,A,B,H,-,D,D,0,,,,Y,Y,,A,01,1,0,0,0,0,0,0,0,0,"- ","- ",38.786079406738281,-121.94441986083984,YOLO,UNINCORPORATED,-121.94442749023438,38.786079406738281
94542185,2025,2025-01-17,9280,2025-01-07,1211,018316,,2,1,9,5700,0,1,1,,2,010,"I-80 W/B","MACE BLVD.",7920.00,E,N,A,-,Y,YOL,,80," "," ",4.197,H,,L,Y,2,0,2,3,A,-,08,22107,,F,B,C,A,A,D,E,A,D,0,,,,,Y,,B,07,1,0,1,0,0,0,0,0,0,"- ","- ",38.558929443359375,-121.66750335693359,YOLO,UNINCORPORATED,-121.66750335693359,38.558933258056641
94548989,2024,2025-01-24,9280,2024-12-26,2500,016520,,4,4,9,5700,0,3,5,,2,001,"COUNTY ROAD 152","LEVEE RD",521.00,E,N,B,-,N,,,,,,,,,,Y,1,1,0,1,A,-,08,22107,,N,F,A,A,A,H,-,D,D,0,,,,,Y,,A,01,0,0,0,0,0,0,0,0,0,"- ","- ",38.415779113769531,-121.69148254394531,YOLO,UNINCORPORATED,-121.69194793701172,38.415855407714844
94553082,2025,2025-03-04,9280,2025-01-01,"46  ",022667,,3,3,9,5700,0,2,4,,1,021,CR-102,"COUNTY ROAD 16",1000.00,S,N,A,-,N,,,,,,,,,,Y,1,1,4,2,A,-,01,23152,G,N,A,C,A,A,H,-,D,D,0,,,,,Y,Y,A,01,3,1,0,0,0,0,0,0,0,"- ","- ",38.746021270751953,-121.72944641113281,YOLO,UNINCORPORATED,-121.72943878173828,38.746055603027344
94553762,2025,2025-01-29,9280,2025-01-20,1519,018316,,1,2,9,5700,0,3,5,,2,003,"COUNTY ROAD 40 (RAYHOUSE RD.)","YOL-NAP CO. LINE",2400.00,E,N,A,-,N,,,,,,,,,,N,2,0,1,1,A,-,08,22107,,N,F,A,A,A,H,-,A,D,0,,,Y,,Y,,C,02,1,0,0,0,0,0,0,0,1,"- ","- ",38.870258331298828,-122.38751983642578,YOLO,UNINCORPORATED,,
94553775,2025,2025-01-29,9280,2025-01-26,1905,022667,,7,2,9,5700,0,1,3,,2,034,SR-16,"COUNTY ROAD 71",2340.00,W,N,A,-,Y,YOL,,16," "," ",16.260,H,,R,Y,2,0,1,1,A,-,01,23152,A,N,E,8,A,A,H,-,D,D,0,,,,,Y,Y,A,01,1,0,0,0,0,0,0,0,0,"- ","- ",38.771339416503906,-122.16909790039062,YOLO,UNINCORPORATED,-122.16903686523438,38.7713623046875
94580144,2025,2025-02-14,9280,2025-02-07,"535 ",017963,,5,3,9,5700,0,1,3,,2,013,"RYER AVE (SR-84)","SOLANO COUNTY LINE",1426.00,N,N,B,-,Y,YOL,,84," "," ",0.343,H,,R,Y,2,0,1,1,A,-,08,22107,,N,E,I,A,B,H,-,C,D,0,,,,,Y,,A,01,1,0,0,0,0,0,0,0,0,"- ","- ",38.317501068115234,-121.63050842285156,YOLO,UNINCORPORATED,-121.63066101074219,38.317501068115234
94582753,2025,2025-02-18,9280,2025-01-31,2500,022215,,5,4,9,5700,0,3,5,,2,002,"OLD RIVER ROAD","COUNTY ROAD 119",1046.00,S,N,B,-,N,,,,,,,,,,Y,1,1,0,1,A,-,08,22107,,N,E,8,A,A,H,-,D,D,0,,,,,Y,,A,01,0,0,0,0,0,0,0,0,0,"- ","- ",38.665531158447266,-121.61871337890625,YOLO,UNINCORPORATED,-121.61879730224609,38.66552734375