CASE_ID,ACCIDENT_YEAR,PROC_DATE,JURIS,COLLISION_DATE,COLLISION_TIME,OFFICER_ID,REPORTING_DISTRICT,DAY_OF_WEEK,CHP_SHIFT,POPULATION,CNTY_CITY_LOC,SPECIAL_COND,BEAT_TYPE,CHP_BEAT_TYPE,CITY_DIVISION_LAPD,CHP_BEAT_CLASS,BEAT_NUMBER,PRIMARY_RD,SECONDARY_RD,DISTANCE,DIRECTION,INTERSECTION,WEATHER_1,WEATHER_2,STATE_HWY_IND,CALTRANS_COUNTY,CALTRANS_DISTRICT,STATE_ROUTE,ROUTE_SUFFIX,POSTMILE_PREFIX,POSTMILE,LOCATION_TYPE,RAMP_INTERSECTION,SIDE_OF_HWY,TOW_AWAY,COLLISION_SEVERITY,NUMBER_KILLED,NUMBER_INJURED,PARTY_COUNT,PRIMARY_COLL_FACTOR,PCF_CODE_OF_VIOL,PCF_VIOL_CATEGORY,PCF_VIOLATION,PCF_VIOL_SUBSECTION,HIT_AND_RUN,TYPE_OF_COLLISION,MVIW,PED_ACTION,ROAD_SURFACE,ROAD_COND_1,ROAD_COND_2,LIGHTING,CONTROL_DEVICE,CHP_ROAD_TYPE,PEDESTRIAN_ACCIDENT,BICYCLE_ACCIDENT,MOTORCYCLE_ACCIDENT,TRUCK_ACCIDENT,NOT_PRIVATE_PROPERTY,ALCOHOL_INVOLVED,STWD_VEHTYPE_AT_FAULT,CHP_VEHTYPE_AT_FAULT,COUNT_SEVERE_INJ,COUNT_VISIBLE_INJ,COUNT_COMPLAINT_PAIN,COUNT_PED_KILLED,COUNT_PED_INJURED,COUNT_BICYCLIST_KILLED,COUNT_BICYCLIST_INJURED,COUNT_MC_KILLED,COUNT_MC_INJURED,PRIMARY_RAMP,SECONDARY_RAMP,LATITUDE,LONGITUDE,COUNTY,CITY,POINT_X,POINT_Y
94582976,2025,2025-02-18,9280,2025-02-09,1430,016042,,7,2,9,5700,0,3,5,,2,003,"COUNTY ROAD 89W","COUNTY ROAD 6",0.00,,Y,A,-,N,,,,,,,,,,N,2,0,1,1,A,-,03,22350,,N,F,A,A,A,H,-,A,D,0,,,Y,,Y,,C,02,1,0,0,0,0,0,0,0,1,"- ","- ",38.881561279296875,-121.97756958007812,YOLO,UNINCORPORATED,-121.97744750976562,38.881656646728516
94586489,2025,2025-02-21,9280,2025-02-15,1540,018352,,6,2,4,5704,0,1,1,,2,010,"I-80 E/B","ENTERPRISE BLVD",830.00,W,N,A,-,Y,YOL,,80," "," ",9.021,H,,R,Y,2,0,1,2,A,-,08,22107,,F,B,C,A,A,D,-,A,D,0,,,Y,Y,Y,,C,02,1,0,0,0,0,0,0,0,1,"- ","- ",38.573661804199219,-121.58049774169922,YOLO,"WEST SACRAMENTO",-121.58051300048828,38.573719024658203
9459233,2022,2022-06-14,5703,2022-05-28,1454,2106,61,6,5,4,5703,0,0,0,,0,001,"PIONEER AV","CASE PL",24.00,N,N,A,-,N,,,,,,,,,,Y,2,0,4,2,A,-,09,21801,A,N,A,C,A,A,H,-,A,D,0,,,,,Y,,A,01,2,0,2,0,0,0,0,0,0,"- ","- ",38.678359985351562,-121.74691009521484,YOLO,WOODLAND,-121.74689483642578,38.678474426269531
94607400,2025,2025-03-18,9280,2025-02-23,1247,016042,,7,1,9,5700,0,1,3,,2,034,SR-16,"COUNTY ROAD 89",0.00,,Y,B,-,Y,YOL,,16," "," ",31.023,H,,R,Y,2,0,1,1,A,-,03,22350,,N,E,I,A,A,H,-,A,A,0,,,Y,,Y,,C,02,1,0,0,0,0,0,0,0,1,"- ","- ",38.681808471679688,-121.96746063232422,YOLO,UNINCORPORATED,-121.96746826171875,38.681789398193359
9463679,2022,2022-09-30,5703,2022-08-28,1740,2865,33,7,5,4,5703,0,0,0,,0,004,"EAST GIBSON RD","BOURN DR",150.00,W,N,A,-,N,,,,,,,,,,Y,2,0,1,2,A,-,11,21954,A,N,G,B,D,A,H,-,A,D,0,Y,,,,Y,,N,60,1,0,0,0,1,0,0,0,0,"- ","- ",38.662681579589844,-121.74714660644531,YOLO,WOODLAND,-121.74767303466797,38.662746429443359
94639561,2025,2025-04-07,9280,2025-04-02,1926,021510,,3,2,9,5700,0,3,5,,2,003,CR-87,CR-17,1584.00,N,N,A,-,N,,,,,,,,,,Y,2,0,1,1,A,-,03,22350,,N,E,I,A,A,H,-,D,D,0,,,,,Y,,A,01,1,0,0,0,0,0,0,0,0,"- ","- ",38.739910125732422,-122.00755310058594,YOLO,UNINCORPORATED,-122.00750732421875,38.740512847900391
94668799,2025,2025-04-29,9280,2025-04-13,2333,023005,,7,3,9,5700,0,1,1,,2,010,"I-80 W/B","CHILES RD",7075.00,E,N,A,-,Y,YOL,,80," "," ",7.144,H,,L,Y,2,0,1,2,A,-,08,22107,,N,C,C,A,A,D,-,D,D,0,,,,Y,Y,,A,01,1,0,0,0,0,0,0,0,0,"- ","- ",38.567829132080078,-121.61431884765625,YOLO,UNINCORPORATED,-121.61433410644531,38.567867279052734
94711497,2025,2025-06-03,9280,2025-05-27,1318,024427,,2,1,4,5704,0,1,1,,2,010,"I-80 W/B","REED AVE",3062.00,W,N,A,-,Y,YOL,,80," ",R,10.634,H,,L,Y,2,0,2,2,A,-,01,23152,A,F,E,8,A,A,D,-,A,D,0,,,,,Y,Y,D,22,1,1,0,0,0,0,0,0,0,"- ","- ",38.584430694580078,-121.55744171142578,YOLO,"WEST SACRAMENTO",-121.55746459960938,38.584438323974609
94719715,2025,2025-06-10,9280,2025-03-01,2255,023559,,6,3,9,5700,0,1,1,,2,031,"I-505 S/B",SR-128,5581.70,N,N,A,-,Y,YOL,,505," "," ",1.456,H,,L,Y,1,2,0,1,A,-,08,22107,,N,E,I,A,A,H,-,D,D,0,,,,,Y,,A,07,0,0,0,0,0,0,0,0,0,"- ","- ",38.546760559082031,-121.95316314697266,YOLO,UNINCORPORATED,-121.95319366455078,38.546760559082031
94737823,2025,2025-06-24,9280,2025-06-14,2207,024236,,6,3,9,5700,0,3,5,,2,001,"Z LINE RD","CENTERAL AVE",720.00,S,N,A,-,N,,,,,,,,,,N,2,0,1,1,A,-,08,22107,,N,E,8,A,A,H,-,D,D,0,,,,,Y,,A,01,1,0,0,0,0,0,0,0,0,"- ","- ",38.392318725585938,-121.61350250244141,YOLO,UNINCORPORATED,-121.61386871337891,38.391403198242188
94738941,2025,2025-06-25,9280,2025-05-26,2000,022667,,1,2,9,5700,0,1,3,,2,034,"SR-16 (WOODLAND AVE)","ORLEANS ST",115.00,E,N,A,-,Y,YOL,,16," "," ",27.564,H,,R,Y,2,0,2,2,A,-,08,22107,,F,A,C,A,A,H,-,A,D,0,,,,,Y,,A,08,1,0,1,0,0,0,0,0,0,"- ","- ",38.696151733398438,-122.02050018310547,YOLO,UNINCORPORATED,-122.02050018310547,38.696151733398438
94745732,2025,2025-08-05,9280,2025-06-25,"725 ",021740,,3,1,9,5700,0,1,1,,2,010,"I-80 E/B","ROAD 105D",1300.00,E,N,A,-,Y,YOL,,80," "," ",4.613,H,,R,Y,2,0,1,4,A,-,03,22350,,N,C,C,A,A,H,-,A,D,0,,,,,Y,,A,07,1,0,0,0,0,0,0,0,0,"- ","- ",38.559780120849609,-121.65995788574219,YOLO,UNINCORPORATED,-121.65996551513672,38.559799194335938
9474667,2022,2022-07-06,5703,2022-05-09,0835,2832,66,1,5,4,5703,0,0,0,,0,002,"W KENTUCKY AV","N COTTONWOOD ST",50.00,E,N,A,-,N,,,,,,,,,,Y,2,0,4,2,A,-,05,21650,,N,A,C,A,A,H,-,A,A,0,,,,,Y,,A,01,3,1,0,0,0,0,0,0,0,"- ","- ",38.692089080810547,-121.79312896728516,YOLO,WOODLAND,-121.79291534423828,38.692081451416016
94751602,2025,2025-07-07,9280,2025-05-11,"139 ",024073,,7,3,9,5700,0,1,1,,2,010,"INTERSTATE 80 EASTBOUND","COUNTY ROAD 32A",4171.00,E,N,A,-,Y,YOL,,80," "," ",6.597,H,,R,N,1,1,0,4,A,-,00,21960,A,F,G,B,E,A,D,-,D,D,0,Y,,,,Y,Y,N,60,0,0,0,1,0,0,0,0,0,"- ","- ",38.565948486328125,-121.62410736083984,YOLO,UNINCORPORATED,-121.62410736083984,38.565944671630859
94752280,2025,2025-07-07,9280,2025-06-26,2339,024427,,4,3,9,5700,0,1,1,,2,020,"I-5 S/B","COUNTY ROAD 103",5808.00,S,N,A,-,Y,YOL,,5," "," ",3.380,H,,L,Y,2,0,1,1,A,-,01,23152,A,N,E,I,A,A,H,-,D,D,0,,,,,Y,Y,A,01,1,0,0,0,0,0,0,0,0,"- ","- ",38.673519134521484,-121.68885803222656,YOLO,UNINCORPORATED,-121.68885803222656,38.6734619140625
9475641,2022,2022-07-12,5704,2022-03-27,1146,06017,,7,5,4,5704,0,0,0,,0,003,"JEFFERSON BL","LOCKS DR",0.00,,Y,A,-,N,,,,,,,,,,N,2,0,1,2,A,-,09,21800,D,N,D,G,A,A,H,-,A,B,0,,Y,,,Y,,A,07,1,0,0,0,0,0,1,0,0,"- ","- ",38.559669494628906,-121.52960205078125,YOLO,"WEST SACRAMENTO",-121.52964019775391,38.559707641601562
94756543,2025,2025-07-10,9280,2025-06-28,"220 ",023170,,6,3,9,5700,0,1,1,,2,031,"I-505 S/B",CR-24A,2551.00,S,N,A,-,Y,YOL,,505," "," ",9.109,H,,L,N,2,0,1,1,A,-,01,23152,A,N,F,0,A,A,H,-,D,D,0,,,,,Y,Y,A,07,1,0,0,0,0,0,0,0,0,"- ","- ",38.657680511474609,-121.95200347900391,YOLO,UNINCORPORATED,-121.95206451416016,38.657680511474609
9487446,2022,2022-09-30,5703,2022-08-24,1427,2891,64,3,5,4,5703,0,0,0,,0,002,"W BEAMER ST","CALIFORNIA ST",118.00,W,N,A,-,N,,,,,,,,,,Y,2,0,1,2,A,-,00,23103,A,N,G,B,F,A,H,-,A,A,0,Y,,,,Y,,D,22,1,0,0,0,1,0,0,0,0,"- ","- ",38.684848785400391,-121.78854370117188,YOLO,WOODLAND,-121.78898620605469,38.684783935546875
9508107,2022,2022-11-01,5703,2022-10-09,0130,2144,62,7,5,4,5703,0,0,0,,0,002,"CALIFORNIA AV","W COURT ST",0.00,,Y,A,-,N,,,,,,,,,,Y,2,0,1,2,A,-,01,23152,A,N,D,C,A,A,H,-,C,A,0,,,,,Y,Y,A,07,1,0,0,0,0,0,0,0,0,"- ","- ",38.678909301757812,-121.78867340087891,YOLO,WOODLAND,-121.78861236572266,38.678886413574219
9508605,2022,2022-10-25,5703,2022-08-17,2143,2891,71,3,5,4,5703,0,0,0,,0,004,"FARNHAM AV","GABLE DR",168.00,N,N,A,-,N,,,,,,,,,,Y,2,0,4,3,A,-,01,23152,A,N,A,C,A,A,H,-,C,D,0,,,,,Y,Y,A,01,4,0,0,0,0,0,0,0,0,"- ","- ",38.672218322753906,-121.73693084716797,YOLO,WOODLAND,-121.73721313476562,38.672595977783203
9509874,2022,2023-01-04,5703,2022-11-21,0605,2637,24,1,5,4,5703,0,0,0,,0,001,"N EAST ST","COMMERCE AV",115.00,N,N,A,-,N,,,,,,,,,,N,2,0,1,2,A,-,11,21954,A,F,G,B,E,A,H,-,C,D,0,Y,,,,Y,,N,60,1,0,0,0,1,0,0,0,0,"- ","- ",38.687400817871094,-121.76528930664062,YOLO,WOODLAND,-121.76532745361328,38.687625885009766
9517482,2022,2023-01-27,5704,2022-11-26,1735,06653,5704,6,5,4,5704,0,0,0,,0,002,"WEST CAPITOL AV","NORTHPORT DR",400.00,W,N,A,-,N,,,,,,,,,,N,2,0,1,2,A,-,08,22107,,F,C,G,A,A,H,-,B,D,0,,Y,,,Y,,A,01,1,0,0,0,0,0,1,0,0,"- ","- ",38.578399658203125,-121.56266784667969,YOLO,"WEST SACRAMENTO",-121.56404876708984,38.578372955322266
9520115,2022,2023-04-11,5704,2022-09-28,0441,06664,,3,5,4,5704,0,0,0,,0,003,"JEFFERSON BL","ARMFIELD AV",1000.00,S,N,A,-,N,,,,,,,,,,Y,1,1,2,1,A,-,01,23152,A,N,E,I,A,A,H,-,D,D,0,,,,,Y,Y,A,07,0,1,1,0,0,0,0,0,0,"- ","- ",38.507999420166016,-121.57879638671875,YOLO,"WEST SACRAMENTO",-121.58111572265625,38.505741119384766
9520186,2022,2023-01-31,5704,2022-09-10,0401,06212,,6,5,4,5704,0,0,0,,0,002,"HARBOR BL","BEACON BL",240.00,S,N,A,-,N,,,,,,,,,,Y,1,1,0,2,A,-,11,21955,,N,G,B,D,A,H,-,D,D,0,Y,,,,Y,,N,60,0,0,0,1,0,0,0,0,0,"- ","- ",38.571979522705078,-121.54881286621094,YOLO,"WEST SACRAMENTO",-121.54862976074219,38.571262359619141
9520573,2023,2023-05-31,5701,2023-04-10,"224 ",110,8,1,5,5,5701,0,0,0,,0,004,"OLIVE DR","HICKORY LN",1170.00,E,N,A,-,N,,,,,,,,,,Y,1,1,0,2,A,-,00,21956,B,F,G,B,E,A,H,-,D,D,0,Y,,,,Y,,A,07,0,0,0,1,0,0,0,0,0,"- ","- ",38.544940948486328,-121.73145294189453,YOLO,DAVIS,-121.73294830322266,38.544540405273438
9523619,2022,2022-11-28,5701,2022-10-21,2228,243,8,5,5,5,5701,0,0,0,,0,004,"RICHARDS BL","OLIVE DR",0.00,,Y,A,-,N,,,,,,,,,,N,2,0,1,2,A,-,17,21451,A,N,H,G,A,A,H,-,C,A,0,,Y,,,Y,,A,01,1,0,0,0,0,0,1,0,0,"- ","- ",38.540809631347656,-121.73863220214844,YOLO,DAVIS,-121.73858642578125,38.540809631347656
9526286,2023,2023-02-24,5701,2023-01-20,1802,239,7,5,5,5,5701,0,0,0,,0,003,"LOYOLA DR","ALHAMBRA DR",5.00,W,N,A,-,N,,,,,,,,,,N,2,0,1,2,A,-,10,21950,A,N,G,B,B,A,G,-,D,D,0,Y,,,,Y,,A,01,1,0,0,0,1,0,0,0,0,"- ","- ",38.559841156005859,-121.70876312255859,YOLO,DAVIS,-121.70877838134766,38.559841156005859
9541994,2022,2023-01-04,5701,2022-11-21,2137,247,1,1,5,5,5701,0,0,0,,0,001,"WEST COVELL BL","LAKE BL",0.00,,Y,A,-,N,,,,,,,,,,Y,2,0,2,2,A,-,01,23152,,N,A,C,A,A,H,-,C,A,0,,,,,Y,Y,A,01,2,0,0,0,0,0,0,0,0,"- ","- ",38.561088562011719,-121.78614807128906,YOLO,DAVIS,-121.78614807128906,38.561130523681641
9550013,2023,2023-03-07,5703,2023-01-25,2005,2625,32,3,5,4,5703,0,0,0,,0,002,"MAIN ST","CLEVELAND ST",222.00,W,N,A,-,N,,,,,,,,,,Y,2,0,1,2,A,-,09,21801,A,N,A,C,A,A,H,-,C,D,0,,,Y,,Y,,A,01,1,0,0,0,0,0,0,0,1,"- ","- ",38.677520751953125,-121.77941131591797,YOLO,WOODLAND,-121.78010559082031,38.677490234375
9550751,2023,2023-04-13,5701,2023-02-12,1620,240,3,7,5,5,5701,0,0,0,,0,001,"RUSSELL BL","OAK AV",0.00,,Y,A,-,N,,,,,,,,,,N,2,0,1,2,A,-,09,21801,A,N,B,C,A,A,H,-,A,A,0,,,Y,,Y,,A,01,1,0,0,0,0,0,0,0,1,"- ","- ",38.546180725097656,-121.75279998779297,YOLO,DAVIS,-121.75279998779297,38.546188354492188
9550753,2023,2023-04-13,5701,2023-02-12,"155 ",236,5,7,5,5,5701,0,0,0,,0,002,"L ST","2ND ST",40.00,N,N,A,-,N,,,,,,,,,,Y,2,0,1,1,A,-,03,22350,,N,E,I,A,A,H,-,C,D,0,,,,,Y,,A,01,1,0,0,0,0,0,0,0,0,"- ","- ",38.544849395751953,-121.73349761962891,YOLO,DAVIS,-121.73345947265625,38.544906616210938
9552634,2023,2023-03-02,5701,2023-01-18,1830,110,3,3,5,5,5701,0,0,0,,0,001,"RUSSELL BL","CALIFORNIA AV",0.00,,Y,A,-,N,,,,,,,,,,N,2,0,1,2,A,-,10,21950,A,N,H,G,A,A,H,-,C,A,0,,Y,,,Y,,A,01,1,0,0,0,0,0,1,0,0,"- ","- ",38.546600341796875,-121.75370788574219,YOLO,DAVIS,-121.7540283203125,38.546188354492188
9567633,2023,2023-05-31,5703,2023-05-13,2100,2144,12,6,5,4,5703,0,0,0,,0,,"EAST ST","EAST OAK AV",94.00,S,N,A,-,N,,,,,,,,,,N,2,0,1,2,A,-,09,21804,A,F,D,G,A,A,H,-,C,D,0,,Y,,,Y,Y,A,07,1,0,0,0,0,0,1,0,0,"- ","- ",38.673851013183594,-121.76541900634766,YOLO,WOODLAND,-121.7655029296875,38.673500061035156
9568039,2023,2023-04-19,5703,2023-03-27,"639 ",2348,42,1,5,4,5703,0,0,0,,0,001,"N COLLEGE ST","BEAMER ST",0.00,,Y,A,-,N,,,,,,,,,,N,2,0,1,2,A,-,10,21950,A,N,G,B,B,A,H,-,B,A,0,Y,,,,Y,,D,22,1,0,0,0,1,0,0,0,0,"- ","- ",38.684700012207031,-121.77462768554688,YOLO,WOODLAND,-121.77459716796875,38.684707641601562
9568672,2023,2023-06-05,5703,2023-04-25,1224,2865,25,2,5,4,5703,0,0,0,,0,001,"E EAST ST","RT 5",116.00,S,N,A,-,N,,,,,,,,,,N,2,0,1,2,A,-,11,21954,A,N,G,B,D,A,H,-,A,A,0,Y,,,,Y,,N,60,1,0,0,0,1,0,0,0,0,"- ","- ",38.697738647460938,-121.76526641845703,YOLO,WOODLAND,-121.76521301269531,38.696060180664062
9580265,2023,2023-06-14,5701,2023-05-17,1508,222,5,3,5,5,5701,0,0,0,,0,002,"DREXEL DR","L ST",357.00,W,N,A,-,N,,,,,,,,,,N,2,0,1,3,A,-,21,22106,,N,G,B,E,A,H,-,A,D,0,Y,,,,Y,,A,01,1,0,0,0,1,0,0,0,0,"- ","- ",38.556270599365234,-121.73612976074219,YOLO,DAVIS,-121.73645782470703,38.557334899902344
9581184,2023,2023-06-26,5701,2023-05-25,1817,222,4,4,5,5,5701,0,0,0,,0,002,"B ST","4TH ST",215.00,S,N,A,-,N,,,,,,,,,,Y,2,0,2,2,A,-,11,21954,A,N,G,B,D,A,H,-,A,A,0,Y,,,,Y,,N,60,1,1,0,0,1,0,0,0,0,"- ","- ",38.545261383056641,-121.74507141113281,YOLO,DAVIS,-121.74493408203125,38.544662475585938
9597047,2023,2023-08-04,5703,2023-07-18,1943,2046,11,2,5,4,5703,0,0,0,,0,001,"EAST MAIN ST","MATMOR RD",5.00,E,N,A,-,N,,,,,,,,,,N,2,0,1,2,A,-,12,21457,A,N,H,G,A,A,D,-,A,A,0,,Y,,,Y,,A,01,1,0,0,0,0,0,1,0,0,"- ","- ",38.677330017089844,-121.75612640380859,YOLO,WOODLAND,-121.75624084472656,38.677330017089844
9597314,2023,2023-08-01,5704,2023-06-30,1427,06017,,5,5,4,5704,0,0,0,,0,002,"WEST CAPITOL AV","POPLAR AV",434.00,E,N,A,-,N,,,,,,,,,,Y,2,0,1,1,A,-,03,22350,,N,E,I,A,A,H,-,A,D,0,,,,,Y,,A,01,1,0,0,0,0,0,0,0,0,"- ","- ",38.580188751220703,-121.53401184082031,YOLO,"WEST SACRAMENTO",-121.53246307373047,38.580150604248047
9598967,2023,2024-02-22,5703,2023-12-20,2036,2348,12,3,5,4,5703,0,0,0,,0,003,"EAST ST","DEPOT ST",210.00,S,N,C,-,N,,,,,,,,,,N,2,0,1,3,A,-,05,21650,1,F,H,G,A,B,H,-,C,D,0,,Y,,,Y,,L,04,1,0,0,0,0,0,1,0,0,"- ","- ",38.676448822021484,-121.76541137695312,YOLO,WOODLAND,-121.76544952392578,38.675884246826172
9604847,2024,2024-03-29,5703,2024-01-03,1410,2865,84,3,5,4,5703,0,0,0,,0,003,"WEST WOODLAND AV","COUNTY ROAD 98",87.00,E,N,A,-,N,,,,,,,,,,N,2,0,1,2,A,-,09,21804,A,F,D,C,A,A,H,-,A,D,0,,,Y,,Y,,C,02,1,0,0,0,0,0,0,0,1,"- ","- ",38.688529968261719,-121.80242156982422,YOLO,WOODLAND,-121.80219268798828,38.688526153564453
9610641,2023,2023-09-08,5703,2023-08-27,2324,2157,82,7,5,4,5703,0,0,0,,0,002,"ASHLEY AV","W COURT ST",160.00,S,N,A,-,N,,,,,,,,,,N,2,0,1,2,A,-,03,22350,,F,G,B,E,A,H,-,C,D,0,Y,,,,Y,,-,99,1,0,0,0,1,0,0,0,0,"- ","- ",38.678981781005859,-121.79785919189453,YOLO,WOODLAND,-121.79788970947266,38.678512573242188
9620772,2023,2023-10-25,5704,2023-09-08,2232,06870,,5,5,4,5704,0,0,0,,0,002,"INDUSTRIAL AV","BEACON BL",0.00,,Y,A,-,N,,,,,,,,,,Y,2,0,1,2,A,-,09,21801,A,N,A,C,A,A,H,-,C,D,0,,,Y,,Y,,A,01,1,0,0,0,0,0,0,0,1,"- ","- ",38.572681427001953,-121.55445861816406,YOLO,"WEST SACRAMENTO",-121.55454254150391,38.572711944580078
9620883,2023,2023-10-24,5701,2023-08-28,1929,240,3,1,5,5,5701,0,0,0,,0,001,"ANDERSON RD","WEST COVELL BL",0.00,,Y,A,-,N,,,,,,,,,,Y,2,0,2,2,A,-,01,23152,F,N,H,G,A,A,H,-,A,A,0,,Y,,,Y,,A,01,1,1,0,0,0,0,1,0,0,"- ","- ",38.560871124267578,-121.75856781005859,YOLO,DAVIS,-121.75852203369141,38.560768127441406
9621976,2023,2023-10-30,5701,2023-08-18,1630,237,2,5,5,5,5701,0,0,0,,0,001,"RUSSELL BL","RT 113",4.00,W,N,A,-,Y,YOL,3,113,-,R,0.924,R,4,N,N,2,0,1,2,A,-,09,21804,A,N,H,G,A,A,H,-,A,D,0,,Y,,,Y,,A,01,1,0,0,0,0,0,1,0,0,"- ",NF,38.546939849853516,-121.80809020996094,YOLO,DAVIS,-121.76801300048828,38.544113159179688
9636116,2023,2024-01-10,5704,2023-11-26,2221,06195,,7,5,4,5704,0,0,0,,0,,"RAMCO ST","SOUTHPORT PKWY",286.00,S,N,A,-,N,,,,,,,,,,N,2,0,1,1,A,-,05,21650,,N,E,I,A,A,H,-,C,D,0,,,,Y,Y,,F,26,1,0,0,0,0,0,0,0,0,"- ","- ",38.555309295654297,-121.56334686279297,YOLO,"WEST SACRAMENTO",-121.56304931640625,38.554725646972656
9640317,2024,2024-07-24,5704,2024-01-20,"1   ",06579,,6,5,4,5704,0,0,0,,0,003,"SOUTHPORT PKWY","SILVERWOOD RD",0.00,,Y,C,-,N,,,,,,,,,,Y,1,1,1,1,A,-,05,21650,,N,E,I,A,B,H,-,C,D,0,,,,,Y,,A,01,1,0,0,0,0,0,0,0,0,"- ","- ",38.524948120117188,-121.57566833496094,YOLO,"WEST SACRAMENTO",-121.57578277587891,38.524913787841797
9652019,2023,2024-01-31,5701,2023-12-15,1010,248,4,5,5,5,5701,0,0,0,,0,002,"RUSSELL BL","A ST",0.00,,Y,A,-,N,,,,,,,,,,N,2,0,1,2,A,-,12,21453,,N,H,G,A,A,H,-,A,A,0,,Y,,,Y,,A,07,1,0,0,0,0,0,1,0,0,"- ","- ",38.546169281005859,-121.74774932861328,YOLO,DAVIS,-121.74776458740234,38.546180725097656
9706251,2024,2024-06-07,5701,2024-04-12,1556,237,1,5,5,5,5701,0,0,0,,0,001,"WEST COVELL BL","REISLING CT",0.00,,Y,A,-,N,,,,,,,,,,Y,2,0,2,2,A,-,12,21453,A,N,D,C,A,A,H,-,A,D,0,,,,,Y,,A,01,1,0,1,0,0,0,0,0,0,"- ","- ",38.560848236083984,-121.77268981933594,YOLO,DAVIS,-121.77259826660156,38.560886383056641
9721693,2024,2024-08-13,5701,2024-06-28,1147,122,4,5,5,5,5701,0,0,0,,0,002,"RUSSELL BL","MILLER DR",0.00,,Y,A,-,N,,,,,,,,,,N,2,0,1,2,A,-,09,21802,A,N,H,G,A,A,H,-,A,D,0,,Y,,,Y,,L,04,1,0,0,0,0,0,1,0,0,"- ","- ",38.546001434326172,-121.74800109863281,YOLO,DAVIS,-121.74892425537109,38.546134948730469
9723557,2024,2024-10-10,5701,2024-08-21,1627,240,4,3,5,5,5701,0,0,0,,0,002,"5TH ST","D ST",0.00,,Y,A,-,N,,,,,,,,,,Y,2,0,1,2,A,-,01,23152,A,N,D,C,A,A,H,-,A,A,0,,,,,Y,Y,A,01,1,0,0,0,0,0,0,0,0,"- ","- ",38.546920776367188,-121.74324798583984,YOLO,DAVIS,-121.74324035644531,38.546947479248047
9751379,2023,2024-11-18,5701,2023-02-23,2128,19094,,4,5,5,5701,0,0,0,,0,,"5TH ST","G ST",250.00,E,N,B,-,N,,,,,,,,,,Y,1,1,0,1,A,-,03,22350,,N,E,I,A,A,H,-,C,D,0,,,,,Y,,A,01,0,0,0,0,0,0,0,0,0,"- ","- ",,,YOLO,DAVIS,-121.73909759521484,38.547645568847656
9751745,2024,2024-11-08,5701,2024-10-13,"955 ",237,2,7,5,5,5701,0,0,0,,0,001,"SYCAMORE LN","STANFORD DR",0.00,,Y,A,-,N,,,,,,,,,,Y,2,0,1,2,A,-,08,22107,,N,H,G,A,A,H,-,A,D,0,,Y,,,Y,,A,01,1,0,0,0,0,0,1,0,0,"- ","- ",38.548450469970703,-121.76229095458984,YOLO,DAVIS,-121.76303863525391,38.549465179443359
9773621,2024,2025-01-09,5701,2024-09-08,1116,225,4,7,5,5,5701,0,0,0,,0,002,"8TH ST","OAK ST",50.00,W,N,A,-,N,,,,,,,,,,N,2,0,1,2,A,-,08,22107,,N,H,G,A,A,H,-,A,A,0,,Y,,,Y,,L,04,1,0,0,0,0,0,1,0,0,"- ","- ",38.550701141357422,-121.75199890136719,YOLO,DAVIS,-121.75287628173828,38.550739288330078
9776529,2024,2025-01-21,5701,2024-12-02,1507,226,4,1,5,5,5701,0,0,0,,0,002,"F ST","3RD ST",0.00,,Y,B,-,N,,,,,,,,,,N,2,0,1,2,A,-,10,21950,A,N,G,B,B,A,H,-,A,A,0,Y,,,,Y,,A,01,1,0,0,0,1,0,0,0,0,"- ","- ",38.544601440429688,-121.7403564453125,YOLO,DAVIS,-121.74033355712891,38.544742584228516
9776541,2024,2025-03-28,5701,2024-11-29,2104,250,4,5,5,5,5701,0,0,0,,0,002,"RUSSELL BL","A ST",0.00,,Y,A,-,N,,,,,,,,,,Y,2,0,3,1,A,-,03,22350,,N,E,I,A,A,H,-,C,A,0,,,,,Y,,A,01,1,2,0,0,0,0,0,0,0,"- ","- ",38.546169281005859,-121.74774932861328,YOLO,DAVIS,-121.74776458740234,38.546180725097656
9777587,2024,2025-03-03,5701,2024-01-31,1826,222,1,3,5,5,5701,0,0,0,,0,001,"JONES JOHN RD","LYNDELL TER",781.00,N,N,A,-,N,,,,,,,,,,Y,2,0,1,1,A,-,01,23152,A,N,E,I,A,A,H,-,D,D,0,,,,,Y,Y,A,01,1,0,0,0,0,0,0,0,0,"- ","- ",38.568038940429688,-121.76820373535156,YOLO,DAVIS,-121.76911926269531,38.56378173828125
9783194,2025,2025-02-26,5701,2025-01-15,"836 ",259,7,3,5,5,5701,0,0,0,,0,003,"MACE BL","2ND ST",15.00,N,N,A,-,N,,,,,,,,,,N,2,0,1,2,A,-,09,21453,C,N,H,G,A,A,H,-,A,A,0,,Y,,,Y,,L,04,1,0,0,0,0,0,1,0,0,"- ","- ",38.556568145751953,-121.69419860839844,YOLO,DAVIS,-121.69423675537109,38.556541442871094