CASE_ID,ACCIDENT_YEAR,PROC_DATE,JURIS,COLLISION_DATE,COLLISION_TIME,OFFICER_ID,REPORTING_DISTRICT,DAY_OF_WEEK,CHP_SHIFT,POPULATION,CNTY_CITY_LOC,SPECIAL_COND,BEAT_TYPE,CHP_BEAT_TYPE,CITY_DIVISION_LAPD,CHP_BEAT_CLASS,BEAT_NUMBER,PRIMARY_RD,SECONDARY_RD,DISTANCE,DIRECTION,INTERSECTION,WEATHER_1,WEATHER_2,STATE_HWY_IND,CALTRANS_COUNTY,CALTRANS_DISTRICT,STATE_ROUTE,ROUTE_SUFFIX,POSTMILE_PREFIX,POSTMILE,LOCATION_TYPE,RAMP_INTERSECTION,SIDE_OF_HWY,TOW_AWAY,COLLISION_SEVERITY,NUMBER_KILLED,NUMBER_INJURED,PARTY_COUNT,PRIMARY_COLL_FACTOR,PCF_CODE_OF_VIOL,PCF_VIOL_CATEGORY,PCF_VIOLATION,PCF_VIOL_SUBSECTION,HIT_AND_RUN,TYPE_OF_COLLISION,MVIW,PED_ACTION,ROAD_SURFACE,ROAD_COND_1,ROAD_COND_2,LIGHTING,CONTROL_DEVICE,CHP_ROAD_TYPE,PEDESTRIAN_ACCIDENT,BICYCLE_ACCIDENT,MOTORCYCLE_ACCIDENT,TRUCK_ACCIDENT,NOT_PRIVATE_PROPERTY,ALCOHOL_INVOLVED,STWD_VEHTYPE_AT_FAULT,CHP_VEHTYPE_AT_FAULT,COUNT_SEVERE_INJ,COUNT_VISIBLE_INJ,COUNT_COMPLAINT_PAIN,COUNT_PED_KILLED,COUNT_PED_INJURED,COUNT_BICYCLIST_KILLED,COUNT_BICYCLIST_INJURED,COUNT_MC_KILLED,COUNT_MC_INJURED,PRIMARY_RAMP,SECONDARY_RAMP,LATITUDE,LONGITUDE,COUNTY,CITY,POINT_X,POINT_Y
9801861,2025,2025-04-21,5701,2025-03-04,1640,240,2,2,5,5,5701,0,0,0,,0,001,"ANDERSON RD","VILLANOVA DR",160.00,S,N,A,-,N,,,,,,,,,,N,2,0,1,2,D,-,00,,,M,H,G,A,A,H,-,A,D,0,,Y,,,Y,,-,"- ",1,0,0,0,0,0,1,0,0,"- ","- ",38.556159973144531,-121.75858306884766,YOLO,DAVIS,-121.75859832763672,38.555751800537109
9805740,2025,2025-05-22,5701,2025-02-02,1648,250,1,7,5,5,5701,0,0,0,,0,001,"HUMBOLDT AV","ARTHUR ST",0.00,,Y,C,-,N,,,,,,,,,,Y,2,0,1,1,A,-,01,23152,A,N,E,I,A,B,H,-,B,D,0,,,,,Y,Y,D,22,1,0,0,0,0,0,0,0,0,"- ","- ",38.552719116210938,-121.77115631103516,YOLO,DAVIS,-121.77079010009766,38.553001403808594
6292342,2015,2016-12-22,9280,2015-02-23,2045,15353,,1,2,4,5704,0,1,2,,2,011,"RT 50","SACRAMENTO/YOLO CO LINE",1584.00,W,N,A,-,Y,YOL,3,50,-,-,2.860,H,-,W,Y,1,1,0,3,A,-,08,22107,,F,G,B,E,A,H,-,C,D,1,Y,,,Y,Y,,G,27,0,0,0,1,0,0,0,0,0,"- ","- ",38.574809999999999,-121.51949999999999,YOLO,"WEST SACRAMENTO",-121.51954765000001,38.574741670000002
6328081,2014,2015-11-10,9280,2014-01-04,0525,015485,,6,3,9,5700,0,1,1,,2,010,"RT 80","COUNTY ROAD 32A",1584.00,E,N,A,-,Y,YOL,3,80,-,-,6.230,H,-,E,Y,2,0,1,2,A,-,01,23152,A,N,C,E,A,A,H,-,D,D,1,,,,,Y,Y,A,01,1,0,0,0,0,0,0,0,0,"- ","- ",38.564700000000002,-121.63065,YOLO,UNINCORPORATED,-121.63087772,38.564741990000002
6582243,2014,2014-08-22,5703,2014-07-19,1546,2815,13,6,5,4,5703,0,0,0,,0,004,"EAST ST","GIBSON RD",0.00,,Y,A,-,N,,,,,,,,,,Y,2,0,2,2,A,-,12,21453,A,N,D,C,A,A,H,-,A,A,0,,,,,Y,,I,20,1,0,1,0,0,0,0,0,0,"- ","- ",,,YOLO,WOODLAND,-121.76567996,38.662839890000001
6595525,2014,2015-12-21,9280,2014-07-27,0250,017883,,7,3,9,5700,0,3,5,,2,002,"COUNTY ROAD 98","COUNTY ROAD 18",430.00,S,N,A,-,N,,,,,,,,,,Y,2,0,1,1,A,-,01,23152,A,N,E,I,A,A,H,-,D,D,0,,,,,Y,Y,A,01,1,0,0,0,0,0,0,0,0,"- ","- ",38.715009999999999,-121.80239,YOLO,UNINCORPORATED,-121.80245401000001,38.715919579999998
6606247,2014,2014-10-07,9280,2014-07-26,0535,15485,,6,3,9,5700,0,3,5,,2,002,"COUNTY ROAD 95","COUNTY ROAD 25",1056.00,N,N,A,-,N,,,,,,,,,,Y,1,1,0,1,A,-,01,23152,A,N,E,I,A,A,H,-,B,D,0,,,,,Y,Y,A,01,0,0,0,0,0,0,0,0,0,"- ","- ",38.652090000000001,-121.85809,YOLO,UNINCORPORATED,-121.85817,38.651740259999997
6606515,2014,2016-04-25,9280,2014-08-25,1856,017763,,1,2,9,5700,0,1,3,,2,013,"RT 84","CENTRAL AV",3168.00,S,N,A,-,Y,YOL,3,84,-,-,7.440,H,-,S,Y,2,0,2,1,A,-,03,22350,,N,F,A,A,A,H,-,A,D,0,,,,,Y,,A,01,2,0,0,0,0,0,0,0,0,"- ","- ",38.384270000000001,-121.58304,YOLO,UNINCORPORATED,-121.58305358,38.38401219
6611675,2014,2014-09-25,5701,2014-08-28,2347,116,5,4,5,5,5701,0,0,0,,0,002,"PENNSYLVANIA PL","J ST",200.00,W,N,A,-,N,,,,,,,,,,N,2,0,1,1,A,-,03,22350,,N,H,I,A,A,H,-,C,D,0,,Y,,,Y,Y,L,04,1,0,0,0,0,0,1,0,0,"- ","- ",,,YOLO,DAVIS,-121.73928032000001,38.551337680000003
6638128,2014,2014-10-31,5703,2014-09-11,0801,2863,64,4,5,4,5703,0,0,0,,0,002,"W BEAMER ST","CALIFORNIA ST",4.00,E,N,A,-,N,,,,,,,,,,N,2,0,2,3,A,-,10,21950,A,N,G,B,B,A,H,-,A,A,0,Y,,,,Y,,A,07,2,0,0,0,2,0,0,0,0,"- ","- ",,,YOLO,WOODLAND,-121.78855599000001,38.684789670000001
6755925,2014,2015-01-27,5701,2014-11-13,0925,91,1,4,5,5,5701,0,0,0,,0,001,"LAKE BL","WEST COVELL BL",0.00,,Y,B,C,N,,,,,,,,,,Y,2,0,3,2,A,-,12,22450,A,N,D,C,A,B,H,-,A,A,0,,,,,Y,,E,82,1,0,2,0,0,0,0,0,0,"- ","- ",,,YOLO,DAVIS,-121.78614996,38.561129960000002
6770443,2014,2016-06-24,9280,2014-11-21,1757,015079,,5,2,4,5703,0,1,1,,2,020,"RT 5","COUNTY ROAD 102",253.00,S,N,B,-,Y,YOL,3,5,-,-,5.490,H,-,S,Y,2,0,2,3,A,-,03,22350,,N,C,C,A,A,H,-,D,D,1,,,,,Y,,A,01,1,0,1,0,0,0,0,0,0,"- ","- ",38.673720000000003,-121.72772000000001,YOLO,WOODLAND,-121.72780937,38.673663789999999
6773643,2014,2016-06-20,9280,2014-12-21,0641,17375,,7,1,9,5700,0,1,1,,2,010,"RT 80","WEBSTER ST",5280.00,E,N,B,-,Y,YOL,3,80,-,-,6.800,H,-,W,N,2,0,1,2,A,-,07,21658,A,N,C,C,A,A,H,-,D,D,1,,,,Y,Y,,A,01,1,0,0,0,0,0,0,0,0,"- ","- ",38.567129999999999,-121.61899,YOLO,UNINCORPORATED,-121.62054498000001,38.566757930000001
6863623,2015,2017-02-28,9280,2015-03-02,2245,16351,,1,3,9,5700,0,1,1,,2,030,"RT 5","COUNTY LINE RD",60.00,S,N,A,-,Y,COL,3,5,-,R,0.195,R,4,S,Y,2,0,2,1,A,-,01,23152,E,N,E,I,A,A,H,-,D,A,1,,,,,Y,,A,07,1,1,0,0,0,0,0,0,0,TO,"- ",38.9255,-122.00242,YOLO,UNINCORPORATED,-122.00178323999999,38.928074479999999
6905922,2014,2015-12-21,9280,2014-07-03,0744,16214,,4,1,9,5700,0,2,4,,2,025,"COUNTY RD 98","COUNTY RD 27",0.00,,Y,A,-,N,,,,,,,,,,Y,2,0,2,2,A,-,09,21802,A,N,D,C,A,A,-,-,A,D,0,,,,,Y,,A,01,2,0,0,0,0,0,0,0,0,"- ","- ",38.61956,-121.80293,YOLO,UNINCORPORATED,-121.80288994999999,38.619619989999997
6953710,2015,2015-10-21,5703,2015-05-28,1450,2863,13,4,5,4,5703,0,0,0,,0,004,"GUM AV","MATMOR RD",70.00,E,N,A,-,N,,,,,,,,,,Y,2,0,3,2,A,-,03,22350,,N,C,C,A,A,H,-,A,A,0,,,,,Y,,A,07,1,2,0,0,0,0,0,0,0,"- ","- ",,,YOLO,WOODLAND,-121.75600479000001,38.668267899999996
6972125,2015,2015-07-10,9280,2015-05-25,1700,016520,,1,2,9,5700,0,3,5,,2,002,"COUNTY ROAD 30","COUNTY ROAD 98",5280.00,W,N,A,-,N,,,,,,,,,,Y,2,0,2,1,A,-,08,22107,,N,E,I,A,A,H,-,A,D,0,,,,,Y,,A,01,1,0,1,0,0,0,0,0,0,"- ","- ",38.576169999999998,-121.82159,YOLO,UNINCORPORATED,-121.82169243,38.57604001
7152016,2015,2016-01-19,5704,2015-12-29,0007,00166,,2,5,4,5704,0,0,0,,0,002,"SEAPORT BL","PARKWAY BL",1460.00,W,N,A,-,N,,,,,,,,,,Y,2,0,2,4,A,-,17,23109,A,F,B,C,A,A,H,-,C,D,0,,,,Y,Y,Y,A,01,2,0,0,0,0,0,0,0,0,"- ","- ",,,YOLO,"WEST SACRAMENTO",-121.56871467000001,38.565699019999997
8038310,2016,2016-05-17,5701,2016-04-28,1315,116,3,4,5,5,5701,0,0,0,,0,001,"F ST","COVELL BL",200.00,S,N,A,-,N,,,,,,,,,,N,2,0,1,2,A,-,11,21950,B,N,G,B,C,A,H,-,A,D,0,Y,,,,Y,,N,60,1,0,0,0,1,0,0,0,0,"- ","- ",38.56073,-121.74482,YOLO,DAVIS,-121.74485907,38.560241040000001
8069064,2016,2016-06-29,5704,2016-06-15,1625,00165,,3,5,4,5704,0,0,0,,0,002,"JEFFERSON BL","VERMONT AV",150.00,S,N,A,-,N,,,,,,,,,,Y,2,0,1,2,A,-,09,21804,A,N,D,C,A,A,H,-,A,D,0,,,Y,,Y,,A,01,1,0,0,0,0,0,0,0,1,"- ","- ",,,YOLO,"WEST SACRAMENTO",-121.52577862,38.566962019999998
8136269,2016,2016-10-07,5704,2016-09-27,2348,06051,,2,5,4,5704,0,0,0,,0,003,"SOUTHPORT PKWY","RAMCO ST",3168.00,N,N,A,-,N,,,,,,,,,,N,2,0,2,2,A,-,01,23153,A,N,B,-,A,A,-,-,D,D,0,,,Y,,Y,Y,C,02,1,1,0,0,0,0,0,0,2,"- ","- ",,,YOLO,"WEST SACRAMENTO",-121.55246416999999,38.556060780000003
8166684,2016,2017-02-02,5704,2016-08-11,1836,06062,,4,5,4,5704,0,0,0,,0,002,"WEST CAPITOL AV","MAPLE ST",0.00,,Y,A,-,N,,,,,,,,,,N,1,1,0,2,A,-,10,21950,A,N,G,B,B,A,H,-,A,D,0,Y,,,,Y,,A,07,0,0,0,1,0,0,0,0,0,"- ","- ",,,YOLO,"WEST SACRAMENTO",-121.53818997,38.579909929999999
8198108,2016,2017-01-06,5701,2016-12-16,1726,98,9,5,5,5,5701,0,0,0,,0,004,"COWELL BL","ENSENADA DR",0.00,,Y,A,-,N,,,,,,,,,,Y,2,0,1,2,A,-,03,22350,A,N,D,D,A,A,H,-,B,A,0,,,,,Y,,A,07,1,0,0,0,0,0,0,0,0,"- ","- ",,,YOLO,DAVIS,-121.69953986,38.54784995
8294224,2017,2017-02-01,5704,2017-01-15,2054,00131,,7,5,4,5704,0,0,0,,0,002,"WEST CAPITOL AV","HARBOR BL",360.00,W,N,B,-,N,,,,,,,,,,N,2,0,1,2,A,-,11,21950,B,N,G,B,D,A,H,-,D,D,0,Y,,,,Y,,N,60,1,0,0,0,1,0,0,0,0,"- ","- ",,,YOLO,"WEST SACRAMENTO",-121.5502934,38.579153900000001
84628705,2024,2025-03-27,5704,2024-09-12,"856 ",06870,,4,5,4,5704,0,0,0,,0,002,"WEST CAPITOL AVE","JEFFERSON BLVD",260.00,E,N,A,-,N,,,,,,,,,,N,2,0,1,2,A,-,11,21954,A,N,G,B,D,A,H,-,A,A,0,Y,,,,Y,,N,60,1,0,0,0,1,0,0,0,0,"- ","- ",38.580818176269531,-121.52689361572266,YOLO,"WEST SACRAMENTO",-121.52576446533203,38.580894470214844
84628737,2024,2025-03-27,5704,2024-10-08,2134,06626,,2,5,4,5704,0,0,0,,0,002,"WEST CAPITOL AVE","GLIDE AVE",35.00,W,N,A,-,N,,,,,,,,,,N,2,0,1,2,A,-,11,21954,A,N,G,B,D,A,H,-,C,A,0,Y,,,,Y,,N,60,1,0,0,0,1,0,0,0,0,"- ","- ",38.579460144042969,-121.54537963867188,YOLO,"WEST SACRAMENTO",-121.54545593261719,38.579383850097656
8466439,2017,2017-10-13,5704,2017-09-18,1956,00112,,1,5,4,5704,0,0,0,,0,,"JEFFERSON BL","GATEWAY DR",2.00,N,N,A,-,N,,,,,,,,,,Y,2,0,4,3,A,-,05,21650,,N,A,C,A,A,H,-,C,D,0,,,,,Y,Y,A,01,1,1,2,0,0,0,0,0,0,"- ","- ",,,YOLO,"WEST SACRAMENTO",-121.53305410999999,38.556393589999999
8471347,2017,2017-10-19,5703,2017-09-27,1430,2054,24,3,5,4,5703,0,0,0,,0,001,"BEAMER ST","1ST ST",125.00,E,N,A,-,N,,,,,,,,,,N,2,0,1,2,A,-,12,21453,A,F,G,B,C,A,H,-,A,A,0,Y,,,,Y,,A,01,1,0,0,0,1,0,0,0,0,"- ","- ",38.684690000000003,-121.77307,YOLO,WOODLAND,-121.772582,38.684710000000003
8566047,2018,2018-03-08,5703,2018-02-18,1632,2110,11,7,5,4,5703,0,0,0,,0,001,"EAST MAIN ST","THOMAS ST",650.00,E,N,A,-,N,,,,,,,,,,N,2,0,1,1,A,-,08,22107,,N,H,A,A,A,H,-,A,D,0,,,Y,,Y,,-,"- ",1,0,0,0,0,0,0,0,1,"- ","- ",38.677349090576172,-121.76068878173828,YOLO,WOODLAND,-121.75841522216797,38.677341461181641
8626617,2018,2018-06-06,5704,2018-05-17,1436,06072,,4,5,4,5704,0,0,0,,0,001,"5TH ST","F ST",0.00,,Y,A,-,N,,,,,,,,,,Y,2,0,5,3,A,-,09,21801,A,N,A,C,A,A,H,-,A,A,0,,,,,Y,,A,01,1,3,1,0,0,0,0,0,0,"- ","- ",,,YOLO,"WEST SACRAMENTO",-121.5135498046875,38.584880828857422
8636148,2018,2018-06-21,5703,2018-06-04,1455,2824,21,1,5,4,5703,0,0,0,,0,001,"EAST ST","COURT ST",47.00,S,N,A,-,N,,,,,,,,,,N,2,0,1,2,A,-,09,21802,A,N,H,G,A,A,H,-,A,A,0,,Y,,,Y,,L,04,1,0,0,0,0,0,1,0,0,"- ","- ",,,YOLO,WOODLAND,-121.76543426513672,38.678581237792969
8640553,2018,2018-06-27,5704,2018-06-08,1717,06091,,5,5,4,5704,0,0,0,,0,002,"JEFFERSON BL","WEST CAPITOL AV",0.00,,Y,A,-,N,,,,,,,,,,Y,2,0,1,2,A,-,12,21453,A,N,D,C,A,A,H,-,A,A,0,,,,,Y,,A,07,1,0,0,0,0,0,0,0,0,"- ","- ",,,YOLO,"WEST SACRAMENTO",-121.52664947509766,38.580718994140625
8823969,2019,2019-03-25,5703,2019-03-04,2200,2835,34,1,5,4,5703,0,0,0,,0,003,"ELM ST","PENDEGAST ST",88.00,S,N,A,-,N,,,,,,,,,,Y,2,0,2,2,A,-,01,23152,A,N,C,E,A,A,H,-,C,D,0,,,,,Y,Y,A,01,1,0,1,0,0,0,0,0,0,"- ","- ",38.670219421386719,-121.77713775634766,YOLO,WOODLAND,-121.77708435058594,38.669967651367188
8907506,2019,2019-08-12,5704,2019-07-27,1914,06682,,6,5,4,5704,0,0,0,,0,001,"SACRAMENTO AV","TODHUNTER AV",0.00,,Y,A,-,N,,,,,,,,,,Y,2,0,1,2,A,-,01,23152,F,N,G,B,B,A,H,-,A,A,0,Y,,,,Y,,A,01,1,0,0,0,1,0,0,0,0,"- ","- ",38.5902099609375,-121.53341674804688,YOLO,"WEST SACRAMENTO",-121.53341674804688,38.590229034423828
8910815,2020,2020-03-19,5701,2020-02-22,2158,106,7,6,5,5,5701,0,0,0,,0,003,"RAILROAD ST","NIEMANN ST",1200.00,N,N,A,-,N,,,,,,,,,,Y,1,1,1,1,A,-,07,21658,A,N,E,I,A,A,H,-,D,D,0,,,,,Y,Y,A,07,1,0,0,0,0,0,0,0,0,"- ","- ",38.55126953125,-121.71906280517578,YOLO,DAVIS,-121.97112274169922,38.534206390380859
8993741,2019,2019-12-12,5704,2019-10-30,1750,00165,,3,5,4,5704,0,0,0,,0,001,"BURROWS ST","TODHUNTER AV",250.00,E,N,A,-,N,,,,,,,,,,Y,2,0,2,2,A,-,05,21650,,N,A,C,A,A,H,-,A,D,0,,,Y,,Y,,C,02,1,0,1,0,0,0,0,0,1,"- ","- ",38.59429931640625,-121.53323364257812,YOLO,"WEST SACRAMENTO",-121.53241729736328,38.594200134277344
90004915,2015,2015-10-19,9280,2015-06-28,1030,017883,,7,1,9,5700,0,3,5,,2,003,"COUNTY ROAD 23","COUNTY ROAD 89",0.00,,Y,A,-,N,,,,,,,,,,N,2,0,1,1,A,-,12,22450,A,N,E,I,A,A,H,-,A,A,0,,,Y,,Y,,C,02,1,0,0,0,0,0,0,0,1,"- ","- ",38.663589999999999,-121.97078,YOLO,UNINCORPORATED,-121.97085,38.66386997
90006315,2015,2015-10-19,9280,2015-07-17,1725,017874,,5,2,9,5700,0,3,5,,2,002,SR-113,"FIFTH ST",68.00,N,N,A,-,Y,,,113,,,,,,,Y,2,0,3,2,A,-,08,22107,,N,C,C,A,A,H,-,A,D,0,,,,,Y,,D,22,1,0,2,0,0,0,0,0,0,"- ","- ",38.799889999999998,-121.72045,YOLO,UNINCORPORATED,-121.72049746,38.799913060000002
90057236,2015,2015-11-23,9280,2015-09-02,2030,016632,,3,2,9,5700,0,3,5,,2,003,"COUNTY ROAD 89","COUNTY ROAD 31",4752.00,N,N,A,-,N,,,,,,,,,,Y,1,1,1,2,A,-,06,21751,,N,A,C,A,A,H,-,D,D,0,,,,,Y,Y,A,01,1,0,0,0,0,0,0,0,0,"- ","- ",38.575279999999999,-121.97135,YOLO,UNINCORPORATED,-121.97133404,38.574841669999998
90057300,2015,2015-11-23,9280,2015-09-27,1320,017763,,7,1,4,5704,0,1,1,,2,010,"I-80 W/B","REED AVE.",2112.00,W,N,A,B,Y,,,80,,,,,,W,Y,1,1,1,3,A,-,07,21658,A,N,B,C,A,A,H,-,A,D,0,,,Y,Y,Y,,C,02,1,0,0,0,0,0,0,1,1,"- ","- ",38.586660000000002,-121.55598999999999,YOLO,"WEST SACRAMENTO",-121.55598789,38.5866586
90083872,2015,2016-06-14,9280,2015-06-29,0640,017883,,1,1,9,5700,0,3,5,,2,003,"STATE ROUTE 16","COUNTY ROAD 93",3884.00,W,N,A,-,Y,,,16,,,,,,,Y,1,1,3,5,A,-,05,21650,,N,B,C,A,A,H,-,A,D,0,,,,Y,Y,,A,01,1,2,0,0,0,0,0,0,0,"- ","- ",38.67333,-121.90864999999999,YOLO,UNINCORPORATED,-121.90864553,38.673361249999999
90136768,2016,2016-03-15,9280,2016-02-06,1247,016254,,6,1,9,5700,0,1,3,,2,013,"SOUTH RIVER ROAD","COURTLAND ROAD",0.00,,Y,A,-,N,,,,,,,,,,N,1,1,0,2,A,-,03,22350,,N,B,C,A,A,H,-,A,D,0,,,Y,,Y,,C,02,0,0,0,0,0,0,0,1,0,"- ","- ",38.334800000000001,-121.56994,YOLO,UNINCORPORATED,-121.56991988999999,38.33467993
90202333,2016,2016-06-15,9280,2016-04-02,2254,016929,,6,3,9,5700,0,1,3,,2,034,SR-16,I-505,5280.00,E,N,A,-,Y,,,16,,,,,,,Y,1,1,1,2,A,-,11,21956,,N,G,B,E,A,H,-,D,D,0,Y,,,,Y,Y,N,60,0,1,0,1,0,0,0,0,0,"- ","- ",38.676830000000002,-121.93283,YOLO,UNINCORPORATED,-121.93282548000001,38.676861600000002
90277028,2016,2016-09-27,9280,2016-09-11,0213,016929,,7,3,9,5700,0,1,1,,2,031,"I-505 S/B","COUNTY ROAD 29A",1584.00,N,N,A,-,Y,,,505,,,,,,S,Y,2,0,1,1,A,-,01,23152,A,N,E,I,A,A,H,-,D,D,0,,,,,Y,Y,A,07,1,0,0,0,0,0,0,0,0,"- ","- ",38.588920000000002,-121.95359999999999,YOLO,UNINCORPORATED,-121.95339366,38.588922050000001
90310242,2016,2016-11-03,9280,2016-10-13,0906,015128,,4,1,9,5700,0,3,5,,2,002,"COUNTY ROAD 102","COUNTY ROAD 18C",48.00,S,N,A,-,Y,,,,,,,,,,Y,2,0,1,2,A,-,05,21460,C,N,C,C,A,A,H,-,A,D,0,,,,,Y,,A,01,1,0,0,0,0,0,0,0,0,"- ","- ",38.7089,-121.72790000000001,YOLO,UNINCORPORATED,-121.72802,38.70892817
90332699,2016,2016-11-29,9280,2016-10-28,1950,018205,,5,2,9,5700,0,1,3,,2,034,"STATE ROUTE 16","WEST 2ND STREET",3696.00,W,N,B,-,Y,,,,,,,,,,Y,2,0,2,2,A,-,09,21804,A,N,D,C,A,B,H,-,A,D,0,,,,Y,Y,,A,01,1,1,0,0,0,0,0,0,0,"- ","- ",38.422199999999997,-122.04000000000001,YOLO,UNINCORPORATED,-122.06604679,38.706151990000002
90372528,2016,2017-09-07,9280,2016-12-03,0434,017874,,6,3,9,5700,0,3,5,,2,002,"OLD RIVER RD","COUNTY ROAD 126",14731.00,N,N,A,-,N,,,,,,,,,,Y,1,1,0,1,A,-,01,23152,A,N,F,I,A,A,H,-,D,D,0,,,,,Y,Y,D,22,0,0,0,0,0,0,0,0,0,"- ","- ",38.642800000000001,-121.5848,YOLO,UNINCORPORATED,-121.56981467999999,38.646103830000001
90460324,2016,2017-09-28,9280,2016-09-26,0240,015128,,1,3,9,5700,0,1,1,,2,010,"I-80 E/B","ENTERPRISE BLVD",3696.00,W,N,A,-,Y,,,80,,,,,,E,Y,1,1,1,4,A,-,03,22350,,N,C,C,E,A,H,-,D,D,0,Y,,,Y,Y,Y,G,25,1,0,0,1,1,0,0,0,0,"- ","- ",38.5717,-121.5917,YOLO,UNINCORPORATED,-121.59171550000001,38.571785820000002
90468040,2017,2017-05-31,9280,2017-05-16,2050,016292,,2,2,9,5700,0,3,5,,2,001,"COUNTY ROAD 32B","I-80 E/B TO CR-32B",0.29,W,N,B,-,N,,,,,,,,,,Y,2,0,1,1,A,-,01,23152,A,N,F,J,A,A,H,-,D,D,0,,,Y,,Y,Y,C,02,1,0,0,0,0,0,0,0,1,"- ","- ",38.561340000000001,-121.64319999999999,YOLO,UNINCORPORATED,-121.64295851999999,38.56134625
90473164,2017,2017-06-07,9280,2017-05-19,0820,018276,,5,1,9,5700,0,3,5,,2,003,"RUSSELL BOULEVARD","COUNTY ROAD 93A",435.00,W,N,A,-,N,,,,,,,,,,Y,1,1,2,1,A,-,08,22107,,N,E,I,A,A,H,-,A,D,0,,,,,Y,,A,01,1,1,0,0,0,0,0,0,0,"- ","- ",38.548720000000003,-121.90501999999999,YOLO,UNINCORPORATED,-121.90678570999999,38.548044840000003
90481230,2017,2017-06-19,9280,2017-06-07,0705,018276,,3,1,4,5704,0,1,1,,2,010,"I-80 W/B","ENTERPRISE BLVD",1268.00,W,N,A,-,Y,,,80,,,,,,W,Y,2,0,1,4,A,-,03,22350,,N,B,C,A,A,H,-,A,D,0,,,Y,,Y,,C,02,1,0,0,0,0,0,0,0,1,"- ","- ",38.573839999999997,-121.58112,YOLO,"WEST SACRAMENTO",-121.58112045,38.573842319999997
90487566,2017,2017-06-26,9280,2017-06-14,2028,018205,,3,2,9,5700,0,1,3,,2,022,"STATE ROUTE 113 N/B","COUNTY ROAD 29",2000.00,S,N,A,-,Y,,,113,,,,,,N,Y,2,0,1,1,A,-,08,22107,,N,E,I,A,A,H,-,A,D,0,,,,,Y,,A,07,1,0,0,0,0,0,0,0,0,"- ","- ",38.584940000000003,-121.76664,YOLO,UNINCORPORATED,-121.76685565,38.584940000000003
90506943,2017,2017-07-24,9280,2017-07-21,1556,016042,,5,2,9,5700,0,3,5,,2,001,"COUNTY ROAD 141 W/B","COUNTY ROAD 144",25.00,W,N,A,-,N,,,,,,,,,,Y,2,0,1,1,A,-,03,22350,,N,E,I,A,A,H,-,A,D,0,,,,,Y,,A,01,1,0,0,0,0,0,0,0,0,"- ","- ",38.40166,-121.53254,YOLO,UNINCORPORATED,-121.53576,38.400419999999997
90591287,2017,2017-11-09,9280,2017-08-09,1755,015492,,3,2,9,5700,0,3,5,,2,003,"COUNTY ROAD 14","COUNTY ROAD 87",0.00,,Y,A,-,N,,,,,,,,,,Y,1,1,1,2,A,-,12,22450,A,N,D,C,A,A,H,-,A,A,0,,,,,Y,,A,01,1,0,0,0,0,0,0,0,0,"- ","- ",38.780839999999998,-122.00727000000001,YOLO,UNINCORPORATED,-122.00728998,38.780889950000002
90711947,2018,2018-04-24,9280,2018-04-12,0150,018205,,4,3,9,5700,0,1,3,,2,023,"STATE ROUTE 113","COUNTY ROAD 17",0.00,,Y,A,-,Y,,,113,,,,,,,Y,2,0,1,1,A,-,01,23152,A,N,E,I,A,A,H,-,D,D,0,,,,,Y,Y,A,01,1,0,0,0,0,0,0,0,0,"- ","- ",38.734638214111328,-121.76506042480469,YOLO,UNINCORPORATED,-121.76513671875,38.734603881835938
9072925,2020,2020-06-26,5703,2020-03-08,1400,2927,93,7,5,4,5703,0,0,0,,0,004,"COUNTY ROAD 102","EAST GIBSON RD",934.00,N,N,A,-,N,,,,,,,,,,Y,2,0,1,1,A,-,03,22350,,N,F,A,A,A,H,-,A,D,0,,,Y,,Y,,C,02,1,0,0,0,0,0,0,0,1,"- ","- ",38.662708282470703,-121.72876739501953,YOLO,WOODLAND,-121.72865295410156,38.665256500244141
90782930,2018,2018-08-02,9280,2018-07-21,1602,016929,,6,2,9,5700,0,1,3,,2,034,SR-16,"JENSEN LANE",299.00,E,N,A,-,Y,,,16,,,,,,,Y,2,0,1,1,A,-,01,23152,A,M,E,I,A,A,H,-,A,D,0,,,,,Y,Y,D,22,1,0,0,0,0,0,0,0,0,"- ","- ",38.699131011962891,-122.02152252197266,YOLO,UNINCORPORATED,-122.02153015136719,38.699050903320312
90782969,2018,2018-10-26,9280,2018-07-28,0225,017964,,6,3,4,5703,0,1,1,,2,020,"I-5 N/B","COUNTY ROAD 103",990.00,N,N,A,-,Y,,,5,,,,,,N,Y,2,0,3,1,A,-,01,23152,A,N,F,A,A,A,H,-,C,A,0,,,,,Y,Y,D,22,1,0,2,0,0,0,0,0,0,"- ","- ",38.673881530761719,-121.71289825439453,YOLO,WOODLAND,-121.71289825439453,38.673843383789062
90841519,2018,2018-10-22,9280,2018-10-09,1600,016929,,2,2,9,5700,0,1,3,,2,032,SR-128,"PLEASANT VALLEY RD",13728.00,W,N,A,-,Y,,,128,,,,,,,Y,2,0,1,1,A,-,01,23152,A,N,E,I,A,A,H,-,A,D,0,,,,,Y,Y,A,01,1,0,0,0,0,0,0,0,0,"- ","- ",38.516658782958984,-122.06204223632812,YOLO,UNINCORPORATED,-122.06203460693359,38.516586303710938
90886760,2018,2018-12-20,9280,2018-12-08,1640,019377,,6,2,9,5700,0,1,3,,2,034,SR-16,"CLEVELAND ST",266.00,W,N,A,-,Y,,,16,,,,,,,Y,2,0,2,2,A,-,01,23152,A,N,A,C,A,A,H,-,A,D,0,,,,,Y,Y,D,22,1,1,0,0,0,0,0,0,0,"- ","- ",38.831378936767578,-122.19473266601562,YOLO,UNINCORPORATED,-122.1947021484375,38.831401824951172