CASE_ID,ACCIDENT_YEAR,PROC_DATE,JURIS,COLLISION_DATE,COLLISION_TIME,OFFICER_ID,REPORTING_DISTRICT,DAY_OF_WEEK,CHP_SHIFT,POPULATION,CNTY_CITY_LOC,SPECIAL_COND,BEAT_TYPE,CHP_BEAT_TYPE,CITY_DIVISION_LAPD,CHP_BEAT_CLASS,BEAT_NUMBER,PRIMARY_RD,SECONDARY_RD,DISTANCE,DIRECTION,INTERSECTION,WEATHER_1,WEATHER_2,STATE_HWY_IND,CALTRANS_COUNTY,CALTRANS_DISTRICT,STATE_ROUTE,ROUTE_SUFFIX,POSTMILE_PREFIX,POSTMILE,LOCATION_TYPE,RAMP_INTERSECTION,SIDE_OF_HWY,TOW_AWAY,COLLISION_SEVERITY,NUMBER_KILLED,NUMBER_INJURED,PARTY_COUNT,PRIMARY_COLL_FACTOR,PCF_CODE_OF_VIOL,PCF_VIOL_CATEGORY,PCF_VIOLATION,PCF_VIOL_SUBSECTION,HIT_AND_RUN,TYPE_OF_COLLISION,MVIW,PED_ACTION,ROAD_SURFACE,ROAD_COND_1,ROAD_COND_2,LIGHTING,CONTROL_DEVICE,CHP_ROAD_TYPE,PEDESTRIAN_ACCIDENT,BICYCLE_ACCIDENT,MOTORCYCLE_ACCIDENT,TRUCK_ACCIDENT,NOT_PRIVATE_PROPERTY,ALCOHOL_INVOLVED,STWD_VEHTYPE_AT_FAULT,CHP_VEHTYPE_AT_FAULT,COUNT_SEVERE_INJ,COUNT_VISIBLE_INJ,COUNT_COMPLAINT_PAIN,COUNT_PED_KILLED,COUNT_PED_INJURED,COUNT_BICYCLIST_KILLED,COUNT_BICYCLIST_INJURED,COUNT_MC_KILLED,COUNT_MC_INJURED,PRIMARY_RAMP,SECONDARY_RAMP,LATITUDE,LONGITUDE,COUNTY,CITY,POINT_X,POINT_Y
90903738,2019,2019-01-14,9280,2019-01-04,1820,018352,,5,2,9,5700,0,3,5,,2,003,"YOLO AVE.","S. GRAFTON ST",15.00,N,N,A,-,Y,,,,,,,,,,N,2,0,1,2,A,-,10,21950,A,N,G,B,B,A,H,-,D,D,0,Y,,,,Y,,A,07,1,0,0,0,1,0,0,0,0,"- ","- ",38.692981719970703,-122.01661682128906,YOLO,UNINCORPORATED,-122.01670074462891,38.692958831787109
90914711,2019,2019-01-29,9280,2019-01-18,1330,021265,,5,1,9,5700,0,3,5,,2,002,"COIL LN","COUNTY ROAD 99E",28.00,E,N,A,-,Y,,,,,,,,,,Y,2,0,5,1,A,-,03,22350,,N,E,I,A,A,H,-,A,D,0,,,,,Y,,A,01,1,3,1,0,0,0,0,0,0,"- ","- ",38.7135009765625,-121.77210235595703,YOLO,UNINCORPORATED,-121.77204132080078,38.713581085205078
9095725,2020,2020-07-30,5704,2020-04-21,1438,06210,,2,5,4,5704,0,0,0,,0,003,"JEFFERSON BL","MARSHALL RD",400.00,N,N,A,-,N,,,,,,,,,,Y,2,0,1,1,A,-,03,22350,,N,F,A,A,A,H,-,A,D,0,,,,,Y,,A,01,1,0,0,0,0,0,0,0,0,"- ","- ",38.535091400146484,-121.55368804931641,YOLO,"WEST SACRAMENTO",-121.55295562744141,38.535934448242188
90969172,2019,2019-04-17,9280,2019-04-12,1715,018352,,5,2,4,5703,0,1,1,,2,020,"I-5 S/B","SR-113 N/B",900.00,S,N,A,-,Y,,,5,,,,,,S,Y,2,0,1,2,A,-,03,22350,,N,C,C,A,A,H,-,A,D,0,,,,Y,Y,,A,01,1,0,0,0,0,0,0,0,0,"- ","- ",38.681781768798828,-121.74925231933594,YOLO,WOODLAND,-121.74921417236328,38.681808471679688
90973673,2018,2019-06-26,9280,2018-10-08,0530,015353,,1,3,9,5700,0,3,5,,2,003,"COUNTY ROAD 24","COUNTY ROAD 93",3781.00,W,N,A,-,N,,,,,,,,,,Y,1,1,0,2,A,-,08,22107,,N,D,C,A,A,H,-,D,D,0,,,,Y,Y,,F,26,0,0,0,0,0,0,0,0,0,"- ","- ",38.663681030273438,-121.90442657470703,YOLO,UNINCORPORATED,-121.90835571289062,38.663619995117188
90976545,2019,2019-04-26,9280,2019-04-19,1653,016144,,5,2,9,5700,0,3,5,,2,003,"COUNTY ROAD 93A","COUNTY ROAD 31",1584.00,S,N,A,-,N,,,,,,,,,,Y,2,0,2,2,A,-,08,22107,,N,D,D,A,A,H,-,A,D,0,,,Y,,Y,,A,01,1,0,1,0,0,0,0,0,1,"- ","- ",38.55712890625,-121.90154266357422,YOLO,UNINCORPORATED,-121.90130615234375,38.558059692382812
90997331,2019,2019-06-03,9280,2019-03-06,1120,017883,,3,1,9,5700,0,1,1,,2,031,"I-505 N/B","COUNTY ROAD 26 O/C",25.00,S,N,B,C,Y,,,505,,,,,,N,Y,1,1,0,1,A,-,08,22107,,N,E,J,A,B,H,-,A,D,0,,,,,Y,,A,07,0,0,0,0,0,0,0,0,0,"- ","- ",38.634811401367188,-121.95197296142578,YOLO,UNINCORPORATED,-121.95207977294922,38.634811401367188
90999182,2019,2019-05-30,9280,2019-02-18,1308,013927,,1,1,4,5704,0,1,2,,2,011,"US-50 W/B","HARBOR BLVD",3696.00,W,N,A,-,Y,,,50,,,,,,W,Y,1,1,3,4,A,-,03,22350,,N,C,C,A,A,A,-,A,D,0,,,,,Y,,A,01,0,3,0,0,0,0,0,0,0,"- ","- ",38.575401306152344,-121.56120300292969,YOLO,"WEST SACRAMENTO",-121.56119537353516,38.575466156005859
91006661,2019,2019-06-10,9280,2019-06-04,1530,016929,,2,2,4,5703,0,1,1,,2,020,"I-5 S/B FROM COUNTY ROAD 102","COUNTY ROAD 102",528.00,S,N,A,-,Y,,,5,,,,R,,S,Y,2,0,1,2,A,-,03,22350,,N,C,C,A,A,H,-,A,A,0,,,,,Y,,A,01,1,0,0,0,0,0,0,0,0,"- ","- ",38.67340087890625,-121.72602844238281,YOLO,WOODLAND,-121.72602844238281,38.67340087890625
91016563,2019,2019-06-24,9280,2019-06-18,1531,018874,,2,2,9,5700,0,1,1,,2,010,"I-80 E/B","WEBSTER U/C",90.00,E,N,A,-,Y,,,80,,,,,,E,Y,2,0,1,2,A,-,03,22350,,N,C,C,A,A,H,-,A,D,0,,,,,Y,,A,01,1,0,0,0,0,0,0,0,0,"- ","- ",38.563449859619141,-121.63819885253906,YOLO,UNINCORPORATED,-121.63819885253906,38.563423156738281
91043688,2019,2019-08-01,9280,2019-07-22,2200,016929,,1,3,9,5700,0,3,5,,2,003,"COUNTY ROAD 24","I-505 N/B",2112.00,E,N,A,-,N,,,,,,,,,,Y,2,0,2,1,A,-,08,22107,,N,F,A,A,A,H,-,D,D,0,,,,,Y,,A,08,1,1,0,0,0,0,0,0,0,"- ","- ",38.663700103759766,-121.94378662109375,YOLO,UNINCORPORATED,-121.94422912597656,38.663658142089844
91066599,2019,2019-09-04,9280,2019-08-23,0530,015437,,5,3,9,5700,0,3,5,,2,003,"COUNTY ROAD 87","COUNTY ROAD 19",330.00,N,N,A,-,N,,,,,,,,,,Y,2,0,1,1,A,-,08,22107,,N,E,J,A,A,H,-,B,D,0,,,,,Y,,A,01,1,0,0,0,0,0,0,0,0,"- ","- ",38.734550476074219,-122.00582122802734,YOLO,UNINCORPORATED,-122.00591278076172,38.734527587890625
91083746,2019,2020-02-21,9280,2019-06-18,2108,018866,,2,2,9,5700,0,1,1,,2,020,"I-5 N/B","YOLO/SACRAMENTO COUNTY LINE",1796.00,N,N,A,-,Y,,,5,,,,,,N,Y,1,1,6,2,A,-,01,23152,F,N,C,C,A,A,H,-,D,D,0,,,,,Y,,A,01,3,2,1,0,0,0,0,0,0,"- ","- ",38.673450469970703,-121.63294219970703,YOLO,UNINCORPORATED,-121.63294219970703,38.673439025878906
91085376,2019,2019-09-27,9280,2019-09-18,0705,015534,,3,1,9,5700,0,3,5,,2,001,"SOUTH RIVER RD","FREEPORT BRIDGE",5280.00,S,N,B,-,N,,,,,,,,,,Y,2,0,2,2,A,-,05,21460,A,N,A,C,A,A,H,-,A,D,0,,,,,Y,,A,01,1,1,0,0,0,0,0,0,0,"- ","- ",38.439109802246094,-121.50637054443359,YOLO,UNINCORPORATED,-121.50439453125,38.441211700439453
91087616,2019,2019-11-04,9280,2019-05-02,0322,017964,,4,3,9,5700,0,3,5,,2,002,"COUNTY ROAD 101","CHURCHILL DOWNS AVE",60.00,N,N,A,-,N,,,,,,,,,,Y,1,1,1,1,A,-,01,23152,A,N,E,I,A,A,H,-,D,D,0,,,,,Y,Y,A,01,0,0,1,0,0,0,0,0,0,"- ","- ",38.698829650878906,-121.74662017822266,YOLO,UNINCORPORATED,-121.74665069580078,38.698753356933594
91098292,2019,2019-10-16,9280,2019-10-07,1515,021277,,1,2,5,5701,0,1,1,,2,010,"I-80 E/B","MACE BLVD",794.00,E,N,A,-,Y,,,80,,,,,,E,Y,2,0,1,2,A,-,07,21658,A,N,C,C,A,A,H,-,A,D,0,,,Y,,Y,,A,01,1,0,0,0,0,0,0,0,1,"- ","- ",38.553310394287109,-121.69158172607422,YOLO,DAVIS,-121.69157409667969,38.553298950195312
91102649,2019,2019-10-22,9280,2019-10-12,0225,019644,,6,3,9,5700,0,1,1,,2,031,"I-505 N/B","SR-16 O/C",704.00,S,N,A,-,Y,,,505,,,,,,N,Y,2,0,1,2,A,-,01,23152,A,F,C,C,A,A,H,-,C,D,0,,,,,Y,Y,A,01,1,0,0,0,0,0,0,0,0,"- ","- ",38.677970886230469,-121.95192718505859,YOLO,UNINCORPORATED,-121.95186614990234,38.677970886230469
91180109,2020,2020-02-11,9280,2020-01-26,1915,015492,,7,2,9,5700,0,1,1,,2,030,"I-5 N/B","ROAD 4",205.00,S,N,A,-,Y,,,5,,,,,,N,Y,2,0,5,4,A,-,01,23152,A,N,B,C,A,A,H,-,D,D,0,,,,,Y,Y,D,22,4,1,0,0,0,0,0,0,0,"- ","- ",38.895801544189453,-121.98049163818359,YOLO,UNINCORPORATED,-121.98049926757812,38.895793914794922
91200160,2020,2020-03-02,9280,2020-02-22,0906,021265,,6,1,9,5700,0,1,2,,2,011,"OLD RIVER RD","COUNTY ROAD 128A",1056.00,N,N,A,-,Y,,,,,,,,,,Y,2,0,1,1,A,-,08,22107,,N,F,A,A,A,H,-,A,D,0,,,,,Y,,A,01,1,0,0,0,0,0,0,0,0,"- ","- ",38.640300750732422,-121.56549835205078,YOLO,UNINCORPORATED,-121.56360626220703,38.624645233154297
91207379,2020,2020-03-12,9280,2020-03-02,1135,015079,,1,1,9,5700,0,3,5,,2,002,"COUNTY ROAD 27","COUNTY ROAD 95",284.00,E,N,A,G,N,,,,,,,,,,Y,2,0,1,3,C,-,18,,,N,E,J,A,A,H,-,A,D,0,,,Y,,Y,,-,"- ",1,0,0,0,0,0,0,0,1,"- ","- ",38.619720458984375,-121.85736846923828,YOLO,UNINCORPORATED,-121.85741424560547,38.619739532470703
91227733,2020,2020-04-20,9280,2020-04-12,0045,021277,,7,3,9,5700,0,1,1,,2,010,"I-80 W/B",WEBSTER,4752.00,E,N,A,-,Y,,,80,,,,,,W,Y,2,0,1,2,A,-,03,22350,,N,D,C,A,A,H,-,D,D,0,,,,,Y,Y,A,01,1,0,0,0,0,0,0,0,0,"- ","- ",38.566448211669922,-121.62225341796875,YOLO,UNINCORPORATED,-121.62225341796875,38.566452026367188
91250098,2020,2020-06-10,9280,2020-05-28,2500,021276,,4,4,9,5700,0,2,4,,1,021,SR-113,"COUNTY ROAD 17",1056.00,S,N,A,-,Y,,,113,,,,,,,N,2,0,1,2,C,-,18,,,F,G,B,E,A,H,-,D,D,0,Y,,,,Y,,-,"- ",1,0,0,0,1,0,0,0,0,"- ","- ",38.724521636962891,-121.76463317871094,YOLO,UNINCORPORATED,-121.76463317871094,38.724517822265625
91269539,2020,2020-07-16,9280,2020-07-11,0840,017964,,6,1,4,5703,0,1,1,,2,020,"I-5 S/B","E. MAIN ST.",2112.00,S,N,A,-,Y,,,5,,,,,,S,Y,2,0,2,1,A,-,08,22107,,N,E,I,A,A,H,-,A,A,0,,,,,Y,,A,01,1,0,1,0,0,0,0,0,0,"- ","- ",38.673778533935547,-121.73892974853516,YOLO,WOODLAND,-121.73892974853516,38.673805236816406
91278571,2020,2020-08-07,9280,2020-06-03,1915,018157,,3,2,9,5700,0,1,3,,2,034,"STATE ROUTE 16","TABERS CORNER",257.00,W,N,A,-,Y,,,16,,,,,,,Y,1,1,0,1,A,-,08,22107,,N,E,I,A,A,H,-,A,A,0,,,Y,,Y,Y,C,02,0,0,0,0,0,0,0,1,0,"- ","- ",38.704658508300781,-122.11873626708984,YOLO,UNINCORPORATED,-122.11872100830078,38.704681396484375
91301347,2020,2020-09-09,9280,2020-08-31,0640,017964,,1,1,9,5700,0,3,5,,2,002,"COUNTY ROAD 99","COUNTY ROAD 27",2640.00,S,N,A,-,N,,,,,,,,,,Y,2,0,1,1,A,-,08,22107,,N,E,I,A,A,H,-,A,A,0,,,,,Y,,D,22,1,0,0,0,0,0,0,0,0,"- ","- ",38.612358093261719,-121.78515625,YOLO,UNINCORPORATED,-121.78521728515625,38.612178802490234
91350274,2020,2021-05-27,9280,2020-11-07,0200,019478,,6,3,9,5700,0,3,5,,2,003,"COUNTY ROAD 14","COUNTY ROAD 85",1584.00,E,N,B,-,N,,,,,,,,,,Y,2,0,4,2,A,-,08,22107,,N,B,C,A,B,H,-,D,A,0,,,,,Y,,A,01,1,0,3,0,0,0,0,0,0,"- ","- ",38.780998229980469,-122.03820037841797,YOLO,UNINCORPORATED,-122.03829956054688,38.781074523925781
91361940,2020,2020-12-09,9280,2020-09-30,1000,015437,,3,1,9,5700,0,3,5,,2,002,"COUNTY ROAD 100A","NORTH DAVIS FARMS RD",3590.00,N,N,A,-,N,,,,,,,,,,Y,1,1,0,2,A,-,09,21804,A,N,D,G,A,A,H,-,A,D,0,,Y,,,Y,,L,04,0,0,0,0,0,1,0,0,0,"- ","- ",38.579990386962891,-121.76683807373047,YOLO,UNINCORPORATED,-121.76683807373047,38.579990386962891
91430168,2021,2021-05-27,9280,2021-03-14,0320,019720,,7,3,9,5700,0,3,5,,2,003,"COUNTY ROAD 14","COUNTY ROAD 90A",5808.00,E,N,A,-,N,,,,,,,,,,Y,2,0,1,1,A,-,01,23152,A,N,E,I,A,A,H,-,D,D,0,,,,,Y,Y,D,22,1,0,0,0,0,0,0,0,0,"- ","- ",38.784259796142578,-121.92436981201172,YOLO,UNINCORPORATED,-121.92533111572266,38.784023284912109
91445218,2021,2021-05-27,9280,2021-03-26,0705,015437,,5,1,9,5700,0,3,5,,2,003,"COUNTY ROAD 89","COUNTY ROAD 29",0.00,,Y,A,-,N,,,,,,,,,,Y,2,0,1,2,A,-,06,21750,A,N,B,C,A,A,H,-,A,A,0,,,,,Y,,D,22,1,0,0,0,0,0,0,0,0,"- ","- ",38.591388702392578,-121.97147369384766,YOLO,UNINCORPORATED,-121.97141265869141,38.591388702392578
91496482,2021,2021-06-14,9280,2021-06-03,0156,015353,,4,3,9,5700,0,1,1,,2,010,"I-80 W/B","WEBSTER UNDERCROSSING",3696.00,E,N,A,-,Y,,,80,,,,,,W,Y,2,0,3,1,A,-,01,23152,A,N,E,I,A,A,H,-,D,D,0,,,,,Y,Y,A,01,1,1,1,0,0,0,0,0,0,"- ","- ",38.565959930419922,-121.62499237060547,YOLO,UNINCORPORATED,-121.62499237060547,38.565963745117188
91496562,2021,2021-06-14,9280,2021-06-03,1445,016144,,4,2,9,5700,0,3,5,,2,002,"COUNT ROAD 29","COUNTY ROAD 102",3300.00,W,N,A,-,N,,,,,,,,,,Y,2,0,2,2,A,-,01,23152,A,N,A,C,A,A,H,-,A,D,0,,,,Y,Y,Y,A,01,1,1,0,0,0,0,0,0,0,"- ","- ",38.589988708496094,-121.74166107177734,YOLO,UNINCORPORATED,-121.74167633056641,38.589992523193359
91516867,2021,2021-07-09,9280,2021-07-01,0735,015534,,4,1,4,5704,0,1,2,,2,011,"US-50 W/B","HARBOR BLVD",3960.00,W,N,A,-,Y,,,50,,,,,,W,Y,2,0,2,3,A,-,03,22350,,N,C,C,A,A,H,-,A,D,0,,,,,Y,,A,01,1,0,1,0,0,0,0,0,0,"- ","- ",38.575508117675781,-121.56269073486328,YOLO,"WEST SACRAMENTO",-121.56269073486328,38.575550079345703
91535105,2021,2021-08-02,9280,2021-07-23,1940,019478,,5,2,9,5700,0,3,5,,2,001,"BABEL SLOUGH RD","PUMPHOUSE RD",4752.00,E,N,A,-,N,,,,,,,,,,Y,2,0,1,1,A,-,08,22107,,N,E,I,A,A,H,-,A,A,0,,,Y,,Y,,C,02,1,0,0,0,0,0,0,0,1,"- ","- ",38.461151123046875,-121.57005310058594,YOLO,UNINCORPORATED,-121.57007598876953,38.459724426269531
91541703,2021,2021-08-10,9280,2021-07-12,1740,016144,,1,2,9,5700,0,1,1,,2,020,"I-5 N/B","E. KENTUCKY AVE O/C",63.00,S,N,A,-,Y,,,,,,,,,,Y,1,1,0,1,A,-,08,22107,,N,E,I,A,A,H,-,A,D,0,,,,,Y,,A,01,0,0,0,0,0,0,0,0,0,"- ","- ",38.691749572753906,-121.75669097900391,YOLO,UNINCORPORATED,-121.75643157958984,38.691883087158203
91551631,2021,2021-09-10,9280,2021-06-12,1902,017874,,6,2,9,5700,0,1,3,,2,034,"STATE ROUTE 16","COUNTY ROAD 71",491.00,W,N,A,-,Y,,,16,,,,,,,Y,1,1,2,1,A,-,01,23152,G,N,E,I,A,A,H,-,A,D,0,,,,,Y,Y,A,08,0,2,0,0,0,0,0,0,0,"- ","- ",38.767051696777344,-122.16503143310547,YOLO,UNINCORPORATED,-122.16497802734375,38.767093658447266
91569749,2021,2021-09-14,9280,2021-09-04,1830,019377,,6,2,9,5700,0,1,1,,2,010,"I-80 E/B","MACE BLVD",960.00,E,N,A,-,Y,,,80,,,,,,E,Y,2,0,1,2,A,-,08,22107,,F,C,C,A,A,H,-,A,D,0,,,Y,,Y,,C,02,1,0,0,0,0,0,0,0,1,"- ","- ",38.553470611572266,-121.6910400390625,YOLO,UNINCORPORATED,-121.6910400390625,38.553474426269531
91582772,2021,2021-09-29,9280,2021-09-19,1320,017964,,7,1,9,5700,0,3,5,,2,003,"COUNTY ROAD 14",I-505,6336.00,E,N,A,-,N,,,,,,,,,,Y,2,0,1,1,A,-,08,22107,,N,H,A,A,A,H,-,A,A,0,,,,,Y,,D,22,1,0,0,0,0,0,0,0,0,"- ","- ",38.783100128173828,-121.92581939697266,YOLO,UNINCORPORATED,-121.92686462402344,38.783702850341797
91590944,2021,2021-10-07,9280,2021-06-30,0023,021277,,3,3,9,5700,0,1,1,,2,010,"I-80 E/B","WEBSTER UNDERCROSSING",2323.00,W,N,A,-,Y,,,80,,,,,,E,N,1,1,0,1,C,-,18,,,N,H,A,A,A,H,-,D,D,0,,,,,Y,,-,"- ",0,0,0,0,0,0,0,0,0,"- ","- ",38.561809539794922,-121.64678192138672,YOLO,UNINCORPORATED,-121.64678955078125,38.561859130859375
91617534,2021,2021-11-05,9280,2021-10-03,1825,019478,,7,2,9,5700,0,3,5,,2,003,"COUNTY ROAD 20A (GRAFTON ST)","COUNTY ROAD 85B",1375.00,E,N,A,-,N,,,,,,,,,,N,2,0,1,1,A,-,01,23152,A,N,H,A,A,A,H,-,B,D,0,,,Y,,Y,Y,C,06,1,0,0,0,0,0,0,0,1,"- ","- ",38.695838928222656,-122.03694915771484,YOLO,UNINCORPORATED,-122.03343963623047,38.695804595947266
91618893,2021,2021-11-08,9280,2021-10-29,1448,019986,,5,2,9,5700,0,1,1,,2,010,"RUSSELL BOULEVARD","COUNTY ROAD 97",495.00,E,N,A,-,N,,,,,,,,,,N,2,0,1,1,A,-,08,22107,,N,F,A,A,A,H,-,A,D,0,,Y,,,Y,,L,04,1,0,0,0,0,0,1,0,0,"- ","- ",38.546840667724609,-121.82015228271484,YOLO,UNINCORPORATED,-121.81999206542969,38.546970367431641
91639746,2021,2021-12-01,9280,2021-11-20,1455,019377,,6,2,9,5700,0,3,5,,2,001,"S. RIVER ROAD","BABEL SLOUGH RD",145.00,N,N,A,-,N,,,,,,,,,,Y,2,0,2,2,A,-,08,22107,,N,F,A,A,A,H,-,A,D,0,,,Y,,Y,,C,02,1,1,0,0,0,0,0,0,2,"- ","- ",38.48052978515625,-121.54949951171875,YOLO,UNINCORPORATED,-121.54953765869141,38.480480194091797
91670342,2021,2022-01-04,9280,2021-12-28,2018,019094,,2,2,9,5700,0,3,5,,2,001,"MACE BOULEVARD","COUNTY ROAD 35",1056.00,N,N,B,-,N,,,,,,,,,,N,2,0,4,2,A,-,01,23152,A,F,A,C,A,A,H,-,D,D,0,,,,,Y,Y,A,01,3,1,0,0,0,0,0,0,0,"- ","- ",38.505069732666016,-121.69542694091797,YOLO,UNINCORPORATED,-121.69542694091797,38.505031585693359
91696136,2022,2022-02-08,9280,2022-01-29,1808,018157,,6,2,9,5700,0,1,1,,2,020,"I-5 S/B","COUNTY ROAD 103",676.00,S,N,A,-,Y,YOL,,5,,,4.363,H,,L,Y,2,0,1,1,A,-,01,23152,A,N,E,I,A,A,H,-,D,D,0,,,,,Y,Y,D,22,1,0,0,0,0,0,0,0,0,"- ","- ",38.673629760742188,-121.70697784423828,YOLO,UNINCORPORATED,-121.70697784423828,38.673564910888672
91700374,2022,2022-02-14,9280,2022-02-05,0200,019986,,6,3,9,5700,0,3,5,,2,001,"OLD RIVER ROAD",CR-126,214.00,N,N,A,-,N,,,,,,,,,,Y,2,0,1,1,A,-,01,23152,A,N,E,I,A,A,H,-,D,D,0,,,,,Y,Y,A,01,1,0,0,0,0,0,0,0,0,"- ","- ",38.609539031982422,-121.56053924560547,YOLO,UNINCORPORATED,-121.56027221679688,38.607860565185547
91716858,2022,2022-03-07,9280,2022-02-23,0758,015128,,3,1,9,5700,0,1,3,,1,024,SR-16,CR-95,0.00,,Y,A,-,Y,YOL,,16,,,37.527,H,,R,Y,2,0,1,2,A,-,09,21801,A,N,D,C,A,A,H,-,A,D,0,,,,,Y,,A,01,1,0,0,0,0,0,0,0,0,"- ","- ",38.676101684570312,-121.85803985595703,YOLO,UNINCORPORATED,-121.85803985595703,38.676101684570312
91722260,2021,2022-03-14,9280,2021-12-24,1830,018352,,5,2,9,5700,0,3,5,,2,001,"S. RIVER ROAD","ROSE RD",5280.00,N,N,B,-,N,,,,,,,,,,N,1,1,0,2,A,-,11,21954,A,N,G,B,E,A,H,-,D,D,0,Y,,,,Y,Y,N,60,0,0,0,1,0,0,0,0,0,"- ","- ",38.437118530273438,-121.51007080078125,YOLO,UNINCORPORATED,-121.52745819091797,38.436119079589844
91724408,2022,2022-03-16,9280,2022-03-05,1800,018316,,6,2,9,5700,0,2,4,,1,021,"COUNTY ROAD 102","COUNTY ROAD 16",1750.00,N,N,A,-,N,,,,,,,,,,Y,2,0,3,4,A,-,01,23152,A,N,A,C,A,A,H,-,B,D,0,,,,,Y,Y,A,01,1,1,1,0,0,0,0,0,0,"- ","- ",38.754138946533203,-121.72927093505859,YOLO,UNINCORPORATED,-121.729248046875,38.753604888916016
91758094,2022,2022-04-27,9280,2022-03-25,0440,015353,,5,3,9,5700,0,3,5,,2,002,"COUNTY ROAD 25A","COUNTY ROAD 98",0.00,,Y,A,-,N,,,,,,,,,,Y,1,1,0,2,A,-,11,21954,A,N,G,B,D,A,H,-,D,A,0,Y,,,,Y,,N,60,0,0,0,1,0,0,0,0,0,"- ","- ",38.641448974609375,-121.80261993408203,YOLO,UNINCORPORATED,-121.80270385742188,38.641410827636719
91766288,2022,2022-05-06,9280,2022-04-28,1840,018352,,4,2,9,5700,0,3,5,,2,001,"OLD RIVER RD","COUNTY ROAD 124",9130.00,S,N,A,-,N,,,,,,,,,,Y,2,0,1,1,A,-,08,22107,,N,E,I,A,A,H,-,A,D,0,,,,,Y,,A,01,1,0,0,0,0,0,0,0,0,"- ","- ",38.642238616943359,-121.59320068359375,YOLO,UNINCORPORATED,-121.59324645996094,38.642215728759766
91774104,2022,2022-05-17,9280,2022-05-14,1135,017983,,6,1,4,5704,0,1,2,,2,011,"US-50 W/B","HARBOR BLVD",1336.00,W,N,A,-,Y,YOL,,50,,,0.940,H,,L,Y,2,0,4,4,A,-,03,22350,,N,C,C,A,A,H,-,A,D,0,,,,,Y,,D,22,1,2,1,0,0,0,0,0,0,"- ","- ",38.575141906738281,-121.55358123779297,YOLO,"WEST SACRAMENTO",-121.55358123779297,38.57513427734375
91785888,2022,2022-06-01,9280,2022-05-24,2310,019927,,2,3,5,5701,0,1,1,,2,010,"I-80 W/B","COUNTY ROAD 32A",70.00,E,N,A,-,Y,YOL,,80,,,6.293,H,,L,Y,2,0,2,2,A,-,01,23152,A,N,C,C,A,A,H,-,D,D,0,,,,,Y,Y,A,01,1,1,0,0,0,0,0,0,0,"- ","- ",38.565261840820312,-121.62963104248047,YOLO,DAVIS,-121.62959289550781,38.565135955810547
91817556,2022,2022-07-14,9280,2022-07-05,1155,015534,,2,1,4,5704,0,1,2,,2,011,"U-50 W/B","HARBOR BLVD",1690.00,E,N,A,-,Y,YOL,,50,,,1.538,H,,L,N,2,0,5,2,A,-,03,22350,,N,C,C,A,A,H,-,A,D,0,,,,,Y,,A,01,1,2,2,0,0,0,0,0,0,"- ","- ",38.575080871582031,-121.54251098632812,YOLO,"WEST SACRAMENTO",-121.54251098632812,38.575122833251953
91818383,2022,2022-07-15,9280,2022-07-08,1035,017964,,5,1,9,5700,0,1,3,,2,034,"STATE ROUTE 16","RUMSEY CANYON RD (SOUTH)",0.00,,Y,A,-,Y,YOL,,16,,,6.588,H,,R,Y,2,0,1,2,A,-,05,21752,D,N,D,C,A,A,H,-,A,A,0,,,Y,,Y,,C,02,1,0,0,0,0,0,0,0,1,"- ","- ",38.893398284912109,-122.24578857421875,YOLO,UNINCORPORATED,-122.24577331542969,38.893417358398438
91821422,2022,2022-07-20,9280,2022-04-19,1432,018874,,2,2,9,5700,0,3,5,,2,001,"COUNTY ROAD 141","SOUTH RIVER RD.",0.00,,Y,A,-,N,,,,,,,,,,Y,1,1,0,1,A,-,01,23152,A,N,E,I,A,A,H,-,A,A,0,,,,,Y,Y,A,01,0,0,0,0,0,0,0,0,0,"- ","- ",38.407661437988281,-121.51828765869141,YOLO,UNINCORPORATED,-121.51834106445312,38.40765380859375
91824434,2022,2022-07-25,9280,2022-07-17,1620,019986,,7,2,9,5700,0,1,3,,2,032,SR-128,"POSITAS RD.",6000.00,W,N,A,-,Y,YOL,,128,,,3.131,H,,R,Y,2,0,1,1,A,-,08,22107,,N,F,A,A,A,H,-,A,D,0,,,Y,,Y,,C,02,1,0,0,0,0,0,0,0,1,"- ","- ",38.510120391845703,-122.04502105712891,YOLO,UNINCORPORATED,-122.04502105712891,38.510116577148438