CASE_ID,ACCIDENT_YEAR,PROC_DATE,JURIS,COLLISION_DATE,COLLISION_TIME,OFFICER_ID,REPORTING_DISTRICT,DAY_OF_WEEK,CHP_SHIFT,POPULATION,CNTY_CITY_LOC,SPECIAL_COND,BEAT_TYPE,CHP_BEAT_TYPE,CITY_DIVISION_LAPD,CHP_BEAT_CLASS,BEAT_NUMBER,PRIMARY_RD,SECONDARY_RD,DISTANCE,DIRECTION,INTERSECTION,WEATHER_1,WEATHER_2,STATE_HWY_IND,CALTRANS_COUNTY,CALTRANS_DISTRICT,STATE_ROUTE,ROUTE_SUFFIX,POSTMILE_PREFIX,POSTMILE,LOCATION_TYPE,RAMP_INTERSECTION,SIDE_OF_HWY,TOW_AWAY,COLLISION_SEVERITY,NUMBER_KILLED,NUMBER_INJURED,PARTY_COUNT,PRIMARY_COLL_FACTOR,PCF_CODE_OF_VIOL,PCF_VIOL_CATEGORY,PCF_VIOLATION,PCF_VIOL_SUBSECTION,HIT_AND_RUN,TYPE_OF_COLLISION,MVIW,PED_ACTION,ROAD_SURFACE,ROAD_COND_1,ROAD_COND_2,LIGHTING,CONTROL_DEVICE,CHP_ROAD_TYPE,PEDESTRIAN_ACCIDENT,BICYCLE_ACCIDENT,MOTORCYCLE_ACCIDENT,TRUCK_ACCIDENT,NOT_PRIVATE_PROPERTY,ALCOHOL_INVOLVED,STWD_VEHTYPE_AT_FAULT,CHP_VEHTYPE_AT_FAULT,COUNT_SEVERE_INJ,COUNT_VISIBLE_INJ,COUNT_COMPLAINT_PAIN,COUNT_PED_KILLED,COUNT_PED_INJURED,COUNT_BICYCLIST_KILLED,COUNT_BICYCLIST_INJURED,COUNT_MC_KILLED,COUNT_MC_INJURED,PRIMARY_RAMP,SECONDARY_RAMP,LATITUDE,LONGITUDE,COUNTY,CITY,POINT_X,POINT_Y
91859698,2022,2022-09-08,9280,2022-08-28,0300,019478,,7,3,9,5700,0,3,5,,2,003,"COUNTY ROAD 86A","COUNTY ROAD 23",1584.00,N,N,A,-,N,,,,,,,,,,Y,2,0,2,1,A,-,01,23152,G,N,E,I,A,A,H,-,D,A,0,,,,,Y,Y,A,01,2,0,0,0,0,0,0,0,0,"- ","- ",38.6768798828125,-122.01454162597656,YOLO,UNINCORPORATED,-122.01705932617188,38.672740936279297
91872702,2022,2022-09-26,9280,2022-09-16,1210,017964,,5,1,9,5700,0,1,1,,2,030,"I-5 N/B","I-505 N/B",2650.00,S,N,A,-,Y,YOL,,5,,R,22.094,H,,L,Y,2,0,3,1,A,-,08,22107,,N,F,A,A,A,H,-,A,A,0,,,,,Y,,D,22,3,0,0,0,0,0,0,0,0,"- ","- ",38.84197998046875,-121.93399047851562,YOLO,UNINCORPORATED,-121.9339599609375,38.841995239257812
91874348,2022,2022-09-27,9280,2022-09-18,1528,018874,,7,2,9,5700,0,1,1,,2,031,"I-505 N/B","I-5 S/B",2580.00,S,N,B,-,Y,YOL,,505,,,21.830,H,,R,Y,2,0,3,2,A,-,03,22350,,N,C,C,A,A,H,-,A,D,0,,,,Y,Y,,A,07,1,1,1,0,0,0,0,0,0,"- ","- ",38.840328216552734,-121.93952178955078,YOLO,UNINCORPORATED,-121.93952941894531,38.840328216552734
91881554,2022,2022-10-04,9280,2022-09-21,1945,018316,,3,2,9,5700,0,1,3,,2,034,SR-16,"COUNTY ROAD 45",12.00,W,N,A,-,Y,,,,,,,,,,Y,2,0,2,4,A,-,03,22350,,N,C,E,E,A,H,-,A,D,0,Y,,,,Y,,A,07,1,1,0,0,2,0,0,0,0,"- ","- ",38.844181060791016,-121.20355224609375,YOLO,UNINCORPORATED,-122.20347595214844,38.844089508056641
91908531,2022,2022-11-03,9280,2022-10-23,1530,019377,,7,2,4,5704,0,1,1,,2,010,"I-80 W/B","W. CAPITOL AVENUE",445.00,W,N,A,-,Y,YOL,,80,,R,10.073,H,,L,Y,2,0,1,2,A,-,03,22350,,N,C,C,A,A,H,-,A,D,0,,,Y,,Y,,C,02,1,0,0,0,0,0,0,0,1,"- ","- ",38.577411651611328,-121.56255340576172,YOLO,"WEST SACRAMENTO",-121.56252288818359,38.577384948730469
91917383,2022,2022-11-14,9280,2022-05-25,1900,016520,,3,2,4,5704,0,1,2,,2,011,"US-50 WESTBOUND","JEFFERSON BLVD.",440.00,W,N,A,-,Y,YOL,,50,,,2.323,H,,L,Y,1,1,0,2,A,-,01,23152,G,N,C,C,A,A,H,-,A,D,0,,,,Y,Y,Y,A,01,0,0,0,0,0,0,0,0,0,"- ","- ",38.576858520507812,-121.52825927734375,YOLO,"WEST SACRAMENTO",-121.52824401855469,38.576831817626953
91930801,2022,2022-12-15,9280,2022-11-22,1742,016144,,2,2,9,5700,0,2,4,,1,021,"COUNTY ROAD 102","COUNTY ROAD 28H",2640.00,N,N,A,-,N,,,,,,,,,,N,2,0,1,2,A,-,08,22107,,N,D,C,A,A,H,-,D,D,0,,,,,Y,,A,07,1,0,0,0,0,0,0,0,0,"- ","- ",38.595870971679688,-121.73014068603516,YOLO,UNINCORPORATED,-121.73009490966797,38.598869323730469
91939549,2022,2022-12-12,9280,2022-12-03,0020,019927,,6,3,9,5700,0,3,5,,2,002,"COUNTY ROAD 22","COUNTY ROAD 103",9979.00,E,N,A,-,N,,,,,,,,,,Y,2,0,1,1,A,-,01,23152,,M,E,I,A,A,H,-,D,D,0,,,,,Y,Y,A,01,1,0,0,0,0,0,0,0,0,"- ","- ",38.676738739013672,-121.67478179931641,YOLO,UNINCORPORATED,,
91975804,2022,2023-01-24,9280,2022-11-24,2500,019802,,4,4,9,5700,0,1,1,,2,010,"I-80 W/B","COUNTY ROAD 105",2112.00,W,N,A,-,Y,YOL,,80,,,3.272,H,,L,Y,1,2,1,1,A,-,01,23152,F,N,E,I,A,A,H,-,D,D,0,,,,,Y,,D,22,1,0,0,0,0,0,0,0,0,"- ","- ",38.555519104003906,-121.68399810791016,YOLO,UNINCORPORATED,-121.68398284912109,38.555465698242188
92002276,2023,2023-02-24,9280,2023-02-19,1805,019927,,7,2,9,5700,0,3,5,,2,002,"COUNTY ROAD 98","COUNTY ROAD 27",0.00,,Y,A,-,N,,,,,,,,,,Y,2,0,1,1,A,-,08,22107,,N,F,A,A,A,H,-,A,A,0,,,Y,,Y,,C,02,1,0,0,0,0,0,0,0,1,"- ","- ",38.619621276855469,-121.80300903320312,YOLO,UNINCORPORATED,-121.80288696289062,38.619621276855469
92028027,2023,2023-03-24,9280,2023-03-17,"750 ",016042,,5,1,9,5700,0,3,5,,2,002,"COUNTY ROAD 102","COUNTY ROAD 29",0.00,,Y,C,-,N,,,,,,,,,,Y,2,0,2,2,A,-,12,22450,A,N,D,C,A,A,H,-,A,A,0,,,,,Y,,D,23,1,0,1,0,0,0,0,0,0,"- ","- ",38.588859558105469,-121.73039245605469,YOLO,UNINCORPORATED,-121.73033905029297,38.589019775390625
92068046,2023,2023-05-12,9280,2023-04-16,2040,018352,,7,2,9,5700,0,3,5,,2,001,"COUNTY ROAD 32B (E CHILES RD)","COUNTY ROAD 105D",1405.00,W,N,A,-,N,,,,,,,,,,N,2,0,1,2,A,-,08,22107,,F,G,B,E,A,H,-,D,D,0,Y,,,,Y,,-,99,1,0,0,0,1,0,0,0,0,"- ","- ",38.558120727539062,-121.66947937011719,YOLO,UNINCORPORATED,-121.66939544677734,38.558139801025391
92084677,2023,2023-08-01,9280,2023-05-24,"600 ",015353,,3,1,9,5700,0,3,5,,2,002,"OLD RIVER RD","COUNTY ROAD 124",316.00,N,N,A,-,N,,,,,,,,,,Y,1,1,3,2,A,-,08,22107,,N,A,C,A,A,H,-,B,D,0,,,,,Y,,A,01,3,0,0,0,0,0,0,0,0,"- ","- ",38.661540985107422,-121.61476898193359,YOLO,UNINCORPORATED,-121.61468505859375,38.661495208740234
92087399,2023,2023-06-19,9280,2023-05-25,"948 ",016042,,4,1,4,5704,0,1,1,,2,010,"I-80 W/B ONRAMP FROM WEST CAPITOL AVE.","WEST CAPITOL AVE.",141.00,S,N,A,-,Y,,,,,,,,,,Y,2,0,1,1,A,-,03,22350,,N,F,A,A,A,H,-,A,D,0,,,,Y,Y,,G,25,1,0,0,0,0,0,0,0,0,"- ","- ",38.575111389160156,-121.57530975341797,YOLO,"WEST SACRAMENTO",-121.57530975341797,38.575111389160156
92124500,2023,2023-07-24,9280,2023-07-12,2130,016042,,3,2,9,5700,0,1,3,,2,034,"PUBLIC PROPERTY","CLOVER STREET",113.00,S,N,A,-,N,,,,,,,,,,Y,2,0,1,1,B,-,22,,,N,F,A,A,A,H,-,D,D,0,,,Y,,Y,,C,02,1,0,0,0,0,0,0,0,1,"- ","- ",38.693271636962891,-122.02860260009766,YOLO,UNINCORPORATED,,
92140753,2023,2023-08-10,9280,2023-07-15,2146,022667,,6,2,9,5700,0,2,4,,1,021,CR-102,CR-14,4224.00,S,N,A,-,N,,,,,,,,,,N,1,1,4,2,C,-,18,,,N,G,B,E,A,H,-,D,D,0,Y,,,,Y,,-,"- ",0,2,2,1,0,0,0,0,0,"- ","- ",38.766159057617188,-121.72885131835938,YOLO,UNINCORPORATED,-121.72887420654297,38.766269683837891
92159736,2023,2023-08-31,9280,2023-08-27,2150,017964,,7,2,9,5700,0,1,1,,2,030,"I-5 N/B","COUNTY ROAD 2",1584.00,N,N,A,-,Y,YOL,,5," ",R,28.066,H,,R,Y,2,0,2,2,A,-,01,23152,A,N,B,2,A,A,H,-,D,A,0,,,,,Y,Y,D,22,1,0,1,0,0,0,0,0,0,"- ","- ",38.914520263671875,-121.99275207519531,YOLO,UNINCORPORATED,-121.99277496337891,38.914508819580078
92163269,2023,2023-09-06,9280,2023-08-23,1226,015128,,3,1,9,5700,0,1,3,,2,022,"SR-113 N/B","GIBSON RD",4060.00,S,N,A,-,Y,YOL,,113," ",R,8.464,H,,R,Y,2,0,1,2,A,-,03,22350,,N,C,C,A,A,H,-,A,D,0,,,,Y,Y,,A,01,1,0,0,0,0,0,0,0,0,"- ","- ",38.652000427246094,-121.75501251220703,YOLO,UNINCORPORATED,-121.75503540039062,38.652008056640625
92176926,2023,2023-09-22,9280,2023-09-17,"149 ",021277,,7,3,9,5700,0,3,5,,2,002,"COUNTY ROAD 99W","COUNTY ROAD 17",230.00,N,N,A,-,N,,,,,,,,,,Y,2,0,1,1,A,-,01,23152,A,N,F,A,A,A,H,-,D,A,0,,,,,Y,Y,A,07,1,0,0,0,0,0,0,0,0,"- ","- ",38.735958099365234,-121.81587982177734,YOLO,UNINCORPORATED,-121.81586456298828,38.735881805419922
92281722,2023,2024-01-08,9280,2023-11-09,1743,019377,,4,2,5,5701,0,1,1,,2,010,"I-80 W/B","MACE BLVD",2152.00,W,N,B,-,Y,YOL,,80," "," ",2.227,H,,L,N,1,1,0,3,A,-,11,21954,A,N,G,B,E,A,H,-,D,B,0,Y,,,,Y,,N,60,0,0,0,1,0,0,0,0,0,"- ","- ",38.551250457763672,-121.70246124267578,YOLO,DAVIS,-121.70247650146484,38.551288604736328
92298180,2023,2024-04-18,9280,2023-11-20,"10  ",022215,,1,3,4,5704,0,1,2,,2,011,"UNITED STATES ROUTE 50 WESTBOUND","HARBOR BOULEVARD",3497.00,E,N,A,-,Y,YOL,,50," "," ",1.882,H,,L,Y,1,1,1,1,A,-,01,23152,A,N,E,8,A,A,D,-,D,A,0,,,,,Y,Y,A,01,1,0,0,0,0,0,0,0,0,"- ","- ",38.575111389160156,-121.53614807128906,YOLO,"WEST SACRAMENTO",-121.53615570068359,38.575160980224609
92322916,2024,2024-02-26,9280,2024-02-18,"110 ",022326,,7,3,5,5701,0,1,1,,2,010,"I-80 E/B FROM MACE BLVD","MACE BLVD",900.00,E,N,B,-,Y,YOL,,80," "," ",2.834,H,,R,Y,2,0,2,1,A,-,01,23152,A,N,E,8,A,A,H,-,C,D,0,,,,,Y,Y,A,01,1,1,0,0,0,0,0,0,0,"- ","- ",38.553081512451172,-121.69158935546875,YOLO,DAVIS,-121.69169616699219,38.553256988525391
92401420,2023,2024-05-29,9280,2023-11-17,1733,016144,,5,2,9,5700,0,2,4,,1,021,"COUNTY ROAD 102","COUNTY ROAD 18C",3696.00,N,N,B,-,N,,,,,,,,,,Y,1,1,1,3,A,-,08,22107,,F,A,C,A,B,H,-,D,D,0,,,,,Y,,A,01,1,0,0,0,0,0,0,0,0,"- ","- ",38.719108581542969,-121.73023223876953,YOLO,UNINCORPORATED,-121.73029327392578,38.718883514404297
9320849,2022,2022-07-14,5704,2022-03-03,0800,00165,,4,5,4,5704,0,0,0,,0,002,"WEST CAPITOL AV","MAPLE ST",0.00,,Y,A,-,N,,,,,,,,,,Y,1,1,0,2,A,-,09,21802,A,N,D,C,A,A,H,-,A,A,0,,,Y,,Y,,D,22,0,0,0,0,0,0,0,1,0,"- ","- ",38.579910278320312,-121.53816986083984,YOLO,"WEST SACRAMENTO",-121.53819274902344,38.579795837402344
9320869,2022,2022-07-21,5704,2022-05-28,0954,06698,,6,5,4,5704,0,0,0,,0,002,"JEFFERSON BL","MERKLEY AV",259.00,S,N,A,-,N,,,,,,,,,,Y,1,1,0,2,A,-,11,21954,A,N,G,B,D,A,H,-,A,D,0,Y,,,,Y,,N,60,0,0,0,1,0,0,0,0,0,"- ","- ",38.579311370849609,-121.52596282958984,YOLO,"WEST SACRAMENTO",-121.52576446533203,38.578643798828125
9323424,2021,2021-10-20,5704,2021-09-05,2251,06092,,7,5,4,5704,0,0,0,,0,002,"SOUTH RIVER RD","LOCKS DR",2144.00,N,N,A,-,N,,,,,,,,,,N,2,0,1,2,A,-,10,21954,B,F,G,B,E,A,H,-,D,D,0,Y,,,,Y,Y,-,99,1,0,0,0,1,0,0,0,0,"- ","- ",38.5601806640625,-121.52333831787109,YOLO,"WEST SACRAMENTO",-121.53150177001953,38.560588836669922
9323926,2021,2021-09-15,5701,2021-08-12,1315,112,3,4,5,5,5701,0,0,0,,0,001,"WEST COVELL BL","COVELL BL",29.00,S,N,A,-,N,,,,,,,,,,N,2,0,1,2,A,-,07,21658,A,N,H,G,A,A,H,-,A,D,0,,Y,,,Y,,L,04,1,0,0,0,0,0,1,0,0,"- ","- ",38.562461853027344,-121.76519775390625,YOLO,DAVIS,-121.74484252929688,38.560661315917969
93294446,2024,2024-08-02,9280,2024-07-23,1845,018316,,2,2,9,5700,0,1,3,,2,034,SR-16,"COUNTY ROAD 78A",1056.00,E,N,A,-,Y,YOL,,16," "," ",20.389,H,,R,Y,2,0,2,2,A,-,05,21460,C,N,A,C,A,A,H,-,A,D,0,,,,,Y,,A,01,1,1,0,0,0,0,0,0,0,"- ","- ",38.718761444091797,-122.13594055175781,YOLO,UNINCORPORATED,-122.13591766357422,38.718776702880859
9409864,2021,2022-03-07,5701,2021-12-18,0530,123,7,6,5,5,5701,0,0,0,,0,003,"LOYOLA DR","ALHAMBRA DR",480.00,W,N,A,-,N,,,,,,,,,,Y,2,0,2,1,A,-,03,22350,,N,E,I,A,A,H,-,C,D,0,,,,,Y,,A,01,1,1,0,0,0,0,0,0,0,"- ","- ",38.55841064453125,-121.70919036865234,YOLO,DAVIS,-121.71004486083984,38.559043884277344
9425663,2022,2022-04-19,5701,2022-03-21,1437,240,2,1,5,5,5701,0,0,0,,0,001,"RUSSELL BL","ANDERSON RD",179.00,W,N,A,-,N,,,,,,,,,,N,2,0,1,2,A,-,09,21804,A,N,H,G,A,A,H,-,A,D,0,,Y,,,Y,,A,01,1,0,0,0,0,0,1,0,0,"- ","- ",38.546730041503906,-121.75923919677734,YOLO,DAVIS,-121.75938415527344,38.546401977539062
9428037,2022,2022-04-11,5701,2022-03-18,1900,1040,,5,5,5,5701,0,0,0,,0,UCD,"HUTCHINSON DR","BIOLETTI WY",315.00,E,N,A,-,N,,,,,,,,,,N,2,0,1,2,A,-,09,21803,A,N,D,C,A,A,H,-,A,A,0,,,Y,,Y,,I,20,1,0,0,0,0,0,0,0,1,"- ","- ",,,YOLO,DAVIS,-121.75509643554688,38.53912353515625
9432213,2022,2022-11-14,5703,2022-07-24,1446,2157,71,7,5,4,5703,0,0,0,,0,004,"COUNTY ROAD 102","RT 5",0.00,,Y,A,-,Y,YOL,3,5,-,-,5.704,R,1,S,Y,2,0,5,4,A,-,12,21453,A,N,G,B,B,A,H,-,A,A,0,Y,,,,Y,,A,01,1,3,1,0,1,0,0,0,0,"- ",SF,38.672409057617188,-121.72866821289062,YOLO,WOODLAND,-121.73178100585938,38.673683166503906
94356987,2024,2024-08-16,9280,2024-08-09,"602 ",016114,,5,1,9,5700,0,1,1,,2,030,"I-5 S/B","COUNTY ROAD 4",2640.00,S,N,A,-,Y,YOL,,5," ",R,26.169,H,,L,Y,2,0,1,1,A,-,08,22107,,N,F,A,A,A,H,-,B,D,0,,,,,Y,,A,07,1,0,0,0,0,0,0,0,0,"- ","- ",38.889881134033203,-121.97756958007812,YOLO,UNINCORPORATED,-121.97761535644531,38.889869689941406
94357301,2024,2024-08-16,9280,2024-06-06,2320,018352,,4,3,9,5700,0,3,5,,2,002,"COUNTY ROAD 22","COUNTY ROAD 117",8712.00,W,N,A,-,N,,,,,,,,,,Y,1,2,4,2,A,-,08,22107,,N,A,C,A,A,H,-,D,D,0,,,,,Y,,A,01,4,0,0,0,0,0,0,0,0,"- ","- ",38.676731109619141,-121.66107940673828,YOLO,UNINCORPORATED,,
9438978,2022,2022-05-18,5701,2022-04-27,1555,127,9,3,5,5,5701,0,0,0,,0,004,"MACE BL","N EL MACERO DR",31.00,S,N,A,-,N,,,,,,,,,,Y,2,0,1,2,A,-,03,22350,,F,C,C,A,A,H,-,A,A,0,,,,,Y,,D,22,1,0,0,0,0,0,0,0,0,"- ","- ",38.546749114990234,-121.69450378417969,YOLO,DAVIS,-121.69443511962891,38.546634674072266
94429764,2024,2024-10-14,9280,2024-09-29,"241 ",022215,,7,3,4,5704,0,1,1,,2,010,"INTERSTATE 80 EASTBOUND","REED AVENUE",5597.00,W,N,A,-,Y,YOL,,80," ",R,10.163,H,,R,Y,2,0,1,1,A,-,08,22107,,N,E,8,A,A,D,-,D,D,0,,,Y,,Y,,C,02,1,0,0,0,0,0,0,0,1,"- ","- ",38.57830810546875,-121.56127166748047,YOLO,"WEST SACRAMENTO",-121.56124114990234,38.578300476074219
94435222,2024,2024-10-17,9280,2024-10-07,1850,019775,,1,2,4,5703,0,1,3,,2,022,"SR-113 S/B TO E MAIN STREET","MAIN STREET",739.00,S,N,A,-,Y,YOL,,113," ",R,10.080,H,,L,Y,2,0,1,1,A,-,01,23152,A,N,F,A,A,A,H,-,A,D,0,,,,,Y,Y,A,07,1,0,0,0,0,0,0,0,0,"- ","- ",38.675010681152344,-121.75151062011719,YOLO,WOODLAND,-121.75121307373047,38.675006866455078
94505600,2024,2024-12-16,9280,2024-08-12,1130,015128,,1,1,9,5700,0,1,3,,2,023,SR-113,CR-102,2112.00,S,N,A,-,Y,YOL,,113," "," ",20.743,H,,R,Y,1,1,0,2,A,-,08,22107,,N,D,G,A,A,H,-,A,D,0,,Y,,,Y,,L,04,0,0,0,0,0,1,0,0,0,"- ","- ",38.792591094970703,-121.73584747314453,YOLO,UNINCORPORATED,-121.73584747314453,38.792606353759766
94526787,2024,2025-01-06,9280,2024-12-25,2500,023170,,3,4,9,5700,0,1,3,,2,034,SR-16,I-505,206.00,E,N,B,-,Y,YOL,,16," "," ",32.265,H,,R,Y,2,0,1,1,A,-,08,22107,,F,E,I,A,A,H,-,C,A,0,,,,,Y,,A,01,1,0,0,0,0,0,0,0,0,"- ","- ",38.679531097412109,-121.95133972167969,YOLO,UNINCORPORATED,-121.95133972167969,38.679531097412109
94655437,2025,2025-04-21,9280,2025-04-05,"141 ",024073,,6,3,9,5700,0,1,1,,2,010,"I-80 W/B","CHILES RD",3485.00,E,N,A,-,Y,YOL,,80," "," ",6.457,H,,L,Y,2,0,1,2,A,-,01,23152,A,N,C,2,A,A,D,-,D,D,0,,,,Y,Y,Y,A,01,1,0,0,0,0,0,0,0,0,"- ","- ",38.565670013427734,-121.62663269042969,YOLO,UNINCORPORATED,-121.62663269042969,38.565666198730469
94718878,2025,2025-06-09,9280,2025-06-01,2115,024427,,7,2,9,5700,0,1,3,,2,022,"SR-113 S/B","COUNTY ROAD 29",5702.00,S,N,A,-,Y,YOL,,113," ",R,3.026,H,,L,N,2,0,1,1,A,-,13,22515,A,N,H,A,A,A,H,-,D,D,0,,,,,Y,,A,01,1,0,0,0,0,0,0,0,0,"- ","- ",38.574600219726562,-121.76789093017578,YOLO,UNINCORPORATED,-121.76780700683594,38.574600219726562
94757979,2025,2025-07-11,9280,2025-05-28,1334,022445,,3,1,9,5700,0,1,3,,2,013,"SR-84 (JEFFERSON BLVD)","CLARKSBURG RD",556.00,S,N,A,-,Y,YOL,,84," "," ",9.352,H,,R,N,1,1,0,1,A,-,08,22107,,N,E,I,A,A,H,-,A,D,0,,,,,Y,,A,01,0,0,0,0,0,0,0,0,0,"- ","- ",38.411888122558594,-121.58277893066406,YOLO,UNINCORPORATED,-121.58283233642578,38.411888122558594
9495406,2022,2022-10-06,5701,2022-08-28,0322,236,1,7,5,5,5701,0,0,0,,0,001,"JEROME ST","MARINA CIR",110.00,N,N,A,-,N,,,,,,,,,,Y,2,0,1,3,A,-,03,22350,,N,C,C,A,A,H,-,C,D,0,,,,,Y,Y,A,01,1,0,0,0,0,0,0,0,0,"- ","- ",38.549140930175781,-121.78975677490234,YOLO,DAVIS,-121.79117584228516,38.5499267578125
9520876,2023,2023-10-04,5703,2023-07-02,"218 ",2070,22,7,5,4,5703,0,0,0,,0,001,"NORTH ST","3RD ST",39.00,W,N,A,-,N,,,,,,,,,,Y,1,1,0,1,A,-,01,23152,A,N,E,I,A,A,H,-,C,A,0,,,Y,,Y,Y,C,02,0,0,0,0,0,0,0,1,0,"- ","- ",38.679981231689453,-121.77057647705078,YOLO,WOODLAND,-121.77070617675781,38.679901123046875
9522979,2022,2023-01-03,5701,2022-11-30,2138,222,5,3,5,5,5701,0,0,0,,0,002,"3RD ST","I ST",20.00,W,N,A,-,N,,,,,,,,,,N,2,0,1,2,A,-,09,21804,A,N,H,G,A,A,H,-,C,D,0,,Y,,,Y,,A,01,1,0,0,0,0,0,1,0,0,"- ","- ",38.545299530029297,-121.73699188232422,YOLO,DAVIS,-121.73703765869141,38.545299530029297
9550754,2023,2023-04-13,5701,2023-02-26,1653,248,4,7,5,5,5701,0,0,0,,0,002,"2ND ST","B ST",0.00,,Y,B,C,N,,,,,,,,,,Y,2,0,1,2,A,-,09,21802,A,N,D,C,A,B,H,-,A,A,0,,,,,Y,,M,94,1,0,0,0,0,0,0,0,0,"- ","- ",38.542800903320312,-121.74468231201172,YOLO,DAVIS,-121.74434661865234,38.542690277099609
9563377,2023,2023-04-13,5701,2023-02-09,"855 ",251,2,4,5,5,5701,0,0,0,,0,001,"HANOVER DR","WEST COVELL BL",436.00,S,N,A,-,N,,,,,,,,,,N,2,0,1,2,A,-,03,22350,,N,G,B,D,A,H,-,A,D,0,Y,,,,Y,,A,01,1,0,0,0,1,0,0,0,0,"- ","- ",38.560199737548828,-121.75537872314453,YOLO,DAVIS,-121.75578308105469,38.560749053955078
9565257,2023,2023-05-02,5704,2023-03-24,2311,06195,,5,5,4,5704,0,0,0,,0,,"6TH ST","CALIFORNIA ST",223.00,S,N,A,-,N,,,,,,,,,,Y,2,0,1,1,A,-,08,22107,,N,E,I,A,A,H,-,C,D,0,,,Y,,Y,,C,02,1,0,0,0,0,0,0,0,1,"- ","- ",38.588539123535156,-121.51419067382812,YOLO,"WEST SACRAMENTO",-121.51458740234375,38.587959289550781
9579882,2023,2023-06-08,5701,2023-04-15,1947,239,1,6,5,5,5701,0,0,0,,0,001,"COVELL BL","DENALI DR",45.00,E,N,A,-,N,,,,,,,,,,Y,2,0,6,2,A,-,09,21801,A,N,A,D,A,A,H,-,B,A,0,,,,,Y,,A,01,1,5,0,0,0,0,0,0,0,"- ","- ",38.561019897460938,-121.77938842773438,YOLO,DAVIS,-121.77923583984375,38.560985565185547
9587639,2023,2023-06-07,5704,2023-05-07,1848,06225,,7,5,4,5704,0,0,0,,0,002,"HARBOR BL","WEST CAPITOL AV",197.00,S,N,A,-,N,,,,,,,,,,Y,2,0,1,2,A,-,08,22107,,N,A,G,A,A,H,-,A,D,0,,Y,,,Y,,L,04,1,0,0,0,0,0,1,0,0,"- ","- ",38.579261779785156,-121.54868316650391,YOLO,"WEST SACRAMENTO",-121.54904174804688,38.579250335693359
9594505,2023,2023-06-27,5701,2023-04-28,1609,252,4,5,5,5,5701,0,0,0,,0,002,"E ST","4TH ST",110.00,S,N,A,-,N,,,,,,,,,,N,2,0,1,2,A,-,09,21804,A,N,G,B,D,A,H,-,A,D,0,Y,,,,Y,,A,07,1,0,0,0,1,0,0,0,0,"- ","- ",38.545818328857422,-121.74179077148438,YOLO,DAVIS,-121.74173736572266,38.545524597167969
9624045,2023,2023-10-04,5703,2023-04-08,1628,2865,22,6,5,4,5703,0,0,0,,0,002,"COLLEGE ST","COURT ST",0.00,,Y,A,-,N,,,,,,,,,,Y,1,2,9,3,A,-,12,21453,A,N,D,C,A,A,H,-,A,A,0,,,,,Y,,A,07,5,4,0,0,0,0,0,0,0,"- ","- ",38.678779602050781,-121.77469635009766,YOLO,WOODLAND,-121.77469635009766,38.678760528564453
9635942,2023,2024-02-17,5701,2023-12-11,1336,237,2,1,5,5,5701,0,0,0,,0,001,"ANDERSON RD","SYCAMORE LN",163.00,S,N,A,-,N,,,,,,,,,,Y,2,0,1,2,A,-,08,22103,,N,D,C,A,A,H,-,A,D,0,,,Y,,Y,,A,01,1,0,0,0,0,0,0,0,1,"- ","- ",38.546379089355469,-121.75882720947266,YOLO,DAVIS,,
9677517,2024,2024-08-02,5701,2024-05-06,2229,1055,YOLO,1,5,5,5701,0,0,0,,0,UCD,"OLD DAVIS RD","HUTCHISON DR",0.00,,Y,A,-,N,,,,,,,,,,N,2,0,2,1,A,-,03,22350,,N,F,A,A,A,G,-,C,A,0,,,Y,,Y,,C,03,1,1,0,0,0,0,0,0,2,"- ","- ",38.540149688720703,-121.74571990966797,YOLO,DAVIS,,
9680344,2024,2024-04-29,5701,2024-03-14,1834,221,4,4,5,5,5701,0,0,0,,0,002,"4TH ST","F ST",40.00,W,N,A,-,N,,,,,,,,,,N,2,0,1,2,A,-,03,22350,,N,G,B,D,A,H,-,A,D,0,Y,,,,Y,,A,01,1,0,0,0,1,0,0,0,0,"- ","- ",38.546009063720703,-121.74070739746094,YOLO,DAVIS,-121.74083709716797,38.546005249023438
9689671,2024,2024-09-16,5701,2024-04-10,1315,1039,UCDPD,3,5,5,5701,0,0,0,,0,UCDPD,"WEST QUAD","NORTH QUAD",490.00,S,N,A,-,N,,,,,,,,,,N,2,0,1,2,A,-,08,22107,,N,H,A,A,A,H,-,A,D,0,,Y,,,Y,,L,04,1,0,0,0,0,0,1,0,0,"- ","- ",38.541568756103516,-121.75038909912109,YOLO,DAVIS,-121.75043487548828,38.541557312011719
9780520,2025,2025-03-19,5701,2025-02-21,1819,221,DAVIS,5,5,5,5701,0,0,0,,0,007,"2ND ST","FARADAY AV",1860.00,E,N,A,-,N,,,,,,,,,,N,2,0,1,1,A,-,03,22350,,N,H,G,A,A,H,-,C,D,0,,Y,,,Y,Y,L,04,1,0,0,0,0,0,1,0,0,"- ","- ",38.555419921875,-121.69718170166016,YOLO,DAVIS,-121.69968414306641,38.552597045898438